month_end,trade_date,next_trade_date,D10,LS,turnover_D10,turnover_LS,turnover_LS_reconst,turnover_LS_reweight,ls_gross_long,ls_gross_short,CDI,BOVA11,LS_pre_overlay,beta_est,hedge_ratio,vt_scale,LS_vt,LS_pre_vt,LS_carry,LS_borrow_cost,LS_financing_net,LS_net
2011-01-31,2011-02-01,2011-03-01,-0.004759961632255721,0.011505620078968973,0.0,3.885780586188048e-16,0.0,3.885780586188048e-16,0.5,0.49999999999999983,0.008425009434362085,-0.0011961722488037507,0.011505620078968973,0.0,0.0,1.0,0.011505620078968973,0.011505620078968973,0.004212504717181041,0.0032170150550017143,0.0009954896621793266,0.012501109741148299
2011-02-28,2011-03-01,2011-04-01,0.0670981429599587,0.031755924687489966,0.15686274509803919,0.23616946778711503,0.14189425770308126,0.09427521008403382,0.5,0.5,0.009206833909138457,0.017964071856287456,0.031755924687489966,0.0,0.0,1.0,0.031755924687489966,0.031755924687489966,0.004603416954569228,0.003217015055001715,0.0013864018995675131,0.03314232658705748
2011-03-31,2011-04-01,2011-05-02,0.029065830359958977,0.03707578655607918,0.1874999999999999,0.26399886877828055,0.1832814856711916,0.08071738310708895,0.5,0.5,0.008396233613529702,-0.03676470588235292,0.03707578655607918,0.0,0.0,1.0,0.03707578655607918,0.03707578655607918,0.004198116806764851,0.003217015055001715,0.000981101751763136,0.03805688830784232
2011-04-29,2011-05-02,2011-06-01,0.0037583872747408193,0.021591306396215846,0.2580645161290322,0.35745967741935497,0.25428539426523294,0.10317428315412198,0.5,0.5,0.009853034390991944,-0.029312977099236637,0.021591306396215846,0.0,0.0,1.0,0.021591306396215846,0.021591306396215846,0.004926517195495972,0.003217015055001715,0.0017095021404942568,0.023300808536710103
2011-05-31,2011-06-01,2011-07-01,-0.026078463381996247,-0.0006074326967734585,0.23529411764705876,0.2699171919416638,0.17552218514398718,0.09439500679767669,0.4999999999999998,0.49999999999999983,0.009535252207044431,-0.0301981755268953,-0.0006074326967734585,0.0,0.0,1.0,-0.0006074326967734585,-0.0006074326967734585,0.004767626103522214,0.0032170150550017143,0.0015506110485204996,0.0009431783517470411
2011-06-30,2011-07-01,2011-08-01,-0.036281289570933274,0.023025367177825478,0.1875,0.23857758620689698,0.19377836043575758,0.04479922577113941,0.5000000000000003,0.49999999999999994,0.009675260632866944,-0.05124878365228669,0.023025367177825478,0.0,0.0,1.0,0.023025367177825478,0.023025367177825478,0.004837630316433471,0.0032170150550017147,0.0016206152614317566,0.024645982439257235
2011-07-29,2011-08-01,2011-09-01,0.007480925428521802,0.015161923004853778,0.20833333333333312,0.26982990359658876,0.20039114227448487,0.06943876132210386,0.49999999999999983,0.5,0.010704896208957981,-0.029401709401709386,0.015161923004853778,0.009254131091119963,0.0,1.0,0.015161923004853778,0.015161923004853778,0.005352448104478991,0.003217015055001715,0.0021354330494772755,0.017297356054331053
2011-08-31,2011-09-01,2011-10-03,-0.07207858005318378,0.012675188323141254,0.20202020202020202,0.3273381860075409,0.21902423169224242,0.10831395431529843,0.49999999999999983,0.5,0.009398254167376052,-0.09915463191264529,0.012675188323141254,0.009788603791217154,0.0,1.0,0.012675188323141254,0.012675188323141254,0.004699127083688026,0.003217015055001715,0.001482112028686311,0.014157300351827565
2011-09-30,2011-10-03,2011-11-01,0.04569136470185616,-0.003955802295326187,0.20833333333333334,0.2927795863140691,0.17171785829113415,0.12106172802293495,0.5000000000000001,0.49999999999999983,0.008789482465142662,0.08856304985337249,-0.003955802295326187,0.033990262609078635,0.0,1.0,-0.003955802295326187,-0.003955802295326187,0.004394741232571329,0.0032170150550017143,0.0011777261775696149,-0.002778076117756572
2011-10-31,2011-11-01,2011-12-01,0.043380725907258666,0.029598876060981282,0.22916666666666666,0.280726600985222,0.18031700419631455,0.10040959678890743,0.49999999999999983,0.5000000000000001,0.008567424211848751,0.025502873563218342,0.029598876060981282,-0.05386232650814574,0.0,1.0,0.029598876060981282,0.029598876060981282,0.004283712105924376,0.003217015055001716,0.0010666970509226603,0.030665573111903942
2011-11-30,2011-12-01,2012-01-02,-0.01804483380465156,0.00016759909931446325,0.2626262626262625,0.34772003185981654,0.24458880923934698,0.10313122262046955,0.5000000000000001,0.4999999999999997,0.009047373489255106,-0.010332749562171673,0.00016759909931446325,-0.03177754032437593,0.0,1.0,0.00016759909931446325,0.00016759909931446325,0.0045236867446275504,0.0032170150550017134,0.001306671689625837,0.0014742707889403002
2011-12-29,2012-01-02,2012-02-01,0.06426835900567761,-0.031021648343734397,0.18749999999999992,0.2647465437788017,0.18990413608693177,0.07484240769186995,0.5000000000000001,0.49999999999999983,0.00883164575843809,0.10953813484339059,-0.017635763114789323,-0.02916570143677627,0.0,1.7590193371172973,-0.031021648343734397,-0.017635763114789323,0.007767517833831276,0.00565879168954548,0.002108726144285796,-0.0289129221994486
2012-01-31,2012-02-01,2012-03-01,0.09838061122514329,0.014512058984748683,0.14141414141414152,0.30603525522185165,0.19828412808575954,0.10775112713609208,0.5000000000000001,0.49999999999999994,0.007414836145679615,0.0389154704944179,0.007935030756787673,-0.08175147916147817,0.0,1.8288598279641173,0.014512058984748683,0.007935030756787673,0.006780347978884869,0.005883469600048412,0.0008968783788364573,0.01540893736358514
2012-02-29,2012-03-01,2012-04-02,0.045358239148853036,0.0723995187614037,0.2222222222222221,0.2606411335578002,0.18618137263970594,0.07445976091809424,0.49999999999999983,0.49999999999999983,0.008054920154665135,-0.032238256063862436,0.04305802366327324,-0.07922180545264132,0.0,1.681440823378003,0.0723995187614037,0.04305802366327324,0.006771935788552105,0.005409220442901513,0.001362715345650592,0.07376223410705429
2012-03-30,2012-04-02,2012-05-02,0.020114489317481523,0.0772985845206782,0.26666666666666655,0.3325734100900954,0.22548237049071318,0.10709103959938222,0.5000000000000001,0.5,0.006971980611159889,-0.037753807106599035,0.05516010452447042,-0.11897523137187384,0.11897523137187384,1.5255796760806688,0.0772985845206782,0.0506683365887937,0.0053181559612070035,0.0049078127855561515,0.000410343175650852,0.07770892769632905
2012-04-30,2012-05-02,2012-06-01,-0.09534440640224745,0.01976584004933411,0.2777777777777776,0.40954844006568125,0.25974955993804705,0.14979888012763423,0.5,0.4999999999999997,0.0073093626688405244,-0.13748763600395641,0.034430732087356884,-0.15918116881100033,0.15918116881100033,1.5755587037845165,0.01976584004933411,0.012545289491185732,0.005758164986004652,0.005068596070113774,0.0006895689158908777,0.020455408965224988
2012-05-31,2012-06-01,2012-07-02,0.03166931844025376,0.03198495712508611,0.2424242424242423,0.3300860810271295,0.21538706766017499,0.11469901336695454,0.5000000000000001,0.5,0.006386582234745086,0.020451070336391375,0.01641219528826394,-0.09154130745751557,0.15918116881100033,1.6262748721813467,0.03198495712508611,0.019667620567846697,0.0051931691037428625,0.0052317507473783826,-3.858164363552009e-05,0.03194637548145059
2012-06-29,2012-07-02,2012-08-01,0.010743662912463849,-0.025363199169113438,0.20952380952380953,0.3128358511385338,0.22327848871527226,0.0895573624232615,0.5,0.5000000000000001,0.0067345607664746066,0.05206967596928269,-0.024976471321788984,-0.09156043902731605,0.15918116881100033,1.519850240419994,-0.025363199169113438,-0.01668795944138851,0.005117761900024747,0.0048893811047790985,0.00022838079524564823,-0.02513481837386779
2012-07-31,2012-08-01,2012-09-03,0.008862171275332594,-0.04540117944957157,0.3148148148148148,0.31460357847929044,0.22134357627838955,0.0932600022009009,0.5,0.5000000000000001,0.006849965314555062,0.004094712479971507,-0.034644549060517484,-0.13655004712618068,0.13655004712618068,1.3319825585091398,-0.04540117944957157,-0.034085415878409214,0.0045620171626899585,0.004285007943723607,0.00027700921896635193,-0.045124170230605214
2012-08-31,2012-09-03,2012-10-01,0.009646829981642355,-0.0206886346737478,0.28282828282828265,0.27743476830289,0.18740898526240082,0.09002578304048915,0.49999999999999994,0.5000000000000001,0.005369965266185606,0.03280141843971629,-0.020531511984673487,-0.14430941927989455,0.14430941927989455,1.3095764801377878,-0.0206886346737478,-0.015797958338081206,0.003516190105876763,0.004212927252279419,-0.0006967371464026558,-0.021385371820150458
2012-09-28,2012-10-01,2012-11-01,0.0064799505660064,0.04434882480886822,0.2828282828282828,0.3206319143819146,0.21077777985105575,0.1098541345308588,0.49999999999999983,0.5,0.006063543747743205,-0.030214592274678043,0.03860385424333072,-0.15712257514277211,0.15712257514277211,1.3099073324305053,0.04434882480886822,0.03385645969824439,0.003971340207840985,0.004213991609086072,-0.0002426514012450866,0.04410617340762313
2012-10-31,2012-11-01,2012-12-03,0.016345859686263512,0.008706412210007631,0.27027027027027023,0.3259893822393822,0.20672240898533997,0.11926697325404223,0.49999999999999983,0.5,0.005443435742476632,0.0070808992742077415,0.0051574554324837745,-0.18927584493683064,0.18927584493683064,1.339922442048956,0.008706412210007631,0.006497698625522036,0.0036468908565979305,0.004310550668606155,-0.0006636598120082242,0.008042752397999408
2012-11-30,2012-12-03,2013-01-02,0.05651168870026391,0.0009307538016047062,0.28828828828828823,0.3442691827772475,0.23292471619084534,0.11134446658640212,0.5000000000000001,0.5,0.005336783593778316,0.06890490420108986,-0.012313130887112727,-0.1886104076090857,0.1886104076090857,1.362641377614429,0.0009307538016047062,0.0006830511805198322,0.0036360610741280838,0.004383637826353895,-0.0007475767522258114,0.00018317704937889482
2012-12-28,2013-01-02,2013-02-01,0.018074957920454677,0.029953284461107496,0.2407407407407407,0.2813379556026616,0.20384102081208347,0.07749693479057818,0.5000000000000001,0.4999999999999998,0.005867469311010121,-0.034862687058049735,0.02758685550495769,-0.17169806500017948,0.17169806500017948,1.3866619610567472,0.029953284461107496,0.02160099959638375,0.004068098250622786,0.004460912404917756,-0.00039281415429497004,0.029560470306812525
2013-01-31,2013-02-01,2013-03-01,-0.0010852171448566602,0.01867231492637361,0.2393162393162395,0.3104142280612872,0.2253051532463298,0.08510907481495743,0.5000000000000001,0.5000000000000001,0.004816879234908811,-0.05213835406372458,0.022871885050443335,-0.18583242565496294,0.18583242565496294,1.4164054628377707,0.01867231492637361,0.013182888245124102,0.003411327031077331,0.004556597697935781,-0.0011452706668584503,0.017527044259515158
2013-02-28,2013-03-01,2013-04-01,-0.0036285722114843713,0.03664634666351831,0.17094017094017092,0.23590283750711616,0.15913245993459899,0.07677037757251719,0.49999999999999983,0.49999999999999994,0.005378582620114258,-0.013122415962610212,0.027862927267170223,-0.17476376108562994,0.17476376108562994,1.4331995891814024,0.03664634666351831,0.025569604499014353,0.0038542912007629927,0.004610624655218844,-0.0007563334544558515,0.03589001320906246
2013-03-28,2013-04-01,2013-05-02,-0.006790754777881961,0.01040466431299199,0.21666666666666665,0.23241577233748067,0.15622205586895718,0.07619371646852348,0.4999999999999997,0.4999999999999998,0.006016252919069931,-0.012750455373406133,0.009403552009998107,-0.1783835004471288,0.1783835004471288,1.459467790688047,0.01040466431299199,0.0071290811481950185,0.004390263678007751,0.004695129854933537,-0.0003048661769257865,0.010099798136066204
2013-04-30,2013-05-02,2013-06-03,-0.03538060106182319,-0.013010045315726653,0.13333333333333333,0.24787776498302858,0.18449792331371276,0.0633798416693158,0.5000000000000001,0.5,0.00586678014293307,-0.030996309963099655,-0.003449416170526175,-0.17698293864012793,0.17698293864012793,1.4560385359909345,-0.013010045315726653,-0.008935234194795827,0.004271128985148477,0.004684097890945493,-0.00041296890579701605,-0.013423014221523668
2013-05-31,2013-06-03,2013-07-01,-0.10558904497717236,-0.009353182601169572,0.18803418803418812,0.3094430066057087,0.21634965729211927,0.09309334931358942,0.5000000000000001,0.4999999999999997,0.005919441025405314,-0.11462300076161469,0.010013616494807094,-0.14320667166707887,0.14320667166707887,1.461169501370836,-0.009353182601169572,-0.006401161940756791,0.004324653345742773,0.004700604283819325,-0.0003759509380765521,-0.009729133539246124
2013-06-28,2013-07-01,2013-08-01,0.04321435549092245,0.03918596121906504,0.2500000000000001,0.2887548288609165,0.20174705381370026,0.0870077750472163,0.49999999999999994,0.49999999999999994,0.0071068152139550644,0.030322580645161246,0.022290379226484122,-0.05448528622747128,0.14320667166707887,1.4713435271285547,0.03918596121906504,0.02663277507703425,0.005228283281775758,0.004733334277851884,0.000494949003923874,0.03968091022298892
2013-07-31,2013-08-01,2013-09-02,-0.0235483834199376,-0.016099849671826434,0.19999999999999996,0.267502320133899,0.17438750948937706,0.09311481064452194,0.5,0.49999999999999983,0.0069759345084061675,0.06073888541014405,-0.01969168049745909,-0.017492812141192467,0.14320667166707887,1.4644924892034803,-0.016099849671826434,-0.010993466877104265,0.005108101846368101,0.004711294385704531,0.0003968074606635697,-0.015703042211162865
2013-08-30,2013-09-02,2013-10-01,0.03762320946543043,0.00578443224232923,0.2905982905982906,0.294452347083926,0.22514892158854996,0.06930342549537595,0.49999999999999983,0.4999999999999996,0.006991089252236904,0.010035419126328105,0.0024562345458486487,-0.07655179924043518,0.14320667166707887,1.485712124976185,0.00578443224232923,0.003893373517714241,0.005193373034419526,0.004779558273446974,0.00041381476097255166,0.006198247003301782
2013-09-30,2013-10-01,2013-11-01,0.026872426211085303,0.050145105095910636,0.23931623931623922,0.3149387777870752,0.2172063704571444,0.09773240732993078,0.49999999999999983,0.49999999999999994,0.008056071351680183,0.03623611922852121,0.028771166343064414,-0.0770614114243499,0.14320667166707887,1.4765749230060803,0.050145105095910636,0.033960420371912374,0.005947696467919327,0.004750163757148558,0.001197532710770769,0.051342637806681406
2013-10-31,2013-11-01,2013-12-02,-0.005021876705466939,0.03505318970189328,0.21052631578947353,0.2765091475617793,0.20277428650832288,0.07373486105345639,0.5000000000000001,0.5,0.007121615167924977,-0.05433352133859748,0.03129498046542905,-0.03855941423084871,0.14320667166707887,1.4907333360912824,0.03505318970189328,0.023514057714576295,0.00530821456881954,0.004795711585198587,0.0005125029836209535,0.03556569268551423
2013-11-29,2013-12-02,2014-01-02,-0.008863445868006357,-0.023376990805530268,0.1801801801801803,0.23074644400592517,0.13939676836537626,0.09134967564054892,0.5,0.5000000000000001,0.007803801225700457,-0.001391650099403563,-0.015705331683300097,-0.07191332607142525,0.14320667166707887,1.4698234268459724,-0.023376990805530268,-0.01590462526216084,0.005735104929991924,0.004728444092357707,0.0010066608376342176,-0.02237032996789605
2013-12-30,2014-01-02,2014-02-03,-0.07738349347988209,-0.04598435044458728,0.16666666666666674,0.25441950409055686,0.16244472397409387,0.09197478011646303,0.5,0.49999999999999983,0.0084159347753745,-0.08023093768664136,-0.021472658330500747,-0.07775928743815648,0.14320667166707887,1.3950604427576418,-0.04598435044458728,-0.032962263881333456,0.005870368846976691,0.004487930446988691,0.001382438399988,-0.044601912044599276
2014-01-31,2014-02-03,2014-03-05,0.0019887107017861603,0.025078738986333535,0.12612612612612614,0.24208793456198316,0.16617215331826837,0.07591578124371477,0.4999999999999998,0.5,0.007836869701381088,-0.0021645021645021467,0.018325599778891144,0.02448447963006214,0.14320667166707887,1.3920546156919291,0.025078738986333535,0.018015628628096605,0.005454675320191887,0.0044782606560655625,0.0009764146641263243,0.02605515365045986
2014-02-28,2014-03-05,2014-04-01,0.06634181479079616,0.052567862832462585,0.19298245614035084,0.2621573055009589,0.1709130148686517,0.09124429063230721,0.49999999999999983,0.5,0.007599483935512019,0.0661605206073752,0.028687808300780545,0.03595493183954904,0.14320667166707887,1.377476597257609,0.052567862832462585,0.03816243625272393,0.00523405563620148,0.004431362951290263,0.000802692684911217,0.053370555517373804
2014-03-31,2014-04-01,2014-05-02,0.0023073746157998482,0.0444840529043152,0.2833333333333334,0.3782945625050889,0.2689091860144492,0.1093853764906398,0.5000000000000001,0.4999999999999996,0.008163585883203206,0.023194303153611484,0.028710891448220952,0.07889414245876995,0.14320667166707887,1.3887175213961702,0.0444840529043152,0.03203247040448688,0.005668457376713356,0.004467525173476142,0.0012009322032372136,0.045684985107552416
2014-04-30,2014-05-02,2014-06-02,0.031403106557649975,0.00297840795734145,0.2735042735042737,0.2696111888068593,0.17456438260680726,0.09504680620005206,0.5,0.5,0.00858300624253161,-0.004971167230065632,0.002850483164427764,0.09126358351532048,0.14320667166707887,1.3927042979014252,0.00297840795734145,0.002138578851109613,0.005976794841444268,0.004480350693514479,0.0014964441479297895,0.004474852105271239
2014-05-30,2014-06-02,2014-07-01,0.0447023125115408,0.018471170587803228,0.22807017543859645,0.2366120463643686,0.17446070727804475,0.062151339086323885,0.5,0.5000000000000001,0.008174066222165877,0.04276578737010395,0.007098676650657876,0.095499386124521,0.14320667166707887,1.3968947174427424,0.018471170587803228,0.01322302272115246,0.005709154962885334,0.00449383133626567,0.001215323626619664,0.01968649421442289
2014-06-30,2014-07-01,2014-08-01,-0.014788785492341855,0.04966042541086043,0.24561403508771926,0.2618105721820893,0.17349954003398282,0.0883110321481065,0.5,0.5,0.009404271848245882,0.03583748562667677,0.0310271375726946,0.07197523601457578,0.14320667166707887,1.373378883974481,0.04966042541086043,0.036159304610207756,0.006457814187768279,0.004418180545967359,0.0020396336418009205,0.051700059052661354
2014-07-31,2014-08-01,2014-09-01,0.08927594188271538,0.02022259315590824,0.18803418803418806,0.2518063009936074,0.17847084424096807,0.07333545675263939,0.4999999999999998,0.5000000000000001,0.008595646498315013,0.11415356151711387,-0.0016248698720339849,0.09534413358242884,0.14320667166707887,1.3735672294173893,0.02022259315590824,0.01472268173177503,0.0059033491728709185,0.0044187864560927366,0.001484562716778182,0.021707155872686422
2014-08-29,2014-09-01,2014-10-01,-0.10702427416003119,-0.016974508850308337,0.11428571428571431,0.28809695868519414,0.19223066888508067,0.09586628980011347,0.5,0.5,0.009005837224223212,-0.13782796413151777,0.00718587423828482,-0.008652649983570402,0.14320667166707887,1.3523339420967244,-0.016974508850308337,-0.012552009767639368,0.0060894496776575996,0.00435047865111498,0.0017389710265426194,-0.015235537823765717
2014-09-30,2014-10-01,2014-11-03,0.020949947450088102,0.032682516242283285,0.170940170940171,0.3341798519068068,0.20080165625956103,0.13337819564724576,0.5,0.5000000000000001,0.009457012571264523,0.011748844375963019,0.022498330927137638,0.006081370394727446,0.14320667166707887,1.3515870859284973,0.032682516242283285,0.02418084382615378,0.006390988031392292,0.0043480760035778734,0.0020429120278144183,0.034725428270097704
2014-10-31,2014-11-03,2014-12-01,0.004321885370567632,0.025303482776583345,0.21621621621621603,0.3213428792569661,0.23250415311859354,0.08883872613837256,0.5000000000000001,0.49999999999999983,0.008378556738443788,-0.00019036740909950112,0.018565694166765127,0.00798921093058047,0.14320667166707887,1.3649203119948983,0.025303482776583345,0.0185384322837141,0.005718031138751824,0.004390969192565225,0.0013270619461865996,0.026630544722769944
2014-11-28,2014-12-01,2015-01-02,-0.07482124625667143,0.0029549061642045343,0.30476190476190473,0.4579527022829224,0.3038461021378549,0.15410660014506752,0.5,0.5,0.009576758362219717,-0.08358720487433358,0.01413272439016427,0.007684800898638659,0.14320667166707887,1.3664438744240248,0.0029549061642045343,0.0021624789861567264,0.006543051400447094,0.004395870515836961,0.002147180884610133,0.0051020870488146675
2014-12-30,2015-01-02,2015-02-02,-0.09301900057304684,0.015856947667594826,0.2564102564102564,0.3108406252100397,0.215753716699476,0.09508690851056367,0.5,0.5,0.009311727078445742,-0.042385206731768155,0.017380290383412336,0.005868052447074479,0.14320667166707887,1.4019736859525511,0.015856947667594826,0.011310445999434753,0.006527398167376379,0.004510170454425604,0.0020172277129507747,0.0178741753805456
2015-01-30,2015-02-02,2015-03-02,0.04045431054619584,-0.014046714643226437,0.2745098039215686,0.3486233497685087,0.23266788500274083,0.11595546476576783,0.5000000000000001,0.5000000000000001,0.008185605899158954,0.08461705359080063,-0.022277746861569327,0.003929641305689096,0.14320667166707887,1.3825478982148531,-0.014046714643226437,-0.010160020250555924,0.005658496115748659,0.004447677402818162,0.0012108187129304965,-0.012835895930295941
2015-02-27,2015-03-02,2015-04-01,0.014728513738616542,0.022632603859334348,0.3124999999999998,0.28532298794395583,0.19612002642916623,0.08920296151478958,0.4999999999999998,0.5,0.010379441597394568,0.0042008401680335705,0.015185943336343065,-0.06262474713014309,0.14320667166707887,1.4335745653740006,0.022632603859334348,0.015787531675012526,0.00743985173840487,0.0046118309592757005,0.0028280207791291697,0.02546062463846352
2015-03-31,2015-04-01,2015-05-04,0.05210497312232384,-0.003316314410179472,0.21568627450980385,0.2686848321928969,0.21624205767350935,0.05244277451938758,0.4999999999999997,0.5,0.009500851121819975,0.09960159362549792,-0.01643934444478429,-0.0620102594342847,0.14320667166707887,1.5242294654568782,-0.003316314410179472,-0.002175731728939794,0.007240738613398521,0.004903469137651994,0.0023372694757465276,-0.0009790449344329443
2015-04-30,2015-05-04,2015-06-01,-0.022548857317304546,0.004475506012148677,0.2708333333333331,0.3232221407624633,0.245106119393522,0.0781160213689413,0.49999999999999983,0.49999999999999994,0.009839156200071697,-0.07282608695652182,0.013365737377435233,-0.08446729485540996,0.14320667166707887,1.5240663671607668,0.004475506012148677,0.002936555853854477,0.007497763522885302,0.004902944447977958,0.002594819074907344,0.007070325087056021
2015-05-29,2015-06-01,2015-07-01,-0.00253396746048485,0.04324379197327559,0.23655913978494625,0.30205278592375384,0.21823069403714565,0.0838220918866082,0.5,0.4999999999999997,0.010676335957019667,0.008401719421649023,0.02750199140261235,-0.07516344268577252,0.14320667166707887,1.5064807640415663,0.04324379197327559,0.02870517367726736,0.008041847374847713,0.0048463712979922025,0.0031954760768555107,0.0464392680501311
2015-06-30,2015-07-01,2015-08-03,-0.010705883421962416,0.06052097341455551,0.22222222222222224,0.3039920899765175,0.23049066864417256,0.07350142133234493,0.5,0.5000000000000003,0.01179043542335334,-0.05250920364270495,0.04827014701588031,-0.0723606177003042,0.14320667166707887,1.4851598140741826,0.06052097341455551,0.04075047873031968,0.008755340440600556,0.004777781480960196,0.00397755895964036,0.06449853237419587
2015-07-31,2015-08-03,2015-09-01,-0.08842812239080305,0.009935680715673745,0.10752688172043005,0.2729695252220281,0.20350416296374774,0.06946536225828041,0.5,0.5000000000000001,0.011074878415799239,-0.09427402862985679,0.01968010070924305,-0.10872898766656106,0.14320667166707887,1.6078634045227505,0.009935680715673745,0.006179430844514354,0.008903445857151247,0.005172520778736003,0.0037309250784152443,0.013666605794088989
2015-08-31,2015-09-01,2015-10-01,-0.005226516245978104,0.021120342097991716,0.1458333333333333,0.2992097701149421,0.19479007024265646,0.10441969987228565,0.5000000000000001,0.49999999999999983,0.011074875956177843,-0.015353352901332107,0.014907471912079652,-0.08015394036713701,0.14320667166707887,1.6618715413002605,0.021120342097991716,0.012708769344149792,0.009202510587501232,0.0053462657678418415,0.0038562448196593907,0.024976586917651106
2015-09-30,2015-10-01,2015-11-03,0.04447774499341527,0.005852127413359065,0.17647058823529405,0.2949151882975413,0.17591872860255212,0.11899645969498916,0.5,0.5,0.011077686139502774,0.03187342352671396,-0.0011206846040643446,-0.08059325720026925,0.14320667166707887,1.6993215388238987,0.005852127413359065,0.0034438022938315287,0.009412275328594014,0.005466742973685164,0.00394553235490885,0.009797659768267915
2015-10-30,2015-11-03,2015-12-01,-0.015630162059685215,0.027227956284067704,0.1720430107526882,0.2592059756077781,0.17627792576914966,0.08292804983862849,0.4999999999999997,0.49999999999999994,0.01055176109653888,-0.022222222222222254,0.019212346891404802,-0.09463810387681798,0.14320667166707887,1.6985649627798496,0.027227956284067704,0.016029976409914156,0.008961425847102213,0.005464309057161203,0.00349711678994101,0.030725073074008714
2015-11-30,2015-12-01,2016-01-04,-0.05458306219957673,-0.03512958693224131,0.16666666666666655,0.3048550016291952,0.21578397836400018,0.089071023265195,0.5000000000000001,0.5,0.011613030888727227,-0.06818181818181823,-0.01185858080608961,-0.09577980933046883,0.14320667166707887,1.6246644651997142,-0.03512958693224131,-0.021622672056117724,0.00943363930909089,0.005226570043873791,0.0042070692652171,-0.03092251766702421
2015-12-30,2016-01-04,2016-02-01,-0.033167387725242636,0.06030878201974802,0.2156862745098039,0.2756026490572117,0.1973011654785701,0.07830148357864164,0.4999999999999998,0.49999999999999983,0.010548946427317851,-0.04390243902439017,0.04447103280942553,-0.030074247443994007,0.14320667166707887,1.5794291629905095,0.06030878201974802,0.03818391063867573,0.008330656813065178,0.005081047395649225,0.003249609417415953,0.06355839143716398
2016-01-29,2016-02-01,2016-03-01,0.05811171661722792,-0.005574333610298132,0.19354838709677422,0.29141220635473547,0.20838416585543018,0.08302804049930523,0.5,0.4999999999999998,0.0100148561151443,0.07168367346938753,-0.013823704465506704,-0.05538178177065405,0.14320667166707887,1.5666495422868014,-0.005574333610298132,-0.00355812417508603,0.007844884874429492,0.005039935163448184,0.002804949710981308,-0.0027693838993168244
2016-02-29,2016-03-01,2016-04-01,0.050528156862380574,-0.07033049283443189,0.1505376344086021,0.3009465494680552,0.206432334374714,0.09451421509334124,0.5000000000000001,0.4999999999999998,0.011605298957283905,0.14544156153296828,-0.07163777310897067,-0.10389764101529912,0.14320667166707887,1.3841977255284514,-0.07033049283443189,-0.05080957115977163,0.00803201421037504,0.004452984922124158,0.0035790292882508824,-0.06675146354618101
2016-03-31,2016-04-01,2016-05-02,0.07570639932347838,0.029687949478431626,0.2020202020202019,0.2958251672934657,0.1821093904241846,0.11371577686928114,0.5,0.4999999999999997,0.010544726459726705,0.08790523690773067,0.003890682467290024,-0.20110517815299542,0.20110517815299542,1.3764251265026881,0.029687949478431626,0.021568880796200465,0.007257013225632783,0.004427980354041786,0.002829032871590997,0.03251698235002262
2016-04-29,2016-05-02,2016-06-01,-0.030971130021882,-0.0025816813467962095,0.15555555555555553,0.2691578605858363,0.18021045925778031,0.08894740132805595,0.49999999999999983,0.4999999999999998,0.011074872042450057,-0.10143266475644708,0.015181252737687535,-0.1680398230599741,0.1680398230599741,1.385412906483774,-0.0025816813467962095,-0.0018634743004875033,0.007671635332633308,0.004456894177551982,0.0032147411550813255,0.000633059808285116
2016-05-31,2016-06-01,2016-07-01,0.04093286233804644,-0.05858562440356921,0.2365591397849461,0.3280514504652436,0.23374289211214494,0.09430855835309866,0.5000000000000001,0.5000000000000001,0.01160529755575812,0.06462585034013602,-0.0542435185623838,-0.12890774045223086,0.12890774045223086,1.2760209141606889,-0.05858562440356921,-0.04591274622023283,0.007404301198102644,0.004104978491351988,0.0032993227067506558,-0.05528630169681855
2016-06-30,2016-07-01,2016-08-01,0.10403888263931883,-0.060377310149159244,0.21505376344086022,0.346739977971166,0.2401921661323039,0.10654781183886212,0.5,0.49999999999999983,0.011074869886563032,0.11122204472843444,-0.0683958805434997,-0.15616065387554182,0.15616065387554182,1.1832337474714507,-0.060377310149159244,-0.05102737331333261,0.006552079899318346,0.003806480779201753,0.002745599120116593,-0.05763171102904265
2016-07-29,2016-08-01,2016-09-01,-0.011002280257028254,-0.02946230782935736,0.19999999999999998,0.31603185335436856,0.23094361627154059,0.08508823708282798,0.49999999999999994,0.5000000000000001,0.012136000032068273,0.016172506738544534,-0.028338597093913676,-0.18801788252062063,0.18801788252062063,1.1646158398872561,-0.02946230782935736,-0.025297876621882064,0.007066888935109481,0.0037465866902107706,0.00332030224489871,-0.02614200558445865
2016-08-31,2016-09-01,2016-10-03,0.013822900622109896,0.02033573632789043,0.20689655172413793,0.2718630268199233,0.18959796722009367,0.08226505959982963,0.5000000000000002,0.5,0.011074869449589686,0.007780725022104473,0.01609422332885507,-0.18336174093949922,0.18336174093949922,1.1606552179344147,0.02033573632789043,0.01752091061467967,0.006427052507304355,0.003733845309761309,0.0026932071975430457,0.023028943525433478
2016-09-30,2016-10-03,2016-11-01,0.08011487174170477,0.02101083057009268,0.2580645161290322,0.3627031210457235,0.2490880029348698,0.11361511811085374,0.49999999999999983,0.4999999999999997,0.010465588241214796,0.10545709773644485,-0.00310815490896643,-0.19847322432882072,0.19847322432882072,1.178909751206905,0.02101083057009268,0.01782225530714536,0.00616899201484222,0.003792570418120938,0.0023764215967212823,0.023387252166813963
2016-10-31,2016-11-01,2016-12-01,-0.08324151493010888,-0.013210639262696219,0.2580645161290321,0.3954983087676822,0.23726304327272993,0.1582352654949523,0.5,0.5000000000000001,0.0103600668732724,-0.058730158730158744,-0.0031277276893553366,-0.13704152028641756,0.13704152028641756,1.1820334023548167,-0.013210639262696219,-0.01117619792839891,0.006122972547418802,0.003802619250890346,0.002320353296528456,-0.010890285966167763
2016-11-30,2016-12-01,2017-01-02,-0.026894374276770352,-0.014396402971658106,0.26262626262626243,0.38811479490242906,0.23416716447630417,0.1539476304261249,0.4999999999999996,0.4999999999999996,0.011217621631425923,-0.022091062394603678,-0.009111990837253598,-0.10798507556521857,0.13704152028641756,1.1859253674768246,-0.014396402971658106,-0.012139383612552195,0.006651631027732377,0.0038151397612813834,0.0028364912664509937,-0.011559911705207112
2016-12-29,2017-01-02,2017-02-01,0.19979423563559992,0.08508369741110633,0.25490196078431365,0.31648249939406803,0.20147357292935708,0.11500892646471093,0.5,0.49999999999999983,0.010819091947400938,0.08639420589756841,0.06605861218327476,-0.10168135290305769,0.13704152028641756,1.0922420723462747,0.08508369741110633,0.07789820550341532,0.005908533704767045,0.0035137591904442367,0.002394774514322808,0.08747847192542914
2017-01-31,2017-02-01,2017-03-01,0.08169433538580667,0.03650046253025638,0.2150537634408601,0.3293886445096123,0.2112905351816643,0.11809810932794797,0.5,0.49999999999999983,0.008611440762927636,0.03365079365079371,0.029201791935144845,0.02065906642879584,0.13704152028641756,1.0794690512697587,0.03650046253025638,0.03381334785589414,0.004647891895211609,0.0034726681893432307,0.0011752237058683785,0.03767568623612476
2017-02-24,2017-03-01,2017-04-03,-0.0551259909901344,-0.01324158498744542,0.23529411764705874,0.290150334327279,0.19356352802522567,0.09658680630205334,0.5000000000000001,0.49999999999999983,0.010504155058322473,-0.03716216216216217,-0.007025070473287501,0.02334031939846526,0.13704152028641756,1.0927356915089765,-0.01324158498744542,-0.012117829673120587,0.005739132570686758,0.003515347170722086,0.0022237853999646723,-0.011017799587480746
2017-03-31,2017-04-03,2017-05-02,0.03512661981182464,0.014818945976281627,0.2352941176470588,0.43064257126654865,0.27625069622666354,0.15439187503988508,0.5,0.4999999999999996,0.007817125697231697,0.0121212121212122,0.011726733028626408,0.0449615167550451,0.13704152028641756,1.1068957619747133,0.014818945976281627,0.01338784236543148,0.004326371652544692,0.003560900330590245,0.0007654713219544468,0.015584417298236074
2017-04-28,2017-05-02,2017-06-01,-0.03726388578482315,-0.020303374108693813,0.1935483870967741,0.31077740699542744,0.18997203683104683,0.12080537016438057,0.4999999999999998,0.49999999999999983,0.009219711362202343,-0.04034037188780337,-0.013031884115237818,0.044334463078518835,0.13704152028641756,1.0939205956572833,-0.020303374108693813,-0.018560190007661855,0.005042816072564303,0.003519159025205923,0.0015236570473583801,-0.018779717061335435
2017-05-31,2017-06-01,2017-07-03,0.0010656073001035747,0.004141986335698491,0.2156862745098039,0.2867653874675568,0.2210202142592298,0.06574517320832701,0.5,0.5000000000000001,0.008080987710124887,0.0064039408866995995,0.0029037585134650858,0.07044227317022722,0.13704152028641756,1.0953682316444326,0.004141986335698491,0.0037813643084027475,0.004425828608989947,0.0035238160919707465,0.0009020125170192002,0.005043998852717691
2017-06-30,2017-07-03,2017-08-01,0.08135137361369534,0.03006256677160994,0.16666666666666666,0.3478453893776474,0.2288157108721625,0.11902967850548495,0.49999999999999983,0.5,0.00793505064361355,0.04454233969652477,0.021067418247761444,0.07036092480944697,0.13704152028641756,1.106397928664783,0.03006256677160994,0.027171568196887246,0.0043896617979720925,0.0035592987933373206,0.0008303630046347719,0.030892929776244714
2017-07-31,2017-08-01,2017-09-01,0.10894839605869655,0.03526168838858143,0.32323232323232304,0.4246348857235949,0.27487687898894214,0.1497580067346528,0.5000000000000003,0.4999999999999997,0.00801452050194662,0.07747578881599515,0.021686775537859488,0.09048044318576173,0.13704152028641756,1.0915520339801064,0.03526168838858143,0.03230417542259289,0.004374133077637545,0.003511539326631744,0.0008625937510058014,0.03612428213958723
2017-08-31,2017-09-01,2017-10-02,0.031420141364772954,-0.008832681044444223,0.2916666666666667,0.5113925907691156,0.3469544825606075,0.16443810820850815,0.5000000000000001,0.4999999999999998,0.006340428944008547,0.037982023775007034,-0.01327385749620654,0.09757442850677518,0.13704152028641756,1.094678664273802,-0.008832681044444223,-0.008068743214524719,0.0034703661436751134,0.0035215977433579876,-5.123159968287421e-05,-0.008883912644127096
2017-09-29,2017-10-02,2017-11-01,-0.002978470939878394,0.003481498823802608,0.29411764705882354,0.3427453660875411,0.21773082672946573,0.1250145393580754,0.49999999999999983,0.5,0.006403700615894792,0.01131284916201114,0.0016062409652187382,0.08384932060317962,0.13704152028641756,1.102936955733657,0.003481498823802608,0.00315657101315167,0.003531439031362373,0.003548164791312935,-1.6725759950561667e-05,0.0034647730638520465
2017-10-31,2017-11-01,2017-12-01,-0.045801593839010335,-0.005381700012847621,0.3030303030303028,0.3176502419149478,0.24220267530277015,0.07544756661217762,0.4999999999999997,0.5,0.005674522127418591,-0.05040740229250096,0.002040018873198599,0.08450642478461269,0.13704152028641756,1.1055512830574592,-0.005381700012847621,-0.004867888170654781,0.003136737609352783,0.0035565751216723087,-0.0004198375123195255,-0.005801537525167147
2017-11-30,2017-12-01,2018-01-02,0.09373985021004246,0.025449273647822495,0.3333333333333333,0.333350309820898,0.19748238201585064,0.1358679278050474,0.5000000000000001,0.5000000000000001,0.005357961454301119,0.07620709714950546,0.012743559841911356,0.05438435745233245,0.13704152028641756,1.0975619080306747,0.025449273647822495,0.023187096291894305,0.002940347198468773,0.003530873181931089,-0.0005905259834623161,0.02485874766436018
2017-12-28,2018-01-02,2018-02-01,0.07307324530907477,0.03527484507569182,0.3047619047619048,0.36813530967942737,0.2456740275940941,0.1224612820853333,0.5000000000000001,0.5000000000000001,0.005833860500798371,0.10837837837837827,0.017763982550222598,0.05788402212358593,0.13704152028641756,1.0815090348246894,0.03527484507569182,0.03261632028937216,0.0031546864197601636,0.003479230847151401,-0.0003245444273912374,0.034950300648300583
2018-01-31,2018-02-01,2018-03-01,0.004051379983441941,0.005732511992426375,0.27777777777777773,0.3636837335129548,0.24478396757119905,0.11889976594175576,0.49999999999999983,0.49999999999999983,0.0046399365258855685,0.00585223116313105,0.004472416493986778,0.06271376660676503,0.13704152028641756,1.0868526329041397,0.005732511992426375,0.005274415149649807,0.0025214636148334075,0.0034964212826208685,-0.000974957667787461,0.004757554324638914
2018-02-28,2018-03-01,2018-04-02,-0.012058189425371195,0.007806871683642853,0.2592592592592593,0.3421400385260996,0.23771051515073024,0.10442952337536933,0.49999999999999983,0.5,0.00530620535449855,-0.00242424242424244,0.007500415324818357,0.06207028495175926,0.13704152028641756,1.0890989103427544,0.007806871683642853,0.007168193457457343,0.00288949123481963,0.003503647590958604,-0.000614156356138974,0.007192715327503879
2018-03-29,2018-04-02,2018-05-02,-0.010418619273726558,-0.021800019848363765,0.2105263157894737,0.28493986565104756,0.1907379476345881,0.09420191801645945,0.5000000000000001,0.4999999999999998,0.0051751262827499644,0.0015795868772783273,-0.020473284703375356,0.05636036391836343,0.13704152028641756,1.0761819702409696,-0.021800019848363765,-0.020256815716288658,0.00278468879960784,0.0034620936001866056,-0.0006774048005787655,-0.02247742464894253
2018-04-30,2018-05-02,2018-06-01,-0.07865019974426717,-0.0147821619355401,0.1666666666666667,0.2763026184078811,0.19965119651518706,0.07665142189269408,0.5,0.5,0.00517512915838636,-0.093169962392333,-0.0010602448941034817,0.08243517316930478,0.13704152028641756,1.0689713831911143,-0.0147821619355401,-0.013828398185377145,0.0027660324873164674,0.003438897033091822,-0.0006728645457753546,-0.015455026481315455
2018-05-30,2018-06-01,2018-07-02,-0.0813984315622634,-0.02435441972964339,0.2222222222222222,0.2875661375661373,0.1842347195288371,0.10333141803730017,0.5,0.5000000000000001,0.005175127953596537,-0.06903010033444812,-0.013361207313151408,0.04158968578668855,0.13704152028641756,1.067184140565757,-0.02435441972964339,-0.02282119720850812,0.002761407238738373,0.0034331474466591074,-0.0006717402079207345,-0.025026159937564123
2018-06-29,2018-07-02,2018-08-01,0.0605682323484202,0.022293054728335364,0.22222222222222218,0.2962867198161317,0.19895921072391665,0.09732750909221506,0.49999999999999994,0.5,0.005422231405763034,0.09225463428653535,0.00778053484647907,0.05497743414434138,0.13704152028641756,1.0915527415591022,0.022293054728335364,0.02042325018257334,0.0029593257781642523,0.003511541602924028,-0.0005522158247597757,0.021740838903575588
2018-07-31,2018-08-01,2018-09-03,-0.02707671050539,-0.006369228794770477,0.2222222222222223,0.37755007755007747,0.24160728278375335,0.13594279476632412,0.5,0.5,0.005669392098232251,-0.030916984607288645,-0.0016042805375949137,0.050775724040055335,0.13704152028641756,1.0903989740962545,-0.006369228794770477,-0.00584119111084952,0.003090949663830929,0.003507829915626076,-0.0004168802517951469,-0.006786109046565624
2018-08-31,2018-09-03,2018-10-01,0.016237013529083074,0.031316221272421195,0.2051282051282052,0.36187614413420893,0.2508496029161352,0.11102654121807372,0.5000000000000001,0.4999999999999997,0.0046814831535106904,0.04194949769209888,0.0233235000393196,0.04926890083182053,0.13704152028641756,1.0771833160975803,0.031316221272421195,0.029072322978296396,0.0025214077737768003,0.003465314944882585,-0.0009439071711057848,0.030372314101315412
2018-09-28,2018-10-01,2018-11-01,0.12905492625258033,0.003341476999326549,0.27350427350427353,0.3265390908457315,0.2413803361801409,0.0851587546655906,0.49999999999999983,0.5,0.005430480057369236,0.10110749185667767,-0.010753901987912796,0.0687267122530102,0.13704152028641756,1.0771930564394399,0.003341476999326549,0.003102022408472894,0.002924837705465496,0.00346534627970899,-0.0005405085742434942,0.0028009684250830547
2018-10-31,2018-11-01,2018-12-03,0.045727905296500275,0.016659755723297934,0.21052631578947364,0.2540230022650051,0.1680180594192018,0.08600494284580328,0.5,0.5,0.004935582723077481,0.04248017986037134,0.00963974549280272,0.01754884478316795,0.13704152028641756,1.077513680702606,0.016659755723297934,0.015461293922908466,0.0026590789531777035,0.003466377732790595,-0.0008072987796128913,0.01585245694368504
2018-11-30,2018-12-03,2019-01-02,0.007628153160167795,0.005420552418412582,0.170940170940171,0.29716712595969547,0.20562735830489323,0.09153976765480216,0.5000000000000001,0.5,0.0049355815906149125,-0.039727582292849006,0.010414491268415227,0.020440170285663528,0.13704152028641756,1.0906186427455384,0.005420552418412582,0.004970162993699437,0.0026914186477581506,0.003508536592977934,-0.0008171179452197835,0.004603434473192798
2018-12-28,2019-01-02,2019-02-01,0.0736534160608556,-0.006787139533521002,0.27642276422764234,0.33848288307062896,0.2078079819216271,0.1306749011490018,0.49999999999999983,0.5000000000000001,0.0054304775314564235,0.11229314420803793,-0.02146029182582136,0.003885565229922272,0.13704152028641756,1.1178744306886075,-0.006787139533521002,-0.006071468625809916,0.0030352959894220624,0.0035962188731267224,-0.00056092288370466,-0.007348062417225662
2019-01-31,2019-02-01,2019-03-01,-0.007544224730902768,-0.001137944260075708,0.2698412698412697,0.3076298831967144,0.21675413246163913,0.09087575073507531,0.5,0.5000000000000001,0.004935584456412068,-0.018065887353878707,0.0014583129746276915,-0.04548161035302019,0.13704152028641756,1.11841264425859,-0.001137944260075708,-0.0010174636936710116,0.0027600100314287084,0.0035979503142841624,-0.000837940282855454,-0.001975884542931162
2019-02-28,2019-03-01,2019-04-01,0.006780447803720686,0.010349423782619301,0.2833333333333335,0.2702589416004051,0.20159772476845658,0.06866121683194851,0.5000000000000001,0.5000000000000001,0.00468822755862508,0.005627705627705648,0.00789583905406093,-0.04245186631055082,0.13704152028641756,1.1941089325829213,0.010349423782619301,0.00866706838900614,0.002799127202867815,0.0038414664134312866,-0.0010423392105634714,0.00930708457205583
2019-03-29,2019-04-01,2019-05-02,0.0032964003553425116,0.021236917032699202,0.2764227642276424,0.41545209176788084,0.27638326585695017,0.13906882591093067,0.5000000000000004,0.5000000000000001,0.005183004504666133,-0.007856220404649172,0.018808295071352014,-0.04562843155035416,0.13704152028641756,1.1976830724315535,0.021236917032699202,0.017731666683393717,0.0031037983797875587,0.003852964475133018,-0.0007491660953454593,0.020487750937353742
2019-04-30,2019-05-02,2019-06-03,0.029306988149682408,0.01807298149081325,0.28571428571428586,0.364727610780242,0.2773802160315319,0.08734739474871019,0.4988738738738739,0.5000000000000001,0.005430481280309873,0.019741837509491322,0.012418267490448538,-0.05877260318486696,0.13704152028641756,1.195009084154368,0.01807298149081325,0.015123718915996651,0.003244737230650271,0.003844362214588414,-0.0005996249839381428,0.017473356506875107
2019-05-31,2019-06-03,2019-07-01,0.06910118627837923,0.017016921497853128,0.2833333333333335,0.33112444428233895,0.22828761763683528,0.10283682664550364,0.5,0.4999999999999998,0.004688230633274948,0.04882459312839038,0.006640261465543138,-0.05720680204085021,0.13704152028641756,1.2764678007535526,0.017016921497853128,0.013331257935223531,0.002992187722940952,0.0041064161322491065,-0.0011142284093081543,0.015902693088544972
2019-06-28,2019-07-01,2019-08-01,0.056063572164467855,0.011461912086809325,0.21666666666666676,0.3176251322913705,0.23682035462693174,0.08080477766443879,0.5,0.5000000000000001,0.005659221629623845,-0.00020283975659229903,0.008130504863708435,-0.05143309510495681,0.13704152028641756,1.4145780574224114,0.011461912086809325,0.0081027073950905,0.004002705369678097,0.004550718907202979,-0.0005480135375248822,0.010913898549284443
2019-07-31,2019-08-01,2019-09-02,0.028665491581006508,0.02223906601173504,0.19047619047619055,0.28404349214966146,0.18567253972562434,0.09837095242403714,0.5,0.5,0.005017114026254488,-0.010752688172043001,0.016612141315460377,-0.050404771902526575,0.13704152028641756,1.4690328309569114,0.02223906601173504,0.015138576581197823,0.003685152610611129,0.004725900733480173,-0.0010407481228690441,0.021198317888865996
2019-08-30,2019-09-02,2019-10-01,-0.007532893981309102,-0.03408839102743143,0.21666666666666676,0.32818614134403573,0.2299724527278707,0.09821368861616508,0.5000000000000001,0.4999999999999997,0.004618699183855934,0.03568498769483197,-0.028883846818800584,-0.062215661984089884,0.13704152028641756,1.4207331143500534,-0.03408839102743143,-0.023993521853698706,0.003280969437862844,0.004570519818003592,-0.0012895503801407483,-0.035377941407572173
2019-09-30,2019-10-01,2019-11-01,0.047446204560959236,0.040478457028364,0.19696969696969688,0.2772727272727275,0.1892155142155141,0.08805721305721341,0.5000000000000001,0.49999999999999983,0.004773723371155114,0.028217821782178243,0.02544465305896698,-0.11999567597663305,0.11999567597663305,1.4040068270387902,0.040478457028364,0.02883066965830762,0.0033511701017482033,0.004516711099908976,-0.0011655409981607724,0.03931291603020323
2019-10-31,2019-11-01,2019-12-02,0.04570194147158918,0.0056215948071952435,0.19047619047619055,0.28783599797720494,0.22318629167152929,0.06464970630567564,0.5000000000000001,0.5000000000000001,0.003803831092924481,0.007221954742417047,0.0030897042368007856,-0.09352070162666683,0.11999567597663305,1.420919556019863,0.0056215948071952435,0.00395630757798977,0.0027024689938664028,0.004571119603662253,-0.0018686506097958504,0.003752944197399393
2019-11-29,2019-12-02,2020-01-02,0.1451321278737483,0.017799837388558733,0.18181818181818188,0.26688663639883187,0.20353447365642477,0.06335216274240704,0.49999999999999983,0.5000000000000003,0.0037279409341381964,0.07504780114722753,0.0033418083458583536,-0.08691665501012678,0.11999567597663305,1.4416068900111751,0.017799837388558733,0.012347219975079858,0.002687112668104162,0.004637671068560155,-0.0019505584004559933,0.01584927898810274
2019-12-30,2020-01-02,2020-02-03,0.05067206652248298,0.05392168702071697,0.1969696969696969,0.3156451546372252,0.2346462704213755,0.08099888421584966,0.5000000000000001,0.49999999999999994,0.003766235786434091,-0.024455313472654505,0.03403183521520937,-0.05445609614171728,0.11999567597663305,1.7339666537806773,0.05392168702071697,0.03109730334383773,0.0032652636319760787,0.0055781968300833845,-0.002312933198107306,0.05160875382260967
2020-01-31,2020-02-03,2020-03-02,-0.09170621778766545,-0.02343207263269,0.20740740740740737,0.3062597665226582,0.21124676637821224,0.09501300014444593,0.49999999999999983,0.5,0.0029277304696122552,-0.08067456700091169,-0.0030479631348163103,-0.12696540804014358,0.12696540804014358,1.7630238802654765,-0.02343207263269,-0.013290842452548966,0.002580829366453632,0.005671674365141579,-0.003090844998687947,-0.026522917631377946
2020-02-28,2020-03-02,2020-04-01,-0.3859072716582113,-0.062008148757666866,0.18055555555555558,0.2705426917961605,0.19083514695308224,0.07970754484307822,0.4999999999999997,0.5,0.0033645394643435633,-0.3280118988596926,0.003581599259377031,-0.01005705308902997,0.12696540804014358,1.629025531597516,-0.062008148757666866,-0.03806456532136615,0.0027404603447415475,0.005240599660131381,-0.002500139315389834,-0.0645082880730567
2020-03-31,2020-04-01,2020-05-04,0.19226501678883354,0.0591610928798461,0.15942028985507242,0.24925946814534125,0.17244555092257838,0.07681391722276287,0.5000000000000001,0.49999999999999994,0.0028492611374593135,0.10919285819684243,0.024020002293093548,0.0051080261082278354,0.12696540804014358,1.5616495915386075,0.0591610928798461,0.03788371808912518,0.002224773745750082,0.005023850246616978,-0.0027990765008668963,0.0563620163789792
2020-04-30,2020-05-04,2020-06-01,0.10819747737383979,0.039736620902732826,0.19858156028368792,0.3009201419000969,0.20056122321276068,0.10035891868733626,0.5000000000000002,0.49999999999999994,0.002329187792233345,0.11214580284688025,0.010876527487716876,0.015722354561693814,0.12696540804014358,1.5821763756984337,0.039736620902732826,0.025115165106160523,0.0018425929497183947,0.00508988522028991,-0.0032472922705715154,0.03648932863216131
2020-05-29,2020-06-01,2020-07-01,0.1760492907939087,0.035379363880013504,0.2916666666666668,0.3870020052123337,0.2510846595352554,0.13591734567707833,0.5000000000000001,0.49999999999999933,0.0020941888350856086,0.09904306220095704,0.009983324938822482,0.013129395621323698,0.12696540804014358,1.5683476872260154,0.035379363880013504,0.022558367744712315,0.0016422081080605267,0.005045398121283206,-0.0034031900132226794,0.03197617386679082
2020-06-30,2020-07-01,2020-08-03,0.10308257639543861,0.05317772475727956,0.18840579710144925,0.2346604239636588,0.15991327783359355,0.07474714613006524,0.5000000000000001,0.4999999999999997,0.0019433895950817792,0.08794079233783192,0.023206335349566454,0.01150613480476541,0.12696540804014358,1.5471335538954174,0.05317772475727956,0.03437177393211281,0.0015033416254211238,0.004977151934979863,-0.003473810309558739,0.04970391444772082
2020-07-31,2020-08-03,2020-09-01,0.0009363853889160567,0.014121946206496708,0.25,0.31947068669803663,0.21928266227658955,0.10018802442144714,0.49999999999999983,0.5,0.0015891896058524146,-0.033813525410164025,0.013193871149367284,0.015808025230054593,0.12696540804014358,1.586606621775603,0.014121946206496708,0.008900723098390045,0.0012607093759512008,0.005104137388617527,-0.003843428012666326,0.010278518193830383
2020-08-31,2020-09-01,2020-10-01,-0.06565959850791735,-0.024445560340521408,0.25531914893617025,0.28951138237471036,0.21989486893572166,0.06961651343898873,0.5000000000000001,0.5,0.0015697104905443293,-0.05425553944916128,-0.008710081928604946,0.014873117500145522,0.12696540804014358,1.5671578508989648,-0.024445560340521408,-0.015598658633205816,0.0012299920594475054,0.005041570399906103,-0.0038115783404585974,-0.028257138680980006
2020-09-30,2020-10-01,2020-11-03,0.0023722582074526834,0.0036034959510931777,0.23703703703703705,0.29336572124995525,0.1832380382515839,0.11012768299837135,0.5000000000000001,0.5000000000000004,0.0015697095238564884,0.008211079483249506,0.0012576118435785725,0.025913076585392752,0.12696540804014358,1.5666454824553124,0.0036034959510931777,0.0023001349006193973,0.0012295891671584246,0.0050399221029091695,-0.0038103329357507447,-0.00020683698465756703
2020-10-30,2020-11-03,2020-12-01,0.1158340245987018,-0.011762437990588757,0.17333333333333345,0.23322847203245864,0.15676660210713367,0.07646186992532496,0.5000000000000003,0.5000000000000002,0.0014949081856194812,0.1562601802584429,-0.02737021142104715,0.025586076679217133,0.12696540804014358,1.5619577189238731,-0.011762437990588757,-0.007530573874107559,0.001167491689805416,0.005024841497054239,-0.0038573498072488233,-0.01561978779783758
2020-11-30,2020-12-01,2021-01-04,0.072486523929379,0.026361440390430802,0.1960784313725489,0.2860443641561779,0.2008286379937887,0.08521572616238916,0.5000000000000003,0.5,0.0016445227761876513,0.08564988730277978,0.005885290858520025,-0.024373067866457133,0.12696540804014358,1.5728910918368755,0.026361440390430802,0.01675986374850977,0.0012933276124942022,0.005060014322317314,-0.0037666867098231117,0.02259475368060769
2020-12-30,2021-01-04,2021-02-01,0.0034876484726819833,0.027512889242690852,0.1884057971014492,0.23563228189826643,0.16328209983015776,0.07235018206810868,0.49999999999999994,0.4999999999999997,0.0014949050415158371,-0.025519031141868376,0.020310318787675793,-0.02051136863806714,0.12696540804014358,1.6117416850402577,0.027512889242690852,0.017070284585959345,0.0012047003852939553,0.005184997265548339,-0.003980296880254384,0.023532592362436468
2021-01-29,2021-02-01,2021-03-01,-0.017810567783089794,0.015916493025381142,0.17333333333333345,0.24945503203560182,0.18924822594769788,0.06020680608790391,0.49999999999999956,0.5000000000000001,0.0013453159677381255,-0.04651575676875286,0.01578505589785771,-0.0327093887062723,0.12696540804014358,1.6111174236885804,0.015916493025381142,0.009879163859416933,0.0010837309979946793,0.005182989007381742,-0.004099258009387062,0.01181723501599408
2021-02-26,2021-03-01,2021-04-01,0.035307275793706086,-0.03449606134591243,0.20915032679738552,0.33849501778984875,0.23408234031298492,0.10441267747686389,0.5000000000000001,0.5000000000000001,0.0020400371728519495,0.04580579089470249,-0.027984420932052136,-0.037629588254470686,0.12696540804014358,1.556072662235805,-0.03449606134591243,-0.02216867000050474,0.0015872230373098696,0.005005909181089185,-0.003418686143779315,-0.037914747489691744
2021-03-31,2021-04-01,2021-05-03,0.10042501914553022,0.024517848677860284,0.23529411764705874,0.40919719015910605,0.2541411898952574,0.15505600026384858,0.4999999999999993,0.5000000000000002,0.0020779463982052437,0.02643995370782526,0.01198243785415159,-0.051747748669625206,0.12696540804014358,1.5983580119932337,0.024517848677860284,0.015339397365228132,0.0016606511370319175,0.005141941787864847,-0.0034812906508329294,0.021036558027027353
2021-04-30,2021-05-03,2021-06-01,0.050414509015001774,-0.0008643202830170712,0.2767295597484279,0.3566165575758089,0.24812961534877173,0.10848694222703718,0.5,0.5000000000000003,0.002732179226539788,0.06235906331309615,-0.008449158599387208,-0.050694149234688075,0.12696540804014358,1.6255339831007867,-0.0008643202830170712,-0.000531714680838808,0.002220625090331226,0.005229367296052138,-0.003008742205720912,-0.0038730624887379833
2021-05-31,2021-06-01,2021-07-01,-0.018880342998840397,-0.0439518688437356,0.26415094339622647,0.3495849293362281,0.2597302315534619,0.08985469778276613,0.5000000000000006,0.5000000000000003,0.003106519244720385,-0.003020654747326268,-0.02701445895776422,-0.056438976039157755,0.12696540804014358,1.604201209769558,-0.0439518688437356,-0.027397977620306897,0.002491740965276429,0.005160739443080636,-0.0026689984778042065,-0.046620867321539805
2021-06-30,2021-07-01,2021-08-02,-0.02945380750690477,0.024679971442093815,0.23456790123456797,0.3183447037609073,0.24034077432794623,0.07800392943296106,0.5000000000000001,0.5000000000000001,0.0035561642498194157,-0.02653128070750088,0.018677807747395126,-0.03045423466773644,0.12696540804014358,1.6120950942050882,0.024679971442093815,0.015309252866539688,0.0028664374706606995,0.005186134188152178,-0.0023196967174914786,0.022360274724602336
2021-07-30,2021-08-02,2021-09-01,-0.03839869480241544,0.0037842780928509278,0.24242424242424235,0.3364898623389189,0.24104338159594216,0.09544648074297675,0.5000000000000001,0.5000000000000001,0.004317539318847707,-0.03978802153432026,0.007383972978605679,-0.058872326236123075,0.12696540804014358,1.6225724879717245,0.0037842780928509278,0.0023322705893906873,0.0035027602572492355,0.005219840121636629,-0.001717079864387393,0.0020671982284635347
2021-08-31,2021-09-01,2021-10-01,-0.07004931357951566,-0.0031526203551580844,0.24242424242424235,0.2809809193071285,0.20763143462062641,0.07334948468650207,0.49999999999999994,0.5,0.0044576430914406995,-0.0625492772667543,0.006036013355477339,-0.061178435539865884,0.12696540804014358,1.6544141121303122,-0.0031526203551580844,-0.001905581155312198,0.0036873938186598424,0.00532227510593051,-0.0016348812872706672,-0.004787501642428752
2021-09-30,2021-10-01,2021-11-01,-0.11451376864841602,-0.05507051340848711,0.2573099415204678,0.31333340255310227,0.22383543833659245,0.08949796421650981,0.5000000000000001,0.500000000000001,0.004915839161897972,-0.05840575647135782,-0.028472247555951447,-0.05561691924072846,0.12696540804014358,1.5345208528274958,-0.05507051340848711,-0.03588775825823065,0.0037717288515392473,0.004936576685760135,-0.0011648478342208878,-0.056235361242708
2021-10-29,2021-11-01,2021-12-01,-0.05579641267035964,-0.03017879319183672,0.19209039548022602,0.2994621386146805,0.1923082573339041,0.10715388128077641,0.4999999999999994,0.4999999999999997,0.005867542537372872,-0.014886859865025803,-0.01817069760859467,-0.004509245542560447,0.12696540804014358,1.504365347478857,-0.03017879319183672,-0.02006081384579411,0.004413463834040955,0.0048395659710623665,-0.00042610213702141183,-0.03060489532885813
2021-11-30,2021-12-01,2022-01-03,0.05635772600716105,0.007850427014015992,0.20606060606060608,0.2854378894967657,0.2091194179811542,0.0763184715156115,0.49999999999999994,0.5000000000000002,0.007746225678189056,0.022466250251863773,0.002366077426614292,-0.007610790841128533,0.12696540804014358,1.504341452050796,0.007850427014015992,0.005218514056974155,0.005826484192320046,0.004839489099110554,0.0009869950932094923,0.008837422107225483
2021-12-30,2022-01-03,2022-02-01,0.01767813501343577,0.018692058025364108,0.2222222222222222,0.37738791423001894,0.28674393881279014,0.0906439754172288,0.5000000000000001,0.4999999999999993,0.00732275578676278,0.0665090156665682,0.0039567270703053485,0.009527312235917908,0.12696540804014358,1.5072938013525696,0.018692058025364108,0.012401071382759482,0.005518772203103091,0.004848986851261974,0.000669785351841117,0.019361843377205225
2022-01-31,2022-02-01,2022-03-02,-0.03816714959255841,0.03483420778836191,0.2259887005649718,0.2982747348588422,0.19557745906061533,0.10269727579822684,0.4999999999999997,0.4999999999999997,0.007604907246068882,0.018107908351810975,0.02107564091951133,0.028153967485610235,0.12696540804014358,1.4902514100418383,0.03483420778836191,0.023374718892152535,0.005666611873345768,0.004794161221842125,0.000872450651503643,0.03570665843986555
2022-02-25,2022-03-02,2022-04-01,0.09670574614471168,0.043551556816600806,0.2824858757062149,0.3559718110493751,0.23702612195515593,0.11894568909421917,0.5000000000000004,0.5000000000000003,0.009306547165824242,0.05789473684210522,0.0225034609392058,0.040263760647603404,0.12696540804014358,1.4588137528497127,0.043551556816600806,0.02985408982574042,0.0067882594985244635,0.00469302580536108,0.0020952336931633836,0.04564679050976419
2022-03-31,2022-04-01,2022-05-02,-0.05762196272477103,0.0316378521782124,0.2033898305084747,0.31180357966032063,0.21760391748973498,0.09419966217058563,0.49999999999999994,0.4999999999999995,0.008343249498346639,-0.11073940641619484,0.035834569664226795,0.07351769252479827,0.12696540804014358,1.4529774903812134,0.0316378521782124,0.021774495742471322,0.006061276858866002,0.004674250461134968,0.0013870263977310334,0.03302487857594343
2022-04-29,2022-05-02,2022-06-01,0.012112520812974157,0.03005373678662834,0.24444444444444455,0.35252293847955746,0.22704145026292047,0.125481488216637,0.5000000000000008,0.4999999999999993,0.010381724053844854,0.03530433105044861,0.016300795903144205,-0.0445733422402289,0.12696540804014358,1.446057443907386,0.03005373678662834,0.020783224700548726,0.007506284674327348,0.004651988567447353,0.0028542961068799945,0.032908032893508334
2022-05-31,2022-06-01,2022-07-01,-0.13578511209662977,0.03517692688698099,0.24858757062146877,0.38048355389951355,0.24043960831729716,0.14004394558221636,0.49999999999999994,0.5000000000000006,0.010170981188405426,-0.1208422621820553,0.03991211011676577,-0.036967873977653776,0.12696540804014358,1.4317418066761578,0.03517692688698099,0.02456932299032711,0.007281109491178407,0.00460593494695256,0.0026751745442258473,0.03785210143120684
2022-06-30,2022-07-01,2022-08-01,0.07965903502465353,0.010386202537829804,0.20338983050847456,0.31366368028771086,0.19579224751577792,0.11787143277193297,0.49999999999999983,0.49999999999999956,0.010348525664599206,0.05203476049173372,0.0006471711749712719,-0.06986137558813839,0.12696540804014358,1.4318319926653096,0.010386202537829804,0.007253785773075386,0.007408675061745583,0.004606225076637402,0.00280244998510818,0.013188652522937983
2022-07-29,2022-08-01,2022-09-01,0.08933014396214332,0.00040437604732103464,0.20000000000000015,0.33997949207250605,0.25365464435632384,0.08632484771618215,0.49999999999999983,0.4999999999999997,0.011711337299947777,0.06850005036768403,-0.008415103590687147,-0.07852252992087842,0.12696540804014358,1.4337885342554548,0.00040437604732103464,0.0002820332550162435,0.008395790570731674,0.004612519300388637,0.0037832712703430365,0.004187647317664071
2022-08-31,2022-09-01,2022-10-03,0.018243186002841798,0.03146154940337707,0.2146892655367232,0.28537841054105195,0.19744366203645403,0.08793474850459797,0.5000000000000008,0.5000000000000001,0.010719829740920117,0.037051004053926695,0.01665990014889925,-0.09227011738156428,0.12696540804014358,1.4726365865392914,0.03146154940337707,0.021364095996903067,0.00789320673897549,0.004737494069443238,0.0031557126695322523,0.03461726207290933
2022-09-30,2022-10-03,2022-11-01,0.06312210883431409,0.04261594448456712,0.1920903954802261,0.24923309526486273,0.180973115936973,0.06825997932788976,0.4999999999999991,0.5000000000000008,0.010206765943569618,0.028727272727272712,0.02529637752858535,-0.08528553828211535,0.12696540804014358,1.472371350125625,0.04261594448456712,0.02894374743228402,0.007514074876374935,0.004736640799907345,0.0027774340764675906,0.04539337856103471
2022-10-31,2022-11-01,2022-12-01,-0.08682838768203337,0.03593229084588941,0.17204301075268827,0.2125482042895833,0.1562503604543833,0.05629784383519998,0.49999999999999983,0.5000000000000003,0.010206766588433558,-0.04763167196889362,0.030696723121515317,-0.07918658208252118,0.12696540804014358,1.4577497844371787,0.03593229084588941,0.02464914845435047,0.007439455897044813,0.0046896030029599115,0.0027498528940849013,0.03868214373997431
2022-11-30,2022-12-01,2023-01-02,-0.011488247370180787,0.0168733220147809,0.19487179487179493,0.24072475435441706,0.18030389764504548,0.060420856709371584,0.4999999999999995,0.4999999999999997,0.01123315227802002,-0.031641458661965216,0.015589708903620839,-0.08891173284143554,0.12696540804014358,1.458073704075183,0.0168733220147809,0.01157233819361909,0.00818938197522661,0.004690645057311977,0.0034987369179146337,0.02037205893269553
2022-12-29,2023-01-02,2023-02-01,0.03367420014197849,-0.026336600121356753,0.1724137931034482,0.2534783373902872,0.18086350347985525,0.07261483391043193,0.5000000000000004,0.5000000000000002,0.01123315676008696,0.049156765044078066,-0.02435820423217418,-0.08063629341851741,0.12696540804014358,1.4536957919290292,-0.026336600121356753,-0.01811699550041934,0.008164796356108775,0.00467656124802833,0.003488235108080445,-0.022848365013276306
2023-01-31,2023-02-01,2023-03-01,-0.06190147376067928,0.05735159618690063,0.11640211640211623,0.2058507275537088,0.1339414065576033,0.07190932099610553,0.49999999999999933,0.49999999999999983,0.009181417470209174,-0.06923006667275544,0.0495947680556669,-0.13302389806923604,0.13302389806923604,1.420103137966533,0.05735159618690063,0.04038551472326386,0.006519279880212395,0.004568493174493513,0.0019507867057188821,0.059302382892619514
2023-02-28,2023-03-01,2023-04-03,-0.03110353961056797,0.005059078150741971,0.15384615384615377,0.19089988691458495,0.1404360064883581,0.050463880426226876,0.4999999999999997,0.49999999999999983,0.011746739431232722,-0.03100775193798444,0.008688970404535338,-0.17424998275323073,0.17424998275323073,1.5396463944244185,0.005059078150741971,0.0032858701641250926,0.0090429125057703,0.004953065630242462,0.004089846875527839,0.00914892502626981
2023-03-31,2023-04-03,2023-05-02,0.03311817536131917,0.0023963217082406847,0.19999999999999993,0.2568653709835171,0.17426069741172437,0.08260467357179276,0.4999999999999996,0.5000000000000004,0.009181415093999501,0.018734177215189884,-0.0015494622656278068,-0.16306121031644388,0.16306121031644388,1.5918644827753683,0.0023963217082406847,0.0015053553453638021,0.007307784294877743,0.005121052006610883,0.0021867322882668603,0.004583053996507545
2023-04-28,2023-05-02,2023-06-01,0.07883068219530805,-0.07073894542822817,0.1904761904761905,0.25839029391660956,0.20230835450547466,0.056081939411134936,0.5000000000000006,0.4999999999999995,0.011233159120470848,0.04880715705765426,-0.05811363451660311,-0.17085744133451938,0.17085744133451938,1.4211865114858897,-0.07073894542822817,-0.049774568542920276,0.007982207111693927,0.004571978403415471,0.0034102287082784554,-0.06732871671994972
2023-05-31,2023-06-01,2023-07-03,0.07992999798877347,0.004705822293645285,0.2555555555555556,0.24291344872107148,0.1877312341644571,0.055182214556614345,0.5000000000000003,0.5000000000000007,0.010719829510813517,0.08899630366789868,-0.02110808399606698,-0.27403642351290525,0.27403642351290525,1.434638599203489,0.004705822293645285,0.0032801447669524274,0.0076895405965468734,0.004615253972124202,0.0030742866244226714,0.007780108918067957
2023-06-30,2023-07-03,2023-08-01,0.026147924938060743,0.019651503621709407,0.27777777777777807,0.25871319646274255,0.20434540253052047,0.0543677939322221,0.4999999999999994,0.5000000000000003,0.010719830985525425,0.020017406440382857,0.009124517820158258,-0.20941911423870305,0.20941911423870305,1.4757208503202048,0.019651503621709407,0.013316545346259345,0.007909739048624234,0.004747416192460035,0.003162322856164199,0.022813826477873604
2023-07-31,2023-08-01,2023-09-01,-0.07724334866973391,1.2127619992727035e-05,0.2824858757062145,0.31098905771666013,0.2404414784604523,0.07054757925620782,0.49999999999999983,0.5000000000000001,0.011357367902327997,-0.037372013651877256,0.007876680975023961,-0.21054418509451117,0.21054418509451117,1.4752332315691636,1.2127619992727035e-05,8.220815348517624e-06,0.008377383276335613,0.004745847515596832,0.003631535760738781,0.003643663380731508
2023-08-31,2023-09-01,2023-10-02,0.003672923341935915,0.029403513777759942,0.2937853107344635,0.39415061059323603,0.2562234011325673,0.13792720946066875,0.49999999999999983,0.5000000000000003,0.009711351852934813,-0.0015954617975535434,0.020052397549366604,-0.18303850730357019,0.18303850730357019,1.488004467112362,0.029403513777759942,0.019760366603482533,0.007225267469433462,0.004786932772610276,0.0024383346968231863,0.03184184847458313
2023-09-29,2023-10-02,2023-11-01,-0.0895344659427759,-0.008032667114109604,0.26229508196721346,0.29671979696200207,0.21138435957046842,0.08533543739153365,0.5000000000000004,0.49999999999999883,0.009975718636292541,-0.022194602272727293,-0.0011829970435123024,-0.19095733372564033,0.19095733372564033,1.4817086233414678,-0.008032667114109604,-0.005421219116613343,0.007390554163711405,0.0047666789484153566,0.0026238752152960487,-0.005408791898813555
2023-10-31,2023-11-01,2023-12-01,0.10886906786424809,0.0047776247783739775,0.22580645161290314,0.29517543537832075,0.22229748504598631,0.07287795033233445,0.5000000000000002,0.5000000000000001,0.009142098698161183,0.12057381514436183,-0.017094393517419745,-0.16834603623605365,0.16834603623605365,1.4912693258542629,0.0047776247783739775,0.0032037303359922255,0.006816665681249981,0.004797435872335423,0.0020192298089145586,0.006796854587288536
2023-11-30,2023-12-01,2024-01-02,0.05565390801457179,-0.005619552144099439,0.24858757062146877,0.3339315026211318,0.22662538283886854,0.1073061197822633,0.49999999999999994,0.5000000000000003,0.008927398268915976,0.051693404634581164,-0.009625643820324622,-0.11341072497595484,0.11341072497595484,1.4933474725188536,-0.005619552144099439,-0.003763057324241389,0.006665853820527434,0.004804121301441915,0.0018617325190855199,-0.003757819625013919
2023-12-28,2024-01-02,2024-02-01,-0.04512788567615846,0.02956872380185993,0.20765027322404375,0.2592828071041788,0.20134460285689007,0.057938204247288676,0.4999999999999994,0.5000000000000006,0.009648972284772572,-0.04360554699537755,0.02486796337605583,-0.11495115729426965,0.11495115729426965,1.4891989822545697,0.02956872380185993,0.019855455284487518,0.00718461985314294,0.004790775545806188,0.0023938443073367515,0.03196256810919668
2024-01-31,2024-02-01,2024-03-01,0.021662081560166413,0.016517585779984578,0.24731182795698933,0.28186721419373995,0.19531082957677096,0.08655638461696902,0.5000000000000001,0.5000000000000002,0.008002082283019796,0.008941517641372743,0.009888855507562189,-0.13509334058753847,0.13509334058753847,1.4885005793518025,0.016517585779984578,0.01109679499565764,0.005955552057147883,0.004788528773153526,0.0011670232839943572,0.017684609063978937
2024-02-29,2024-03-01,2024-04-01,0.017227683769117683,0.022342786233030057,0.2372881355932203,0.3095680290215101,0.2249247928208565,0.08464323620065362,0.5,0.49999999999999956,0.008298727344210333,-0.004550898203592779,0.015216618260210082,-0.13624974776340543,0.13624974776340543,1.530688529058112,0.022342786233030057,0.01459655952787363,0.0063513833757818175,0.004924248042498373,0.0014271353332834446,0.023769921566313502
2024-03-28,2024-04-01,2024-05-02,-0.06374390322359735,-0.012069914393426464,0.2372881355932205,0.30843228216453317,0.22239284637363366,0.0860394357908995,0.4999999999999997,0.4999999999999994,0.008874228478754409,-0.006496631376323392,-0.007007871649210004,-0.1405435380616436,0.1405435380616436,1.523799926547432,-0.012069914393426464,-0.007920931208320778,0.006761274352045541,0.004902087304513591,0.0018591870475319506,-0.010210727345894514
2024-04-30,2024-05-02,2024-06-03,-0.048171655912432616,-0.0155291583803304,0.21052631578947356,0.3101499630952858,0.22938227224303478,0.08076769085225098,0.4999999999999997,0.4999999999999994,0.008315279807550757,-0.042140954226204896,-0.004958751303887434,-0.12623279679192376,0.12623279679192376,1.510865164500992,-0.0155291583803304,-0.010278321815341718,0.0062816332971534685,0.0048604759802773284,0.00142115731687614,-0.014108001063454261
2024-05-31,2024-06-03,2024-07-01,-0.010827014227070853,-0.0025641943763235553,0.24858757062146886,0.2781843887821702,0.20621258329501505,0.0719718054871552,0.4999999999999994,0.4999999999999997,0.00788328862247556,0.015929203539823078,-0.003636587599430611,-0.07912032799738468,0.12623279679192376,1.5771896122955018,-0.0025641943763235553,-0.001625799685930932,0.006216720463047881,0.005073842727346944,0.0011428777357009364,-0.001421316640622619
2024-06-28,2024-07-01,2024-08-01,0.014272031150326428,-0.027346405711709494,0.2937853107344634,0.3379432492524257,0.2367668023115471,0.10117644694087863,0.5,0.5000000000000001,0.009071127681215208,0.03368176538908241,-0.021927687591314488,-0.08172374354761754,0.12623279679192376,1.5470973141135531,-0.027346405711709494,-0.017675944145361198,0.007016958635794577,0.00497703535105602,0.0020399232847385573,-0.025306482426970936
2024-07-31,2024-08-01,2024-09-02,0.04108679600841061,0.0009748804535837341,0.3157894736842103,0.45442799160615727,0.3101016963378382,0.14432629526831905,0.4999999999999996,0.4999999999999995,0.008675026254220786,0.05914927768860356,-0.006240363848205493,-0.1161609522328671,0.1161609522328671,1.5462694126538126,0.0009748804535837341,0.000630472571988977,0.0067069638754351825,0.0049743719795959694,0.001732591895839213,0.002707472349422947
2024-08-30,2024-09-02,2024-10-01,-0.0069809937995246665,0.0236631337956586,0.2824858757062146,0.29667972423706784,0.22203806418600816,0.07464166005105964,0.5,0.49999999999999983,0.008360534647679385,-0.023262862771842086,0.018031090161746494,-0.08897566449417067,0.1161609522328671,1.5436988306860446,0.0236631337956586,0.015328853870506804,0.006453073779766413,0.004966102378705548,0.0014869714010608652,0.025150105196719466
2024-09-30,2024-10-01,2024-11-01,0.017222515887789978,0.035475871976007156,0.24858757062146894,0.272333550206029,0.19104075534645285,0.08129279485957615,0.5,0.4999999999999993,0.009279467098409544,-0.02009309542280835,0.02392922161113596,-0.12361551234910359,0.12361551234910359,1.6542413046335132,0.035475871976007156,0.021445403325766076,0.007675238879588371,0.005321719181611682,0.0023535196979766887,0.037829391673983845
2024-10-31,2024-11-01,2024-12-02,-0.03361598613302655,0.02146603243569382,0.1696969696969697,0.23567456490763783,0.16033167078154043,0.0753428941260974,0.5000000000000004,0.49999999999999994,0.00794797971295047,-0.03586414377325631,0.018028406258363393,-0.15391869098615787,0.15391869098615787,1.7161507322915783,0.02146603243569382,0.012508244195444418,0.006819965602309278,0.005520882742434225,0.0012990828598750531,0.022765115295568874
2024-11-29,2024-12-02,2025-01-02,-0.06223230697627755,0.013102036520888266,0.19753086419753071,0.29086984387263376,0.20275901898852836,0.08811082488410543,0.5000000000000003,0.4999999999999997,0.00935023612288699,-0.037608802759073745,0.013495025394471769,-0.1559201202798622,0.1559201202798622,1.7169361526200715,0.013102036520888266,0.007631056344695376,0.008026879217459397,0.005523409451455489,0.0025034697660039074,0.015605506286892173
2024-12-30,2025-01-02,2025-02-03,0.05676550110487393,0.002465623363658753,0.22988505747126434,0.23276509653868116,0.15065803488280927,0.08210706165587191,0.4999999999999997,0.5000000000000001,0.010167641254021476,0.04854948805460757,-0.005637037272909253,-0.145729793776878,0.145729793776878,1.7145368678812267,0.002465623363658753,0.0014380696092617107,0.008716397894704967,0.0055156909163293945,0.0032007069783755726,0.005666330342034325
2025-01-31,2025-02-03,2025-03-05,-0.024351486189217175,0.003418247429145015,0.16666666666666674,0.2380747542012799,0.17335401284584726,0.06472074135543267,0.4999999999999994,0.5,0.009853323047298579,-0.023435592806574923,0.005173329993375292,-0.13658720382133085,0.13658720382133085,1.7331030127530727,0.003418247429145015,0.0019723279020299276,0.008538411929451227,0.005575418483895464,0.002962993445555763,0.006381240874700778
2025-02-28,2025-03-05,2025-04-01,0.050164279865657274,-0.0709118086822915,0.16049382716049373,0.3024292170333604,0.20431228572783275,0.09811693130552764,0.5000000000000001,0.5,0.009675600186987987,0.05949504207982659,-0.05259498742357169,-0.1254168926440045,0.1254168926440045,1.5711636909317992,-0.0709118086822915,-0.04513330411819555,0.007600975850884226,0.00505445724759966,0.0025465186032845666,-0.06836529007900692
2025-03-31,2025-04-01,2025-05-02,0.05551958823499706,-0.00036080200916832215,0.1761006289308176,0.2804165153670994,0.1899730805615801,0.09044343480551931,0.5000000000000003,0.5000000000000003,0.010558782328976779,0.03515532835233981,-0.009164976976703551,-0.25423737992038437,0.25423737992038437,1.5881879587977128,-0.00036080200916832215,-0.00022717840616387486,0.008384665477223502,0.005109224573624689,0.003275440903598812,0.00291463889443049
2025-04-30,2025-05-02,2025-06-02,0.07039174211784288,0.044026218478719285,0.1785714285714285,0.2923551546082064,0.19517433218321123,0.09718082242499514,0.49999999999999983,0.5000000000000003,0.01140534042980823,0.025907916729980274,0.021863398812099585,-0.23919809104211331,0.23919809104211331,1.5689735512413108,0.044026218478719285,0.028060523036788895,0.008947338738636165,0.005047411535242805,0.0038999272033933604,0.04792614568211265
2025-05-30,2025-06-02,2025-07-01,0.11807853523823124,0.10042551102207989,0.2222222222222223,0.33483219995884633,0.23598840956930897,0.09884379038953739,0.5000000000000001,0.49999999999999956,0.010979288886836747,0.007035473598459463,0.07361758712257037,-0.21218165874119344,0.21218165874119344,1.3370389493494514,0.10042551102207989,0.07511038558072138,0.00733986843893015,0.004301274429180857,0.003038594009749293,0.10346410503182918
2025-06-30,2025-07-01,2025-08-01,-0.05720138202113368,-0.0094645538157572,0.2389937106918241,0.35500557413600936,0.2294028876743616,0.1256026864616477,0.5000000000000001,0.4999999999999996,0.012757340542210782,-0.03213707898220308,0.0015915353400184496,-0.27096695028675744,0.27096695028675744,1.3299355111314743,-0.0094645538157572,-0.00711655094291377,0.008483220107341682,0.00427842256149135,0.004204797545850332,-0.0052597562699068685
2025-07-31,2025-08-01,2025-09-01,0.04457912583331297,0.02541341618847663,0.2469135802469136,0.3457743833793858,0.2398390912775914,0.10593529210179446,0.4999999999999994,0.5000000000000003,0.01164157616858752,0.05387128637641503,0.011651457922909933,-0.13985736020409573,0.13985736020409573,1.324598262780839,0.02541341618847663,0.019185753826314204,0.007710205784470928,0.00426125255319508,0.0034489532312758477,0.028862369419752478
2025-08-29,2025-09-01,2025-10-01,0.01877830495237812,0.01415198546470094,0.2483660130718954,0.35749130858016936,0.22596980075223225,0.1315215078279371,0.4999999999999994,0.5000000000000003,0.012199302216840069,0.03677000720980561,0.005474456086712931,-0.09772998180639558,0.13985736020409573,1.3329536745780222,0.01415198546470094,0.010617012229761911,0.008130552358612396,0.004288132038737357,0.003842420319875039,0.01799440578457598
2025-09-30,2025-10-01,2025-10-02,-0.006691376583789591,-0.001045812589220739,0.27450980392156865,0.2785568450462063,0.20318669125695354,0.07537015378925273,0.5000000000000001,0.5,0.0005513102011314164,-0.00834492350486804,0.0003944266824316288,-0.10108232360314737,0.13985736020409573,1.3535008342717636,-0.001045812589220739,-0.0007726722900643257,0.00037309940858695295,0.004354232560809645,-0.0039811331522226915,-0.005026945741443431
