month_end,trade_date,next_trade_date,D10,LS,turnover_D10,turnover_LS,turnover_LS_reconst,turnover_LS_reweight,CDI,BOVA11,LS_pre_overlay,beta_est,hedge_ratio,vt_scale,LS_vt,LS_pre_vt
2011-03-31,2011-04-01,2011-05-02,0.029420795908242686,0.019148514612243334,0.0,4.163336342344337e-17,0.0,4.163336342344337e-17,0.008396233613529702,-0.03676470588235292,0.019148514612243334,0.0,0.0,1.0,0.019148514612243334,0.019148514612243334
2011-04-29,2011-05-02,2011-06-01,-0.013042984233019687,0.006958340590237293,0.1333333333333333,0.17407407407407408,0.10555555555555556,0.06851851851851852,0.009853034390991944,-0.029312977099236637,0.006958340590237293,0.0,0.0,1.0,0.006958340590237293,0.006958340590237293
2011-05-31,2011-06-01,2011-07-01,-0.00396591890011191,0.027194871851139463,0.07407407407407407,0.07037037037037037,0.03518518518518519,0.035185185185185194,0.009535252207044431,-0.0301981755268953,0.027194871851139463,0.0,0.0,1.0,0.027194871851139463,0.027194871851139463
2011-06-30,2011-07-01,2011-08-01,-0.06215868332796352,-0.0365836680778518,0.1333333333333333,0.24444444444444446,0.18009259259259258,0.06435185185185188,0.009675260632866944,-0.05124878365228669,-0.0365836680778518,0.0,0.0,1.0,-0.0365836680778518,-0.0365836680778518
2011-07-29,2011-08-01,2011-09-01,-0.0435883315176154,-0.00812129393515001,0.19999999999999996,0.2694444444444445,0.18842592592592597,0.08101851851851856,0.010704896208957981,-0.029401709401709386,-0.00812129393515001,0.0,0.0,1.0,-0.00812129393515001,-0.00812129393515001
2011-08-31,2011-09-01,2011-10-03,-0.06725735722149417,-0.0017243321264901607,0.19999999999999996,0.31388888888888894,0.17546296296296296,0.13842592592592598,0.009398254167376052,-0.09915463191264529,-0.0017243321264901607,0.0,0.0,1.0,-0.0017243321264901607,-0.0017243321264901607
2011-09-30,2011-10-03,2011-11-01,0.02822063657572539,-0.001149229892416966,0.20000000000000004,0.23030303030303037,0.13896103896103895,0.0913419913419914,0.008789482465142662,0.08856304985337249,-0.001149229892416966,0.057250189038331824,0.0,1.0,-0.001149229892416966,-0.001149229892416966
2011-10-31,2011-11-01,2011-12-01,-0.035145983520684904,-0.023760705664616497,0.14814814814814814,0.17407407407407413,0.14074074074074072,0.033333333333333395,0.008567424211848751,0.025502873563218342,-0.023760705664616497,0.012066352052134487,0.0,1.0,-0.023760705664616497,-0.023760705664616497
2011-11-30,2011-12-01,2012-01-02,-0.02450745399813505,-0.011539578677043713,0.19999999999999996,0.37777777777777777,0.262962962962963,0.11481481481481481,0.009047373489255106,-0.010332749562171673,-0.011539578677043713,-0.011757724360799963,0.0,1.0,-0.011539578677043713,-0.011539578677043713
2011-12-29,2012-01-02,2012-02-01,0.09237219599038678,0.01200613188551553,0.06666666666666667,0.312037037037037,0.20363756613756614,0.10839947089947084,0.00883164575843809,0.10953813484339059,0.01200613188551553,-0.011219840105710907,0.0,1.0,0.01200613188551553,0.01200613188551553
2012-01-31,2012-02-01,2012-03-01,0.09626880730010794,-0.011669537478992834,0.1333333333333333,0.19999999999999996,0.12380952380952381,0.07619047619047614,0.007414836145679615,0.0389154704944179,-0.011669537478992834,0.0403860223511556,0.0,1.0,-0.011669537478992834,-0.011669537478992834
2012-02-29,2012-03-01,2012-04-02,-0.00967781542588801,0.021575249729049027,0.2564102564102564,0.3615384615384616,0.23632478632478637,0.12521367521367524,0.008054920154665135,-0.032238256063862436,0.013725107138943446,0.03595669750964637,0.0,1.5719549225107092,0.021575249729049027,0.013725107138943446
2012-03-30,2012-04-02,2012-05-02,-0.025829149862847647,0.00983911777435395,0.1666666666666667,0.33591038591038597,0.2531403781403781,0.0827700077700078,0.006971980611159889,-0.037753807106599035,0.006032567599147247,0.0027953849132734453,0.0,1.6310000033393393,0.00983911777435395,0.006032567599147247
2012-04-30,2012-05-02,2012-06-01,-0.1416369962524072,-0.005802946249567112,0.24242424242424243,0.35101010101010105,0.2296717171717172,0.12133838383838387,0.0073093626688405244,-0.13748763600395641,-0.0034213844642958496,-0.007581365884353018,0.0,1.6960813115638578,-0.005802946249567112,-0.0034213844642958496
2012-05-31,2012-06-01,2012-07-02,0.029891364366430185,0.03538455804986243,0.1904761904761905,0.40412134162134167,0.2490303677803678,0.15509097384097384,0.006386582234745086,0.020451070336391375,0.02129812931172952,0.004526638401784934,0.0,1.6613927698511572,0.03538455804986243,0.02129812931172952
2012-06-29,2012-07-02,2012-08-01,0.03004079838166229,0.0027466443942849466,0.27777777777777773,0.35202991452991456,0.2635149572649573,0.08851495726495724,0.0067345607664746066,0.05206967596928269,0.0015973510478071724,0.022779679168812163,0.0,1.7194995414786955,0.0027466443942849466,0.0015973510478071724
2012-07-31,2012-08-01,2012-09-03,0.061228606569052345,0.0002264426044157558,0.24242424242424243,0.33535353535353535,0.25016835016835015,0.08518518518518521,0.006849965314555062,0.004094712479971507,0.00012751276195941143,0.015473989583765252,0.0,1.7758426759498371,0.0002264426044157558,0.00012751276195941143
2012-08-31,2012-09-03,2012-10-01,0.09216859644380809,0.04525331944181353,0.23809523809523805,0.3343434343434344,0.240981240981241,0.09336219336219338,0.005369965266185606,0.03280141843971629,0.026511687778118145,0.014836181920067205,0.0,1.7069195978976524,0.04525331944181353,0.026511687778118145
2012-09-28,2012-10-01,2012-11-01,-0.0018517460303094993,0.022555489038969343,0.30769230769230765,0.332012432012432,0.22156177156177156,0.11045066045066047,0.006063543747743205,-0.030214592274678043,0.012991147908754939,0.03577087268751975,0.0,1.736219862739677,0.022555489038969343,0.012991147908754939
2012-10-31,2012-11-01,2012-12-03,0.03812870705249735,0.030938247007874738,0.3333333333333333,0.2714285714285714,0.19126984126984126,0.0801587301587302,0.005443435742476632,0.0070808992742077415,0.0177178264723535,0.027262024962110245,0.0,1.746164917923205,0.030938247007874738,0.0177178264723535
2012-11-30,2012-12-03,2013-01-02,0.03931542607662724,-0.01329360466175706,0.2857142857142857,0.3847985347985348,0.27705535205535203,0.10774318274318279,0.005336783593778316,0.06890490420108986,-0.007500190881235837,0.030211500646530304,0.0,1.772435511610155,-0.01329360466175706,-0.007500190881235837
2012-12-28,2013-01-02,2013-02-01,0.015646963898808715,0.044783137682251846,0.3111111111111111,0.31085858585858595,0.2579933954933955,0.05286519036519041,0.005867469311010121,-0.034862687058049735,0.025799425907114686,-0.021475959888124445,0.0,1.7358191551813575,0.044783137682251846,0.025799425907114686
2013-01-31,2013-02-01,2013-03-01,-0.02963604410341557,0.005798189217340804,0.2857142857142857,0.3430555555555556,0.2465277777777778,0.09652777777777775,0.004816879234908811,-0.05213835406372458,0.003263625851800926,-0.05022006897070103,0.0,1.7766096607370792,0.005798189217340804,0.003263625851800926
2013-02-28,2013-03-01,2013-04-01,-0.009618221624048245,0.060154188069515564,0.09523809523809523,0.18730158730158733,0.14493284493284495,0.04236874236874239,0.005378582620114258,-0.013122415962610212,0.035790982181272156,-0.024562055774338464,0.0,1.6807079438292587,0.060154188069515564,0.035790982181272156
2013-03-28,2013-04-01,2013-05-02,-0.0009754041139237441,0.024395547583206233,0.08888888888888889,0.353968253968254,0.20404040404040402,0.14992784992784994,0.006016252919069931,-0.012750455373406133,0.014292369558587465,-0.030820298126609084,0.0,1.706893142050637,0.024395547583206233,0.014292369558587465
2013-04-30,2013-05-02,2013-06-03,-0.004456343170612466,0.015549546173336287,0.2380952380952381,0.24308469308469313,0.16699689199689202,0.07608780108780112,0.00586678014293307,-0.030996309963099655,0.008932908232036206,-0.03066119430218469,0.0,1.7407036733648227,0.015549546173336287,0.008932908232036206
2013-05-31,2013-06-03,2013-07-01,-0.11625232693781667,-0.008719342212614561,0.23809523809523814,0.3976689976689977,0.3167832167832168,0.08088578088578093,0.005919441025405314,-0.11462300076161469,-0.004950602588371363,-0.02088952108731303,0.0,1.761268867166942,-0.008719342212614561,-0.004950602588371363
2013-06-28,2013-07-01,2013-08-01,0.007466829740082369,-0.012001556024110922,0.2222222222222222,0.2619047619047619,0.20039682539682535,0.061507936507936546,0.0071068152139550644,0.030322580645161246,-0.006753449551403859,0.04917346866735252,0.0,1.7771001223539344,-0.012001556024110922,-0.006753449551403859
2013-07-31,2013-08-01,2013-09-02,-0.013897272462036503,-0.03656111706603904,0.20512820512820515,0.2585470085470086,0.19290986790986786,0.06563714063714075,0.0069759345084061675,0.06073888541014405,-0.02110587236342995,0.005794612987673504,0.0,1.7322722527872536,-0.03656111706603904,-0.02110587236342995
2013-08-30,2013-09-02,2013-10-01,0.0828809641259512,0.04059317065555225,0.25641025641025644,0.4035409035409036,0.2926795426795427,0.11086136086136088,0.006991089252236904,0.010035419126328105,0.023569337185312844,-0.05137928987010719,0.0,1.7222873234147522,0.04059317065555225,0.023569337185312844
2013-09-30,2013-10-01,2013-11-01,0.04912859050142384,0.050672592115418656,0.11111111111111112,0.24689199689199692,0.17193084693084693,0.07496114996115001,0.008056071351680183,0.03623611922852121,0.030014421666821764,-0.0406023491121001,0.0,1.6882748126189164,0.050672592115418656,0.030014421666821764
2013-10-31,2013-11-01,2013-12-02,-0.024358322952919176,0.01025509836688072,0.14285714285714288,0.26555944055944064,0.14793123543123543,0.1176282051282052,0.007121615167924977,-0.05433352133859748,0.0059756246056211736,-0.004372669276868351,0.0,1.716155053855611,0.01025509836688072,0.0059756246056211736
2013-11-29,2013-12-02,2014-01-02,-0.020149603534452814,-0.029831009823511074,0.25641025641025644,0.20459401709401712,0.12081552706552706,0.08377849002849007,0.007803801225700457,-0.001391650099403563,-0.01760454518571518,0.00568421997742741,0.0,1.6945061351381456,-0.029831009823511074,-0.01760454518571518
2013-12-30,2014-01-02,2014-02-03,-0.07139587107787086,0.02775480163579504,0.24242424242424243,0.42719502719502717,0.31473711473711474,0.11245791245791247,0.0084159347753745,-0.08023093768664136,0.016239910282107157,0.0002776395846402557,0.0,1.7090489512355733,0.02775480163579504,0.016239910282107157
2014-01-31,2014-02-03,2014-03-05,0.0011609013987899158,-0.008175786674783057,0.2857142857142857,0.26968433092255434,0.22070075131986303,0.048983579602691306,0.007836869701381088,-0.0021645021645021467,-0.004736399700939142,-0.03028085703271725,0.0,1.7261606264272726,-0.008175786674783057,-0.004736399700939142
2014-02-28,2014-03-05,2014-04-01,0.029559476199455273,-0.012738890940405092,0.10256410256410257,0.1478980866598633,0.12716489432505584,0.020733192334807447,0.007599483935512019,0.0661605206073752,-0.007328345257038159,-0.037817993254983355,0.0,1.738303872647189,-0.012738890940405092,-0.007328345257038159
2014-03-31,2014-04-01,2014-05-02,0.002433243765859749,-0.00016329839701393982,0.25,0.39960317460317457,0.25581848706848703,0.14378468753468754,0.008163585883203206,0.023194303153611484,-9.294035537580254e-05,-0.050743544333622395,0.0,1.7570235916749608,-0.00016329839701393982,-9.294035537580254e-05
2014-04-30,2014-05-02,2014-06-02,0.02574760474364464,-0.015772989362361402,0.2051282051282051,0.31367521367521367,0.26794871794871794,0.045726495726495765,0.00858300624253161,-0.004971167230065632,-0.009049331607618833,-0.05036668348985282,0.0,1.7430004829397314,-0.015772989362361402,-0.009049331607618833
2014-05-30,2014-06-02,2014-07-01,0.0450336523905804,0.013152139462900659,0.26666666666666666,0.3575854700854701,0.29068084693084695,0.06690462315462314,0.008174066222165877,0.04276578737010395,0.007323196941267356,-0.045192334835094175,0.0,1.7959559968661096,0.013152139462900659,0.007323196941267356
2014-06-30,2014-07-01,2014-08-01,0.010617894490949359,0.02604998917347154,0.20833333333333334,0.2919566544566545,0.21606379731379732,0.07589285714285716,0.009404271848245882,0.03583748562667677,0.013224375497865856,-0.022719559972550266,0.0,1.9698464534431492,0.02604998917347154,0.013224375497865856
2014-07-31,2014-08-01,2014-09-01,0.08425116457784709,0.02941567100953646,0.22222222222222224,0.1587301587301587,0.10714285714285714,0.05158730158730157,0.008595646498315013,0.11415356151711387,0.014874660681133257,-0.003987894315052039,0.0,1.9775692125096171,0.02941567100953646,0.014874660681133257
2014-08-29,2014-09-01,2014-10-01,-0.09835930126722013,0.0075148210184505385,0.17777777777777778,0.3453296703296704,0.22394688644688646,0.1213827838827839,0.009005837224223212,-0.13782796413151777,0.0037887359133208,0.03201871287681246,0.0,1.9834639284382984,0.0075148210184505385,0.0037887359133208
2014-09-30,2014-10-01,2014-11-03,0.0027304983669901727,-0.011572405664709856,0.041666666666666664,0.1706349206349207,0.11874093439391571,0.05189398624100497,0.009457012571264523,0.011748844375963019,-0.005866151563571246,0.013722557377912486,0.0,1.9727423574553378,-0.011572405664709856,-0.005866151563571246
2014-10-31,2014-11-03,2014-12-01,-0.03407153498363569,-0.06190775124082894,0.13333333333333336,0.10997622867026612,0.07509157509157509,0.03488465357869101,0.008378556738443788,-0.00019036740909950112,-0.032578647057145645,0.011850025637218129,0.0,1.900255438239581,-0.06190775124082894,-0.032578647057145645
2014-11-28,2014-12-01,2015-01-02,-0.043261913427886045,0.06513544922105986,0.17777777777777778,0.2798534798534799,0.1721425510422725,0.1077109288112074,0.009576758362219717,-0.08358720487433358,0.03557550399237257,0.01379821569221471,0.0,1.8309072792060792,0.06513544922105986,0.03557550399237257
2014-12-30,2015-01-02,2015-02-02,-0.13315975777977843,0.0004316055976810192,0.08888888888888886,0.3285237781407698,0.24967152207362087,0.0788522560671489,0.009311727078445742,-0.042385206731768155,0.00023566033274495407,-0.048202134080528036,0.0,1.8314732592189327,0.0004316055976810192,0.00023566033274495407
2015-01-30,2015-02-02,2015-03-02,0.07840364178828142,0.06772167036062976,0.10256410256410253,0.25624830586301334,0.1932756680830218,0.0629726377799915,0.008185605899158954,0.08461705359080063,0.03842985517776942,-0.044679620676668634,0.0,1.7622150811488049,0.06772167036062976,0.03842985517776942
2015-02-27,2015-03-02,2015-04-01,0.036039444308663536,-0.0046312546156374685,0.06060606060606061,0.18268398268398267,0.133008658008658,0.04967532467532467,0.010379441597394568,0.0042008401680335705,-0.002634250528052148,0.033681479680208716,0.0,1.7580919378469182,-0.0046312546156374685,-0.002634250528052148
2015-03-31,2015-04-01,2015-05-04,0.06326669797179839,-0.022200029146588838,0.19047619047619047,0.5220890220890221,0.36691086691086694,0.15517815517815517,0.009500851121819975,0.09960159362549792,-0.012873487228209163,0.032722143005693954,0.0,1.7244767290359984,-0.022200029146588838,-0.012873487228209163
2015-04-30,2015-05-04,2015-06-01,-0.06771557223130208,-0.0035109932408930204,0.1111111111111111,0.33913493913493914,0.24364154364154364,0.09549339549339549,0.009839156200071697,-0.07282608695652182,-0.0020334136095747535,-0.013639047996562698,0.0,1.7266498189845756,-0.0035109932408930204,-0.0020334136095747535
2015-05-29,2015-06-01,2015-07-01,-0.05557496640412359,-0.03947386009320594,0.24242424242424243,0.37279942279942285,0.28299062049062046,0.08980880230880232,0.010676335957019667,0.008401719421649023,-0.02355158361685407,-0.0015379591897919883,0.0,1.6760596966803336,-0.03947386009320594,-0.02355158361685407
2015-06-30,2015-07-01,2015-08-03,-0.07673620478991938,0.0005847677284139995,0.1111111111111111,0.32761682761682764,0.21229326229326229,0.11532356532356537,0.01179043542335334,-0.05250920364270495,0.0003490597012688528,-0.004723718438586969,0.0,1.6752656530912446,0.0005847677284139995,0.0003490597012688528
2015-07-31,2015-08-03,2015-09-01,-0.1133602010732329,0.029149624384768716,0.10256410256410253,0.24070374070374076,0.1355033855033855,0.1052003552003552,0.011074878415799239,-0.09427402862985679,0.01750665419147206,-0.008133312368517718,0.0,1.6650597004976682,0.029149624384768716,0.01750665419147206
2015-08-31,2015-09-01,2015-10-01,0.018898782988972643,0.08294010278997194,0.06060606060606061,0.08585858585858586,0.04292929292929293,0.04292929292929293,0.011074875956177843,-0.015353352901332107,0.05414595282102211,-0.038921585877788434,0.0,1.5317876677528985,0.08294010278997194,0.05414595282102211
2015-09-30,2015-10-01,2015-11-03,0.018906564899507736,-0.048274649526504315,0.19047619047619047,0.29007104007104,0.22836885336885338,0.06170218670218664,0.011077686139502774,0.03187342352671396,-0.03330282304657615,-0.025346856544767787,0.0,1.4495662862871745,-0.048274649526504315,-0.03330282304657615
2015-10-30,2015-11-03,2015-12-01,-0.016413504279147752,-0.0003490047821448082,0.13333333333333336,0.2516705516705517,0.18265345765345764,0.06901709401709406,0.01055176109653888,-0.022222222222222254,-0.0002394766785757665,-0.08700698387349767,0.0,1.4573643839577004,-0.0003490047821448082,-0.0002394766785757665
2015-11-30,2015-12-01,2016-01-04,0.008515047122946456,0.0484629738302561,0.1818181818181818,0.21590477714300058,0.12647090709001882,0.08943387005298174,0.011613030888727227,-0.06818181818181823,0.03408428475805788,-0.0853677684077992,0.0,1.4218568520437838,0.0484629738302561,0.03408428475805788
2015-12-30,2016-01-04,2016-02-01,-0.09229846453322495,-0.040460343809180704,0.09523809523809523,0.40203284079461743,0.2656169163571586,0.13641592443745884,0.010548946427317851,-0.04390243902439017,-0.023649515940555626,-0.12516156893339397,0.12516156893339397,1.388270962862094,-0.040460343809180704,-0.029144414088850962
2016-01-29,2016-02-01,2016-03-01,0.07271763652172891,0.018821428657027593,0.13333333333333336,0.22816627816627819,0.16408313908313907,0.06408313908313908,0.0100148561151443,0.07168367346938753,0.0046251052632815025,-0.0974279800836177,0.12516156893339397,1.3842190294581391,0.018821428657027593,0.013597146301619154
2016-02-29,2016-03-01,2016-04-01,0.14878276376393848,0.07636443263374088,0.12121212121212122,0.25360750360750367,0.14532227032227032,0.10828523328523336,0.011605298957283905,0.14544156153296828,0.04037606230190418,-0.04187231888625906,0.12516156893339397,1.3035976490172998,0.07636443263374088,0.058579756331493246
2016-03-31,2016-04-01,2016-05-02,0.04933333444384682,0.048043923223767195,0.3333333333333333,0.5659673659673661,0.40608974358974365,0.15987762237762246,0.010544726459726705,0.08790523690773067,0.02689475692056834,0.05637463175526066,0.12516156893339397,1.2677462156321302,0.048043923223767195,0.037897114289401596
2016-04-29,2016-05-02,2016-06-01,-0.01840211664074015,-0.029777696980315606,0.3076923076923077,0.3025252525252526,0.24385521885521885,0.058670033670033706,0.011074872042450057,-0.10143266475644708,-0.011327005786291361,0.06465558183384094,0.12516156893339397,1.239576446364159,-0.029777696980315606,-0.024022477248303253
2016-05-31,2016-06-01,2016-07-01,0.09881681541956706,0.03599964222710055,0.24242424242424243,0.2601010101010101,0.21708754208754208,0.04301346801346806,0.01160529755575812,0.06462585034013602,0.021324124376711356,0.07537760030886087,0.12516156893339397,1.223944869425782,0.03599964222710055,0.029412797198937492
2016-06-30,2016-07-01,2016-08-01,0.1329178218337232,0.015033318987898852,0.1818181818181818,0.28484848484848485,0.21325757575757578,0.07159090909090904,0.011074869886563032,0.11122204472843444,-0.0016755790262860584,0.07824748633571625,0.12516156893339397,1.2276961223018068,0.015033318987898852,0.012245146591904918
2016-07-29,2016-08-01,2016-09-01,0.025245747951433816,0.02452099121364011,0.30303030303030304,0.35000000000000003,0.2657407407407407,0.0842592592592593,0.012136000032068273,0.016172506738544534,0.017634061096808245,0.047619057259730105,0.12516156893339397,1.2473646897986133,0.02452099121364011,0.019658237413790365
2016-08-31,2016-09-01,2016-10-03,0.03543694774782658,0.00912124309037453,0.3636363636363636,0.23703703703703707,0.2203703703703704,0.016666666666666694,0.011074869449589686,0.007780725022104473,0.0062851005904095885,0.04379040180525935,0.12516156893339397,1.2565515913761924,0.00912124309037453,0.007258948341615501
2016-09-30,2016-10-03,2016-11-01,0.0643867689859505,0.015128329334046762,0.22222222222222224,0.22306397306397308,0.13236531986531988,0.09069865319865318,0.010465588241214796,0.10545709773644485,-0.001330877680027499,0.0447211986889761,0.12516156893339397,1.2746839665726453,0.015128329334046762,0.01186829812782821
2016-10-31,2016-11-01,2016-12-01,-0.06383237762447071,0.028832249543992085,0.15384615384615385,0.1767676767676768,0.08838383838383838,0.08838383838383841,0.0103600668732724,-0.058730158730158744,0.030135240749279684,0.01947844051426905,0.12516156893339397,1.265433623696286,0.028832249543992085,0.02278448193890575
2016-11-30,2016-12-01,2017-01-02,-0.004163732900888044,0.013501315584131469,0.14814814814814814,0.09971509971509974,0.0706908831908832,0.02902421652421656,0.011217621631425923,-0.022091062394603678,0.013256273673542025,-0.023523974257451057,0.12516156893339397,1.2869032178407593,0.013501315584131469,0.010491321644827929
2016-12-29,2017-01-02,2017-02-01,0.07897923405227064,-0.004562474239958087,0.2222222222222222,0.46244496244496247,0.2855154105154105,0.17692955192955204,0.010819091947400938,0.08639420589756841,-0.014362283843628273,-0.022765797166581697,0.12516156893339397,1.285548217068332,-0.004562474239958087,-0.003549049486733933
2017-01-31,2017-02-01,2017-03-01,0.1230744340093119,0.03651231424513244,0.3076923076923077,0.27196969696969703,0.20265151515151514,0.06931818181818188,0.008611440762927636,0.03365079365079371,0.024429984486992334,-0.05397618929062534,0.12516156893339397,1.2747924957023031,0.03651231424513244,0.028641770616179566
2017-02-24,2017-03-01,2017-04-03,-0.02336446951939375,-0.010541992407154855,0.48484848484848486,0.7156565656565657,0.5212481962481962,0.19440836940836936,0.010504155058322473,-0.03716216216216217,-0.003625167452551155,-0.0519477385992252,0.12516156893339397,1.2737348296070667,-0.010541992407154855,-0.00827644197372458
2017-03-31,2017-04-03,2017-05-02,0.03785717205846509,-0.002713185509500722,0.2564102564102564,0.46056721056721067,0.3387492137492137,0.12181799681799688,0.007817125697231697,0.0121212121212122,-0.0036493844588426656,-0.019360678049485505,0.12516156893339397,1.2724372346537336,-0.002713185509500722,-0.002132274532377274
2017-04-28,2017-05-02,2017-06-01,-0.05065311496893991,-0.038423477025408916,0.2051282051282051,0.39444444444444454,0.3533068783068783,0.0411375661375662,0.009219711362202343,-0.04034037188780337,-0.02615868572908142,-0.018081187781782825,0.12516156893339397,1.231215870012235,-0.038423477025408916,-0.031207749965915473
2017-05-31,2017-06-01,2017-07-03,0.047988176600124395,0.03249864806979436,0.06060606060606061,0.15291375291375295,0.12342657342657344,0.029487179487179507,0.008080987710124887,0.0064039408866995995,0.02584410911243246,0.037421208018266774,0.12516156893339397,1.2196611700506879,0.03249864806979436,0.02664563640116849
2017-06-30,2017-07-03,2017-08-01,0.10594483847954533,0.05697131103921955,0.20512820512820515,0.2878528878528879,0.22145169645169646,0.06640119140119144,0.00793505064361355,0.04454233969652477,0.04300506477815993,0.040124577729549166,0.12516156893339397,1.1727305028974118,0.05697131103921955,0.04858005389854116
2017-07-31,2017-08-01,2017-09-01,0.10351449723057354,0.024228434264867815,0.2777777777777778,0.20745920745920746,0.13706293706293704,0.0703962703962704,0.00801452050194662,0.07747578881599515,0.011013706386253057,0.09881815694423704,0.12516156893339397,1.1698511876473028,0.024228434264867815,0.02071069766881531
2017-08-31,2017-09-01,2017-10-02,0.054071802285285984,0.009509189121194273,0.25641025641025644,0.23199023199023197,0.14932844932844933,0.08266178266178266,0.006340428944008547,0.037982023775007034,0.003369657035456688,0.06573768032369372,0.12516156893339397,1.1705711121191797,0.009509189121194273,0.00812354672240204
2017-09-29,2017-10-02,2017-11-01,0.012128004595545333,0.008208813238608746,0.3111111111111111,0.42886002886002883,0.3116522366522367,0.11720779220779225,0.006403700615894792,0.01131284916201114,0.005559976170019691,0.060238675748619845,0.12516156893339397,1.176737242469204,0.008208813238608746,0.006975910120243837
2017-10-31,2017-11-01,2017-12-01,-0.02291193848341838,0.00512678420807959,0.3333333333333333,0.3873015873015873,0.27698412698412694,0.11031746031746036,0.005674522127418591,-0.05040740229250096,0.010478555313317752,0.06270967441012952,0.12516156893339397,1.2295962877552449,0.00512678420807959,0.004169485756531572
2017-11-30,2017-12-01,2018-01-02,0.11397904360685061,0.05336870561742078,0.3333333333333333,0.4334554334554335,0.3296351388967969,0.1038202945586366,0.005357961454301119,0.07620709714950546,0.03441258520868954,0.03169816966203764,0.12516156893339397,1.2142833297412936,0.05336870561742078,0.043950785051781224
2017-12-28,2018-01-02,2018-02-01,0.06737237874281628,0.03162089009482382,0.25,0.24747575395243784,0.15841512222665072,0.08906063172578714,0.005833860500798371,0.10837837837837827,0.012549675535143134,0.07858712946168507,0.12516156893339397,1.210856427700732,0.03162089009482382,0.026114483411437982
2018-01-31,2018-02-01,2018-03-01,-0.027750598946889166,-0.005789278212805239,0.2745098039215686,0.3148692810457517,0.2087155578235782,0.10615372322217347,0.0046399365258855685,0.00585223116313105,-0.0054500699286666775,0.043692229783679086,0.12516156893339397,1.2271671489257476,-0.005789278212805239,-0.004717595494528294
2018-02-28,2018-03-01,2018-04-02,-0.01517412671997425,0.006800884041993026,0.20833333333333334,0.2993182493209327,0.21194675235876295,0.08737149696216973,0.00530620535449855,-0.00242424242424244,0.005824693322795827,0.06154635924015623,0.12516156893339397,1.2317605178717845,0.006800884041993026,0.005521271337502749
2018-03-29,2018-04-02,2018-05-02,0.05126014592298806,0.05167922994796756,0.1568627450980392,0.20343137254901966,0.1807604081142156,0.022670964434804056,0.0051751262827499644,0.0015795868772783273,0.04218899218493663,0.06143857131657602,0.12516156893339397,1.2192323328180499,0.05167922994796756,0.04238669575676338
2018-04-30,2018-05-02,2018-06-01,-0.06728255661412297,0.006874610591819983,0.1568627450980392,0.26486928104575164,0.21926937441643324,0.04559990662931838,0.00517512915838636,-0.093169962392333,0.017277204845619912,0.024299647576966454,0.12516156893339397,1.224132023833286,0.006874610591819983,0.005615906175130202
2018-05-30,2018-06-01,2018-07-02,-0.0528783730901348,-0.011548656175006158,0.14814814814814817,0.22998366013071894,0.17451563958916896,0.05546802054154998,0.005175127953596537,-0.06903010033444812,-0.0005926593870516396,0.007100782234284005,0.12516156893339397,1.2508597129499044,-0.011548656175006158,-0.00923257504854077
2018-06-29,2018-07-02,2018-08-01,0.03259056122523537,-0.006527613342943907,0.1176470588235294,0.14738562091503268,0.11605392156862744,0.03133169934640525,0.005422231405763034,0.09225463428653535,-0.016788520815775847,0.03096923261696072,0.12516156893339397,1.2453032772216102,-0.006527613342943907,-0.005241786047096601
2018-07-31,2018-08-01,2018-09-03,-0.0008785186772788655,0.01798422223720777,0.1176470588235294,0.1659313725490196,0.10598155929038282,0.059949813258636776,0.005669392098232251,-0.030916984607288645,0.01830269759880168,-0.03600325862377091,0.12516156893339397,1.2460419474638842,0.01798422223720777,0.014433079298663843
2018-08-31,2018-09-03,2018-10-01,-0.008788496890349839,-0.010939926232976075,0.14814814814814817,0.23772175536881424,0.17392040149393087,0.06380135387488332,0.0046814831535106904,0.04194949769209888,-0.013689499645311026,-0.04268314739495079,0.12516156893339397,1.2963480568825387,-0.010939926232976075,-0.008439034698200142
2018-09-28,2018-10-01,2018-11-01,0.12399857880385719,-0.026418053326452473,0.17777777777777778,0.22798696401637578,0.14070288371758957,0.0872840802987862,0.005430480057369236,0.10110749185667767,-0.03243253069767344,-0.06194538346667231,0.12516156893339397,1.335745578992978,-0.026418053326452473,-0.01977775838597131
2018-10-31,2018-11-01,2018-12-03,0.032446906805009244,-0.011676634351689127,0.20833333333333334,0.171031746031746,0.0994047619047619,0.07162698412698411,0.004935582723077481,0.04248017986037134,-0.013384918351292569,-0.10765488162604753,0.10765488162604753,1.3251254986824945,-0.011676634351689127,-0.008811719616971084
2018-11-30,2018-12-03,2019-01-02,-0.007838637742556226,-0.03946052244937646,0.1176470588235294,0.19528388278388278,0.11986416361416359,0.07541971916971917,0.0049355815906149125,-0.039727582292849006,-0.026327216283960272,-0.11023051643196263,0.11023051643196263,1.2850907926647235,-0.03946052244937646,-0.03070640819669431
2018-12-28,2019-01-02,2019-02-01,0.20226284725252106,0.0767104938051709,0.19047619047619047,0.24801587301587302,0.1646062271062271,0.0834096459096459,0.0054304775314564235,0.11229314420803793,0.04913261631341693,-0.05070750851864963,0.11023051643196263,1.2471071610922562,0.0767104938051709,0.0615107475912378
2019-01-31,2019-02-01,2019-03-01,-0.0038902241786333103,0.002456083294080866,0.20833333333333334,0.18273809523809526,0.14265109890109892,0.04008699633699634,0.004935584456412068,-0.018065887353878707,0.0039650694407408005,0.07538865350975579,0.11023051643196263,1.244432472874753,0.002456083294080866,0.001973657347921088
2019-02-28,2019-03-01,2019-04-01,-0.02189165738540309,0.0013637399153104198,0.19607843137254902,0.11130952380952382,0.08652045280432241,0.0247890710052014,0.00468822755862508,0.005627705627705648,0.0004081297709406199,0.06457626762859116,0.11023051643196263,1.3259829891133494,0.0013637399153104198,0.001028474668609676
2019-03-29,2019-04-01,2019-05-02,-0.0034903649721451414,-0.006109729478974487,0.12499999999999999,0.2730742296918767,0.1355356306778077,0.13753859901406904,0.005183004504666133,-0.007856220404649172,-0.0036490807841710695,0.06452730611836238,0.11023051643196263,1.3531841892672953,-0.006109729478974487,-0.00451507601657887
2019-04-30,2019-05-02,2019-06-03,0.042458166804010655,0.015851670512671365,0.13333333333333333,0.1996598918412893,0.1225431893480576,0.07711670249323167,0.005430481280309873,0.019741837509491322,0.009137263568078627,0.06653372526719045,0.11023051643196263,1.4011391250172371,0.015851670512671365,0.011313416512065747
2019-05-31,2019-06-03,2019-07-01,0.08961708831101578,0.02843696425221757,0.2222222222222222,0.2798377662245168,0.22007761327098854,0.05976015295352823,0.004688230633274948,0.04882459312839038,0.01471432838284061,0.0679888948371582,0.11023051643196263,1.4150356298427562,0.02843696425221757,0.020096288497963535
2019-06-28,2019-07-01,2019-08-01,0.06701150324350146,-0.010936388404152737,0.125,0.2062091503267974,0.11500933706816059,0.0911998132586368,0.005659221629623845,-0.00020283975659229903,-0.007775576453018675,0.07901367789237351,0.11023051643196263,1.4024722679672883,-0.010936388404152737,-0.007797935584140777
2019-07-31,2019-08-01,2019-09-02,0.01784909208143971,-0.055455127474296505,0.16666666666666666,0.2619047619047619,0.165995115995116,0.0959096459096459,0.005017114026254488,-0.010752688172043001,-0.04140627510136458,0.0903952093960912,0.11023051643196263,1.3020218367794523,-0.055455127474296505,-0.04259154947160074
2019-08-30,2019-09-02,2019-10-01,0.037492100817268434,0.01940441042992783,0.2222222222222222,0.3478632478632478,0.252991452991453,0.09487179487179487,0.004618699183855934,0.03568498769483197,0.020544657416170477,0.15730029842682486,-0.15730029842682486,1.299570888598248,0.01940441042992783,0.014931398202415836
2019-09-30,2019-10-01,2019-11-01,0.03798926473473874,-0.01648585023073295,0.16666666666666666,0.22916666666666666,0.1661706349206349,0.06299603174603174,0.004773723371155114,0.028217821782178243,-0.007456146527525292,0.18986282924869657,-0.18986282924869657,1.2865838214395786,-0.01648585023073295,-0.01281366200632515
2019-10-31,2019-11-01,2019-12-02,0.04285774313210313,0.01718118948409702,0.19607843137254902,0.24526143790849675,0.20040849673202613,0.04485294117647063,0.003803831092924481,0.007221954742417047,0.014563434602793092,0.17934818138138234,-0.17934818138138234,1.2949158314012716,0.01718118948409702,0.013268190153721944
2019-11-29,2019-12-02,2020-01-02,0.1393047069228496,-0.0006946817005410946,0.08333333333333333,0.1435457516339869,0.08288398692810457,0.060661764705882325,0.0037279409341381964,0.07504780114722753,0.01092784572322393,0.15276418744932344,-0.15276418744932344,1.2941872192874686,-0.0006946817005410946,-0.0005367706388906858
2019-12-30,2020-01-02,2020-02-03,-0.0042545583502301395,-0.022316873210339788,0.11764705882352942,0.21952614379084964,0.1425011671335201,0.07702497665732955,0.003766235786434091,-0.024455313472654505,-0.020396601888788474,0.11994377232531175,-0.11994377232531175,1.2779270206610904,-0.022316873210339788,-0.017463339337480274
2020-01-31,2020-02-03,2020-03-02,-0.09152344070425472,0.022267109656934663,0.11111111111111112,0.17638888888888896,0.09861111111111111,0.07777777777777783,0.0029277304696122552,-0.08067456700091169,0.004818263425987128,0.15379215082232198,-0.15379215082232198,1.2926920314375727,0.022267109656934663,0.01722537860171686
2020-02-28,2020-03-02,2020-04-01,-0.434769413923415,0.023810818150540692,0.125,0.16544117647058826,0.10494281045751636,0.0604983660130719,0.0033645394643435633,-0.3280118988596926,-0.03203489037784757,0.043758440045909376,-0.15379215082232198,1.2933095444323466,0.023810818150540692,0.0184107650430985
2020-03-31,2020-04-01,2020-05-04,0.14542224558667702,-0.013220740823428643,0.2807017543859649,0.42704678362573095,0.3152390780873753,0.11180770553835566,0.0028492611374593135,0.10919285819684243,0.006514193008086822,0.048155245073743844,-0.15379215082232198,1.2862129841149372,-0.013220740823428643,-0.010278811508442388
2020-04-30,2020-05-04,2020-06-01,0.125955176353578,0.00184152592469002,0.25396825396825395,0.22389306599832914,0.16133493250179656,0.0625581334965326,0.002329187792233345,0.11214580284688025,0.018622493941685806,0.04544036066520226,-0.15379215082232198,1.3389510340837965,0.00184152592469002,0.0013753497161680152
2020-05-29,2020-06-01,2020-07-01,0.15065609537654287,-0.04504800740323643,0.35294117647058826,0.23651731864179484,0.19681642754172277,0.0397008911000721,0.0020941888350856086,0.09904306220095704,-0.01962140710507226,0.0511499306575041,-0.15379215082232198,1.2924976999048174,-0.04504800740323643,-0.03485345266498646
2020-06-30,2020-07-01,2020-08-03,0.05520359387371498,-0.025898372453399637,0.10526315789473685,0.20758800596261895,0.1149051140924206,0.09268289187019836,0.0019433895950817792,0.08794079233783192,-0.005644514316231092,0.03652481381298048,-0.15379215082232198,1.3510466453591337,-0.025898372453399637,-0.019169117914885434
2020-07-31,2020-08-03,2020-09-01,-0.03404060558689079,-0.013875186409291406,0.15873015873015872,0.14325396825396822,0.09794277360066833,0.04531119465329989,0.0015891896058524146,-0.033813525410164025,-0.015413614160452093,0.033737588500177745,-0.15379215082232198,1.3585330662730322,-0.013875186409291406,-0.010213359360737731
2020-08-31,2020-09-01,2020-10-01,-0.056974013043667414,0.03185651274651836,0.1176470588235294,0.11764705882352942,0.08823529411764704,0.029411764705882377,0.0015697104905443293,-0.05425553944916128,0.015422084170835256,0.03677714102153435,-0.15379215082232198,1.3404147904231245,0.03185651274651836,0.023766160276747106
2020-09-30,2020-10-01,2020-11-03,-0.01312759964890346,-0.00020413802936459095,0.21052631578947367,0.34866271069831445,0.2480365740390367,0.10062613665927773,0.0015697095238564884,0.008211079483249506,0.0011105782641990108,0.021559627353329447,-0.15379215082232198,1.3410607833193715,-0.00020413802936459095,-0.00015222131010297077
2020-10-30,2020-11-03,2020-12-01,0.13036378357280548,-0.021948218705052352,0.2333333333333333,0.26024422436628547,0.1941264198526884,0.0661178045135971,0.0014949081856194812,0.1562601802584429,0.007496668813252622,0.021679186582978918,-0.15379215082232198,1.3273858100699372,-0.021948218705052352,-0.016534920396577047
2020-11-30,2020-12-01,2021-01-04,0.09338610463257917,-0.00883740184101942,0.2857142857142857,0.2541310736868369,0.1944192431161373,0.05971183057069957,0.0016445227761876513,0.08564988730277978,0.006886363385708677,0.02426206930360156,-0.15379215082232198,1.4059049523931608,-0.00883740184101942,-0.00628591700027531
2020-12-30,2021-01-04,2021-02-01,-0.0417100584833008,-0.020060614418534444,0.15873015873015872,0.28154372860255217,0.21052762172774253,0.07101610687480962,0.0014949050415158371,-0.025519031141868376,-0.01794448805092649,0.026088206505157422,-0.15379215082232198,1.4308710975573729,-0.020060614418534444,-0.014019861364716737
2021-01-29,2021-02-01,2021-03-01,-0.022431753520792422,0.021323918411140303,0.13333333333333333,0.2083690610762704,0.1494445882302221,0.058924472846048265,0.0013453159677381255,-0.04651575676875286,0.007867192096553045,0.03821303797545237,-0.15379215082232198,1.4196118005676883,0.021323918411140303,0.01502095037714753
2021-02-26,2021-03-01,2021-04-01,0.11128552082824311,0.06724848453803599,0.09523809523809523,0.1495863301999545,0.0911264587321607,0.05845987146779378,0.0020400371728519495,0.04580579089470249,0.05847293104976844,0.023919041338561046,-0.15379215082232198,1.3076147986459477,0.06724848453803599,0.05142835994795461
2021-03-31,2021-04-01,2021-05-03,0.15282017944408036,0.07650332309201299,0.20289855072463767,0.37908275299579647,0.28698131865833726,0.09210143433745915,0.0020779463982052437,0.02643995370782526,0.06586673055256025,0.04834221318471274,-0.15379215082232198,1.2379083706890566,0.07650332309201299,0.06180047320419117
2021-04-30,2021-05-03,2021-06-01,0.07825035832031942,-0.007495062467577638,0.15873015873015875,0.2633877869328615,0.18743177873217984,0.07595600820068173,0.002732179226539788,0.06235906331309615,0.0035299488745793237,0.052891499991057064,-0.15379215082232198,1.2367302953479544,-0.007495062467577638,-0.006060385595607084
2021-05-31,2021-06-01,2021-07-01,-0.009835896368215509,-0.0352418823501079,0.21212121212121207,0.31852395097266517,0.24019803368670886,0.0783259172859563,0.003106519244720385,-0.003020654747326268,-0.029549343365952333,0.03328652392702561,-0.15379215082232198,1.2116945625240447,-0.0352418823501079,-0.02908479037546937
2021-06-30,2021-07-01,2021-08-02,-0.05534372664222827,0.016155757849443023,0.19444444444444445,0.34116547306983697,0.22772420659258893,0.113441266477248,0.0035561642498194157,-0.02653128070750088,0.009292678981135677,0.07202740018831487,-0.15379215082232198,1.208089430283542,0.016155757849443023,0.013372981705213014
2021-07-30,2021-08-02,2021-09-01,-0.007365590286301783,0.03972394798092864,0.2318840579710145,0.277806753114665,0.16423808151309593,0.11356867160156908,0.004317539318847707,-0.03978802153432026,0.027467505203772734,0.06184799873569064,-0.15379215082232198,1.1827323719527414,0.03972394798092864,0.03358659061250071
2021-08-31,2021-09-01,2021-10-01,-0.07515983498557281,0.016988600100598713,0.2028985507246377,0.21885688622179578,0.11726019542752923,0.10159669079426653,0.0044576430914406995,-0.0625492772667543,0.004759769176212725,0.02406520064624512,-0.15379215082232198,1.181457559636545,0.016988600100598713,0.014379357059448636
2021-09-30,2021-10-01,2021-11-01,-0.11156393894605172,0.030292937204884848,0.2051282051282051,0.2833721227511083,0.19327186958518028,0.09010025316592801,0.004915839161897972,-0.05840575647135782,0.0166579550294042,0.032976057335532646,-0.15379215082232198,1.1814578969732807,0.030292937204884848,0.02564030193753907
2021-10-29,2021-11-01,2021-12-01,0.006099623613630809,0.06284926641733082,0.18666666666666665,0.23616071303995537,0.15886928243309242,0.07729143060686296,0.005867542537372872,-0.014886859865025803,0.05401198751719396,0.020819885564923736,-0.15379215082232198,1.1162988592601466,0.06284926641733082,0.05630146971482678
2021-11-30,2021-12-01,2022-01-03,0.07471342342580418,0.026648398464864324,0.1728395061728395,0.21857905982905979,0.14559161324786327,0.07298744658119653,0.007746225678189056,0.022466250251863773,0.0267802508399166,0.029999213644381025,-0.15379215082232198,1.1424764748187832,0.026648398464864324,0.023325117892769937
2021-12-30,2022-01-03,2022-02-01,0.02969121391892589,-0.006567241825414482,0.15384615384615383,0.3757264957264957,0.2686815237902194,0.10704497193627627,0.00732275578676278,0.0665090156665682,0.004874571209752445,0.03566910419419729,-0.15379215082232198,1.2266062703947727,-0.006567241825414482,-0.005353993358684586
2022-01-31,2022-02-01,2022-03-02,-0.03858793808245668,0.011073538903645581,0.10666666666666667,0.23224934945431833,0.15127618987867436,0.080973159575644,0.007604907246068882,0.018107908351810975,0.011813918002116397,-0.020331876039008205,-0.15379215082232198,1.226432674791872,0.011073538903645581,0.0090290638297979
2022-02-25,2022-03-02,2022-04-01,0.0512037966027665,-0.013607140498709992,0.1234567901234568,0.2050966183574879,0.1192567469398133,0.08583987141767462,0.009306547165824242,0.05789473684210522,-0.002261446878645554,-0.023538553688312834,-0.15379215082232198,1.2187096396225623,-0.013607140498709992,-0.011165202978885241
2022-03-31,2022-04-01,2022-05-02,-0.054041313018723114,0.06965926438218488,0.19444444444444442,0.3256449106449107,0.23660374649505087,0.08904116414985984,0.008343249498346639,-0.11073940641619484,0.044311619816832404,-0.057603313516763004,-0.15379215082232198,1.1355796871915915,0.06965926438218488,0.06134247131036625
2022-04-29,2022-05-02,2022-06-01,0.014873203485529915,0.033366615278133734,0.18666666666666668,0.227972027972028,0.16928904428904432,0.05868298368298371,0.010381724053844854,0.03530433105044861,0.03513446228431241,-0.09710745140081593,-0.15379215082232198,1.123268480863284,0.033366615278133734,0.029704933278720633
2022-05-31,2022-06-01,2022-07-01,-0.15890277931303431,0.022208568287288098,0.24,0.28149758454106283,0.23382238534412447,0.04767519919693835,0.010170981188405426,-0.1208422621820553,0.001183213533636144,-0.07424110380912252,-0.15379215082232198,1.1234716423623294,0.022208568287288098,0.01976780494484937
2022-06-30,2022-07-01,2022-08-01,0.03601322116639109,-0.03982014007816222,0.11111111111111112,0.2770531400966184,0.18803171466214944,0.08902142543446899,0.010348525664599206,0.05203476049173372,-0.02870716106779773,-0.0013200482296768835,-0.15379215082232198,1.0847307762901706,-0.03982014007816222,-0.03670969880134584
2022-07-29,2022-08-01,2022-09-01,0.06698307439431182,-0.04769084173667764,0.10666666666666665,0.22316003057109782,0.13178954374940882,0.09137048682168895,0.011711337299947777,0.06850005036768403,-0.033563515284554916,-0.0572500803988056,-0.15379215082232198,1.0814670308640124,-0.04769084173667764,-0.04409828536203843
2022-08-31,2022-09-01,2022-10-03,0.012735223024099745,0.0035260289716486357,0.11111111111111112,0.12964825550853037,0.07690373418839196,0.05274452132013844,0.010719829740920117,0.037051004053926695,0.00895413977577707,-0.0982658092600759,-0.15379215082232198,1.0829373299424367,0.0035260289716486357,0.0032559861721971122
2022-09-30,2022-10-03,2022-11-01,0.049076629327364486,-0.010490773575032725,0.2028985507246377,0.2552945459700493,0.17892703488978653,0.07636751108026277,0.010206765943569618,0.028727272727272712,-0.005248048388597291,-0.08966902787570209,-0.15379215082232198,1.0853185928661833,-0.010490773575032725,-0.009666077448583991
2022-10-31,2022-11-01,2022-12-01,-0.06671770451419039,0.06151955686317702,0.25,0.26530083354843575,0.18677619370170595,0.07852463984672985,0.010206766588433558,-0.04763167196889362,0.0524409365890755,-0.0912560312173036,-0.15379215082232198,1.0293349695047536,0.06151955686317702,0.05976631386843495
2022-11-30,2022-12-01,2023-01-02,-0.024505657747601117,0.02140935807394386,0.2028985507246377,0.2198422342792533,0.14951115014391156,0.07033108413534174,0.01123315227802002,-0.031641458661965216,0.02572017280394161,-0.1542775201679091,0.1542775201679091,1.0273891170424205,0.02140935807394386,0.02083860702707821
2022-12-29,2023-01-02,2023-02-01,0.06018589078918332,-0.012203792484192004,0.1739130434782609,0.3505156649337877,0.23828976043670805,0.1122259044970797,0.01123315676008696,0.049156765044078066,-0.019596138677034945,-0.1581251341358014,0.1581251341358014,1.0321886861744813,-0.012203792484192004,-0.011823218610758027
2023-01-31,2023-02-01,2023-03-01,-0.09378146363027372,-5.0282355036746026e-05,0.11594202898550726,0.19393736135798723,0.1213937372005543,0.07254362415743291,0.009181417470209174,-0.06923006667275544,0.012756123681191368,-0.1849603524843095,0.1849603524843095,1.0326222268611571,-5.0282355036746026e-05,-4.869385311372619e-05
2023-02-28,2023-03-01,2023-04-03,-0.00022959277237999168,0.02408825013283702,0.34782608695652173,0.6094148890366917,0.43762611278474356,0.1717887762519481,0.011746739431232722,-0.03100775193798444,0.027718758211825515,-0.13983030952493644,0.13983030952493644,1.0301636848585483,0.02408825013283702,0.023382934660664705
2023-03-31,2023-04-03,2023-05-02,0.033082031002634876,0.017797937353143934,0.2898550724637681,0.24535193227143237,0.2096262654934882,0.03572566677794415,0.009181415093999501,0.018734177215189884,0.014391269153290304,-0.14964059186076664,0.14964059186076664,1.035085005748359,0.017797937353143934,0.017194662519795807
2023-04-28,2023-05-02,2023-06-01,0.10051104190034905,0.006013975055426784,0.2318840579710145,0.22348382255349708,0.18531624841472996,0.03816757413876709,0.011233159120470848,0.04880715705765426,-0.0008217282895436167,-0.13578076285253196,0.13578076285253196,1.0359376293362648,0.006013975055426784,0.005805344728408018
2023-05-31,2023-06-01,2023-07-03,0.12880352750222882,0.057840089435301535,0.09999999999999998,0.0843776106934002,0.05052213868003341,0.03385547201336679,0.010719829510813517,0.08899630366789868,0.04412256668403358,-0.13279384715690232,0.13279384715690232,1.03395310115782,0.057840089435301535,0.05594072823083778
2023-06-30,2023-07-03,2023-08-01,0.009348307481175733,-0.00901418271852189,0.13333333333333333,0.233500417710944,0.155095779737028,0.07840463797391603,0.010719830985525425,0.020017406440382857,-0.011290837094934227,-0.000409513704112371,0.13279384715690232,1.044196636385045,-0.00901418271852189,-0.008632648683612434
2023-07-31,2023-08-01,2023-09-01,-0.046226208835257056,0.030980118676039652,0.16666666666666666,0.11774322023322613,0.059106834109485994,0.058636386123740135,0.011357367902327997,-0.037372013651877256,0.03452555962146125,0.0017041822553288898,0.13279384715690232,1.047943130802827,0.030980118676039652,0.029562786152628192
2023-08-31,2023-09-01,2023-10-02,-0.03924898772435718,-0.02136481086774939,0.18666666666666668,0.18747996229953426,0.10180530745371036,0.08567465484582389,0.009711351852934813,-0.0015954617975535434,-0.020531064720434627,-0.045253857975400734,0.13279384715690232,1.0299802665464362,-0.02136481086774939,-0.02074293223052363
2023-09-29,2023-10-02,2023-11-01,-0.026147751991756427,0.03516067288380714,0.15151515151515152,0.36599352343073344,0.24994990286043592,0.11604362057029756,0.009975718636292541,-0.022194602272727293,0.037308103802482645,-0.02772526417788751,0.13279384715690232,1.023278729507754,0.03516067288380714,0.03436079718056986
2023-10-31,2023-11-01,2023-12-01,0.11354316784986633,0.010000955054935142,0.10666666666666665,0.2247495750235526,0.14566156908289105,0.07908800594066157,0.009142098698161183,0.12057381514436183,-0.00638756226346465,-0.06659832329798174,0.13279384715690232,1.0391791890126731,0.010000955054935142,0.009623898515940331
2023-11-30,2023-12-01,2024-01-02,0.06251552610181933,0.009641123989901645,0.1333333333333333,0.36754790398091947,0.2707738982284464,0.09677400575247308,0.008927398268915976,0.051693404634581164,0.0023498798022508513,-0.07961829041118365,0.13279384715690232,1.0463053469859804,0.009641123989901645,0.009214445876315328
2023-12-28,2024-01-02,2024-02-01,-0.09497441059171424,-0.0029118493696735155,0.0909090909090909,0.15362068924927622,0.07348381900856683,0.08013687024070941,0.009648972284772572,-0.04360554699537755,0.0030336316321206056,-0.08217359230185012,0.13279384715690232,1.056197801801994,-0.0029118493696735155,-0.0027569167107766826
2024-01-31,2024-02-01,2024-03-01,0.028283601601216003,0.0058249044979607825,0.07999999999999997,0.18275746668350656,0.10345740008783488,0.0793000665956717,0.008002082283019796,0.008941517641372743,0.0043344373272793555,-0.04940472676166813,0.13279384715690232,1.0548893066447127,0.0058249044979607825,0.005521815854298553
2024-02-29,2024-03-01,2024-04-01,-0.0018101708359684998,-0.010363999092994472,0.16666666666666666,0.34939958592132503,0.2525983436853002,0.09680124223602478,0.008298727344210333,-0.004550898203592779,-0.009031135229600251,-0.04862664520742743,0.13279384715690232,1.0756094769420816,-0.010363999092994472,-0.009635466510074773
2024-03-28,2024-04-01,2024-05-02,-0.04210160616649922,0.020721115301079496,0.12121212121212122,0.18488455988455987,0.12752999924052555,0.057354560644034346,0.008874228478754409,-0.006496631376323392,0.019144923010909972,-0.036006323881928474,0.13279384715690232,1.1334031782399312,0.020721115301079496,0.018282210336887747
2024-04-30,2024-05-02,2024-06-03,-0.03484012480509164,-0.020177585513215548,0.10666666666666665,0.1257971014492754,0.07956521739130434,0.046231884057971045,0.008315279807550757,-0.042140954226204896,-0.012416415652430806,-0.047411262900080596,0.13279384715690232,1.1202006062891214,-0.020177585513215548,-0.018012475086991477
2024-05-31,2024-06-03,2024-07-01,-0.017640672643637823,-0.007217588311819106,0.08333333333333336,0.1945423175857958,0.13193024970198886,0.06261206788380697,0.00788328862247556,0.015929203539823078,-0.008376758407740706,0.006056214173905875,0.13279384715690232,1.1527008718478968,-0.007217588311819106,-0.006261458187542252
2024-06-28,2024-07-01,2024-08-01,0.010779749422509075,0.001438199960913212,0.06060606060606058,0.15401316022771602,0.08860380233608023,0.0654093578916358,0.009071127681215208,0.03368176538908241,-0.0032226622183046017,-0.005999186593220474,0.13279384715690232,1.150496473522473,0.001438199960913212,0.0012500689867478497
2024-07-31,2024-08-01,2024-09-02,0.1328006752656149,0.07304936787074745,0.07999999999999999,0.17501037759456897,0.1290272617365599,0.04598311585800909,0.008675026254220786,0.05914927768860356,0.05933763886384665,-0.01258026129389343,0.13279384715690232,1.087168752265379,0.07304936787074745,0.06719229900466825
2024-08-30,2024-09-02,2024-10-01,-0.020322665522361925,-0.011301277015486102,0.05797101449275364,0.1426392067124333,0.08259174506314094,0.060047461649292345,0.008360534647679385,-0.023262862771842086,-0.014169619516888665,0.158102037044258,-0.158102037044258,1.0771621802638631,-0.011301277015486102,-0.010491713525179398
2024-09-30,2024-10-01,2024-11-01,0.007425951387510813,0.03580062802622699,0.11594202898550725,0.2429657807232178,0.16798831730181848,0.07497746342139934,0.009279467098409544,-0.02009309542280835,0.029646236768431932,0.1881452487851896,-0.1881452487851896,1.0710202879696578,0.03580062802622699,0.03342665720562076
2024-10-31,2024-11-01,2024-12-02,-0.03964198163358601,0.014220279027723099,0.057971014492753624,0.14256697408871322,0.07128348704435661,0.07128348704435661,0.00794797971295047,-0.03586414377325631,0.008237258076011505,0.12494882629349074,-0.12494882629349074,1.11808352227732,0.014220279027723099,0.012718440746500886
2024-11-29,2024-12-02,2025-01-02,-0.06925187972037754,0.0335890225961011,0.10666666666666665,0.16258077671121154,0.0964419035071209,0.06613887320409066,0.00935023612288699,-0.037608802759073745,0.02611641956140784,0.10830696884200454,-0.10830696884200454,1.1125982013147493,0.0335890225961011,0.030189714990019934
2024-12-30,2025-01-02,2025-02-03,0.05127464828472215,-0.012235263072474089,0.2028985507246377,0.33832894158981114,0.2453184935040743,0.09301044808573682,0.010167641254021476,0.04854948805460757,-0.005786943415901504,0.05796015283934313,-0.10830696884200454,1.1077456907340577,-0.012235263072474089,-0.011045191305927158
2025-01-31,2025-02-03,2025-03-05,-0.03925007485731862,0.018026054185816834,0.1739130434782609,0.19619805309792634,0.13839893844472032,0.057799114653205995,0.009853323047298579,-0.023435592806574923,0.013747709055395524,-0.02644137336153898,-0.10830696884200454,1.1068471549416838,0.018026054185816834,0.01628594707529114
2025-02-28,2025-03-05,2025-04-01,0.08087896139258147,-0.06949565314064093,0.21333333333333335,0.2977248786000079,0.1994366431068093,0.09828823549319861,0.009675600186987987,0.05949504207982659,-0.06367711500996572,-0.030392909825354603,-0.10830696884200454,0.9910841125942759,-0.06949565314064093,-0.07012084267875925
2025-03-31,2025-04-01,2025-05-02,0.09892455745445178,0.03081638033882666,0.18181818181818185,0.30223665223665225,0.22505021328977834,0.07718643894687392,0.010558782328976779,0.03515532835233981,0.021241679037613304,-0.244248366000565,0.244248366000565,1.033125234950444,0.03081638033882666,0.029828310543885638
2025-04-30,2025-05-02,2025-06-02,0.10549053691813713,0.03113998886816203,0.15151515151515152,0.21254914984552997,0.1439052825302245,0.06864386731530545,0.01140534042980823,0.025907916729980274,0.025280229835661916,-0.18806376786473689,0.18806376786473689,1.0327474104456142,0.03113998886816203,0.03015257027342786
2025-05-30,2025-06-02,2025-07-01,-0.0013660514574675515,-0.009753535549776149,0.19444444444444445,0.3355462954874446,0.23079955114670558,0.10474674434073901,0.010979288886836747,0.007035473598459463,-0.010627231399233448,-0.16521931243606613,0.16521931243606613,1.0305024073148916,-0.009753535549776149,-0.009464835288633879
2025-06-30,2025-07-01,2025-08-01,-0.05089766504457286,0.011682239881966865,0.21212121212121207,0.17636859293700868,0.13440667123161004,0.04196192170539867,0.012757340542210782,-0.03213707898220308,0.015719660979066564,-0.14906213487501643,0.14906213487501643,1.0688977959615618,0.011682239881966865,0.010929239377332353
2025-07-31,2025-08-01,2025-09-01,0.047686373038773905,0.0291871581882768,0.1794871794871795,0.20172040077554676,0.11550283018961109,0.0862175705859357,0.01164157616858752,0.05387128637641503,0.01799605204012542,-0.14688708179470708,0.14688708179470708,1.1265237568203006,0.0291871581882768,0.02590904808848398
2025-08-29,2025-09-01,2025-09-30,0.03344518425714344,0.031816917875030194,0.11111111111111112,0.14829484779141533,0.10465848415505163,0.043636363636363674,0.011641573743742972,0.03900504686373485,0.02268148416427603,-0.061972446341461075,0.14688708179470708,1.1198872824177648,0.031816917875030194,0.028410821673355832
2025-09-30,2025-10-01,2025-10-31,,,0.12698412698412698,0.30833176485350405,0.20874677911291184,0.09958498574059221,0.0005513102011314164,-0.00834492350486804,,-0.030528966553163145,0.14688708179470708,1.1140922198490621,,
