month_end,trade_date,next_trade_date,D10,LS,turnover_D10,turnover_LS,turnover_LS_reconst,turnover_LS_reweight,ls_gross_long,ls_gross_short,risk_ls_weighted_multiplier,risk_ls_weighted_score,risk_ls_flagged,risk_ls_high,risk_d10_weighted_multiplier,risk_d10_weighted_score,risk_d10_flagged,risk_d10_high,risk_universe_flagged,risk_universe_high,risk_universe_avg_multiplier,dispersion,dispersion_gate_active,CDI,BOVA11,LS_pre_overlay,beta_est,hedge_ratio,vt_scale,LS_vt,LS_pre_vt,LS_carry,LS_borrow_cost,LS_financing_net,LS_net
2010-06-30,2010-07-01,2010-08-02,0.1072261376545504,0.021835307642943124,0.0,6.47630097698008e-17,0.0,6.47630097698008e-17,0.49999999999999983,0.5,0.986111111111111,0.05555555555555554,1.0,0.0,1.0,0.0,0.0,0.0,3.0,0.0,0.9895833333333334,2.1706982678067694,1,0.008610622664495526,0.1338932806324109,0.021835307642943124,0.0,0.0,1.0,0.021835307642943124,0.021835307642943124,0.004305311332247763,0.003217015055001715,0.001088296277246048,0.022923603920189172
2010-07-30,2010-08-02,2010-09-01,-0.15416614420060573,-0.05625374227204277,0.09523809523809525,0.17460317460317465,0.09523809523809523,0.07936507936507944,0.49999999999999994,0.49999999999999983,1.0,0.0,0.0,0.0,1.0,0.0,0.0,0.0,0.0,0.0,1.0,2.1644832350601546,1,0.008862278042468974,-0.06027596223674647,-0.05625374227204277,0.0,0.0,1.0,-0.05625374227204277,-0.05625374227204277,0.004431139021234485,0.0032170150550017143,0.001214123966232771,-0.05503961830581
2010-08-31,2010-09-01,2010-10-01,0.0566010921471706,0.0020602668231983396,0.09523809523809525,0.34126984126984133,0.22222222222222224,0.11904761904761907,0.5,0.5000000000000001,1.0,0.0,0.0,0.0,1.0,0.0,0.0,0.0,0.0,0.0,1.0,2.0835779084520154,1,0.00844600472113366,0.06646058732612059,0.0020602668231983396,0.0,0.0,1.0,0.0020602668231983396,0.0020602668231983396,0.004223002360566831,0.003217015055001716,0.0010059873055651147,0.0030662541287634544
2010-09-30,2010-10-01,2010-11-01,0.057131899478983894,0.004291509491772511,0.2500000000000001,0.5456349206349206,0.3339285714285715,0.21170634920634915,0.5,0.5,1.0,0.0,0.0,0.0,1.0,0.0,0.0,0.0,1.0,0.0,0.9964285714285714,2.1939129809565583,1,0.00805664196708844,0.020289855072463947,0.004291509491772511,0.0,0.0,1.0,0.004291509491772511,0.004291509491772511,0.00402832098354422,0.003217015055001715,0.000811305928542505,0.005102815420315016
2010-10-29,2010-11-01,2010-12-01,0.02251037853243494,0.0005374066620947833,0.25000000000000006,0.31481481481481477,0.1574074074074074,0.15740740740740733,0.5,0.5,1.0,0.0,0.0,0.0,0.9895833333333334,0.04166666666666667,1.0,0.0,1.0,0.0,0.9967105263157895,2.205571184211837,1,0.00805628538097003,-0.03451704545454559,0.0005374066620947833,0.0,0.0,1.0,0.0005374066620947833,0.0005374066620947833,0.004028142690485015,0.003217015055001715,0.0008111276354832997,0.001348534297578083
2010-11-30,2010-12-01,2011-01-03,0.01583762249133397,0.0028526321148776845,0.22857142857142862,0.2824244751664108,0.1312169312169312,0.15120754394947958,0.5,0.49999999999999983,0.9877666837344257,0.048933265062297324,1.0,0.0,0.9616071428571429,0.15357142857142855,2.0,0.0,2.0,0.0,0.9936708860759493,2.222176393850236,1,0.009271505547568726,0.01515374429895533,0.0028526321148776845,0.0,0.0,1.0,0.0028526321148776845,0.0028526321148776845,0.004635752773784361,0.0032170150550017143,0.001418737718782647,0.004271369833660331
2010-12-30,2011-01-03,2011-02-01,-0.034331420971354144,0.007342922268251238,0.3703703703703704,0.6253114866018094,0.40139031120213914,0.22392117539967013,0.5,0.5,1.0,0.0,0.0,0.0,1.0,0.0,0.0,0.0,1.0,0.0,0.9967948717948718,2.315325043891559,1,0.008623965390338384,-0.030724637681159517,0.0034374637444160396,0.1271116217663339,-0.1271116217663339,1.0,0.007342922268251238,0.007342922268251238,0.004311982695169192,0.003217015055001715,0.0010949676401674768,0.008437889908418716
2011-01-31,2011-02-01,2011-03-01,-0.012151668901976232,-0.0065733502769516755,0.3333333333333333,0.38981481481481467,0.23657407407407405,0.15324074074074065,0.5,0.49999999999999983,1.0,0.0,0.0,0.0,1.0,0.0,0.0,0.0,1.0,0.0,0.9967948717948718,2.24213414153394,1,0.008425009434362085,-0.0011961722488037507,-0.006725397671409003,0.09661033725525857,-0.1271116217663339,1.0,-0.0065733502769516755,-0.0065733502769516755,0.004212504717181041,0.0032170150550017143,0.0009954896621793266,-0.005577860614772349
2011-02-28,2011-03-01,2011-04-01,0.023378291099279375,-0.007266333574638991,0.22222222222222218,0.26851851851851855,0.15806878306878303,0.11044973544973546,0.5,0.5,1.0,0.0,0.0,0.0,1.0,0.0,0.0,0.0,0.0,0.0,1.0,2.227139623110141,1,0.009206833909138457,0.017964071856287456,-0.0049828912674593365,0.09762187586584452,-0.1271116217663339,1.0,-0.007266333574638991,-0.007266333574638991,0.004603416954569228,0.003217015055001715,0.0013864018995675131,-0.005879931675071478
2011-03-31,2011-04-01,2011-05-02,0.030786795935186434,0.028212264254683712,0.3333333333333333,0.49444444444444446,0.31388888888888883,0.18055555555555558,0.49999999999999994,0.5,1.0,0.0,0.0,0.0,1.0,0.0,0.0,0.0,1.0,0.0,0.9971910112359551,2.2845186088295533,1,0.008396233613529702,-0.03676470588235292,0.023539042866215557,0.09171756026714194,-0.1271116217663339,1.0,0.028212264254683712,0.028212264254683712,0.004198116806764851,0.003217015055001715,0.000981101751763136,0.02919336600644685
2011-04-29,2011-05-02,2011-06-01,0.010370535054015771,0.01661134080057356,0.29629629629629634,0.3885521885521886,0.2243686868686869,0.16418350168350174,0.49999999999999994,0.49999999999999983,1.0,0.0,0.0,0.0,1.0,0.0,0.0,0.0,0.0,0.0,1.0,2.2010912119078747,1,0.009853034390991944,-0.029312977099236637,0.012885320742690188,0.002553791623389125,-0.1271116217663339,1.0,0.01661134080057356,0.01661134080057356,0.00492651719549597,0.0032170150550017143,0.0017095021404942559,0.018320842941067818
2011-05-31,2011-06-01,2011-07-01,-0.010113400023147897,0.034199704311497124,0.29629629629629617,0.2870370370370372,0.12499999999999999,0.16203703703703723,0.49999999999999983,0.49999999999999994,1.0,0.0,0.0,0.0,1.0,0.0,0.0,0.0,0.0,0.0,1.0,2.2589896507595335,1,0.009535252207044431,-0.0301981755268953,0.022548271019705152,-0.01510507793436316,-0.1271116217663339,1.2960908954482722,0.034199704311497124,0.02638681008531323,0.006179276785676664,0.004169543923307745,0.0020097328623689195,0.036209437173866044
2011-06-30,2011-07-01,2011-08-01,-0.061973290182900966,-0.03561914736154058,0.12121212121212137,0.26178451178451173,0.20126262626262625,0.060521885521885525,0.49999999999999983,0.5,1.0,0.0,0.0,0.0,1.0,0.0,0.0,0.0,0.0,0.0,1.0,2.1962257994526495,1,0.009675260632866944,-0.05124878365228669,-0.03498951467141278,-0.043486381554256055,-0.1271116217663339,1.2508831905638538,-0.03561914736154058,-0.028475198667818637,0.006051310444988727,0.004024110056092497,0.00202720038889623,-0.03359194697264435
2011-07-29,2011-08-01,2011-09-01,-0.046242482846123624,-0.02096560444411906,0.1481481481481481,0.2612794612794613,0.1658249158249158,0.09545454545454542,0.49999999999999994,0.49999999999999994,1.0,0.0,0.0,0.0,1.0,0.0,0.0,0.0,1.0,0.0,0.9971910112359551,2.165380851005663,1,0.010704896208957981,-0.029401709401709386,-0.020188405223301124,0.10007984495982218,-0.1271116217663339,1.2744191250497892,-0.02096560444411906,-0.016451106258547378,0.006821262230184516,0.004099825511667285,0.0027214367185172316,-0.018244167725601827
2011-08-31,2011-09-01,2011-10-03,-0.07354017293474312,0.006466333574302924,0.19999999999999987,0.20831721470019335,0.12082527401676336,0.08749194068342997,0.49999999999999994,0.49999999999999983,0.9973404255319149,0.010638297872340434,1.0,0.0,1.0,0.0,0.0,0.0,1.0,0.0,0.9971590909090909,2.1970763083364226,1,0.009398254167376052,-0.09915463191264529,-0.006349060850383074,0.11343746090436588,-0.11343746090436588,1.3199861838882951,0.006466333574302924,0.004898788830694415,0.006202782826803489,0.004246415425962906,0.0019563674008405826,0.008422700975143506
2011-09-30,2011-10-03,2011-11-01,0.028220636575725388,-0.016576239242244876,0.24242424242424254,0.29779353821907,0.19056343577620172,0.10723010244286828,0.5,0.49999999999999983,1.0,0.0,0.0,0.0,1.0,0.0,0.0,0.0,0.0,0.0,1.0,2.2064521182956733,1,0.008789482465142662,0.08856304985337249,-0.002212692726525854,0.052449320015495286,-0.11343746090436588,1.3521623133226077,-0.016576239242244876,-0.012259060231839201,0.005942403471487897,0.004349926518764774,0.0015924769527231233,-0.014983762289521753
2011-10-31,2011-11-01,2011-12-01,-0.0351459835206849,-0.04117365199117338,0.1481481481481481,0.24444444444444444,0.16157407407407406,0.08287037037037036,0.49999999999999994,0.49999999999999983,1.0,0.0,0.0,0.0,1.0,0.0,0.0,0.0,0.0,0.0,1.0,2.2024829089008366,1,0.008567424211848751,0.025502873563218342,-0.028427739490385438,0.024050575632305893,-0.11343746090436588,1.3145818823342352,-0.04117365199117338,-0.031320720713162005,0.005631290323584014,0.0042290297065017265,0.0014022606170822878,-0.03977139137409109
2011-11-30,2011-12-01,2012-01-02,-0.025289748212353674,0.05446177019174876,0.20784313725490192,0.2559461060409826,0.16070261437908495,0.09524349166189762,0.49999999999999994,0.49999999999999994,0.9850433721875848,0.05982651124966116,2.0,0.0,0.9677015250544662,0.12919389978213505,2.0,0.0,2.0,0.0,0.9940476190476191,2.1947410881832017,1,0.009047373489255106,-0.010332749562171673,0.04435472807135795,2.282772003561083e-05,-0.11343746090436588,1.1962560874029378,0.05446177019174876,0.045526848945851406,0.005411487805764688,0.0038483738428126977,0.0015631139629519904,0.05602488415470075
2011-12-29,2012-01-02,2012-02-01,0.09141476588971592,-0.0020337510506794002,0.0666666666666667,0.38432301235906546,0.24757625272331155,0.1367467596357539,0.5,0.49999999999999994,1.0,0.0,0.0,0.0,1.0,0.0,0.0,0.0,0.0,0.0,1.0,2.1445201026068923,1,0.00883164575843809,0.10953813484339059,0.010773285675383645,-0.009357741760259055,-0.11343746090436588,1.2307547181529077,-0.0020337510506794002,-0.0016524422134506327,0.005434794843126396,0.003959356457312296,0.0014754383858140993,-0.0005583126648653009
2012-01-31,2012-02-01,2012-03-01,0.09754250603908497,-0.015194228497861811,0.1333333333333332,0.2025641025641026,0.12124542124542126,0.08131868131868131,0.49999999999999994,0.5,0.9935897435897437,0.02564102564102567,1.0,0.0,1.0,0.0,0.0,0.0,1.0,0.0,0.9970238095238095,2.0892398395888545,1,0.007414836145679615,0.0389154704944179,-0.007686035603584138,0.015139435499026334,-0.11343746090436588,1.255668670375169,-0.015194228497861811,-0.012100507766369673,0.004655288722047632,0.004039505016690904,0.0006157837053567278,-0.014578444792505084
2012-02-29,2012-03-01,2012-04-02,-0.009677815425888006,0.02785122251608139,0.2564102564102564,0.414222492483362,0.2824317590621938,0.13179073342116818,0.49999999999999994,0.49999999999999994,1.0,0.0,0.0,0.0,1.0,0.0,0.0,0.0,0.0,0.0,1.0,2.122986366861292,1,0.008054920154665135,-0.032238256063862436,0.018485151606217613,0.009314081176787323,-0.11343746090436588,1.2578357523026353,0.02785122251608139,0.022142177518086944,0.005065883276240439,0.004046476551876985,0.0010194067243634534,0.028870629240444846
2012-03-30,2012-04-02,2012-05-02,-0.031981691022191866,0.011939839770903252,0.1333333333333334,0.31499836717227997,0.22416585025280675,0.09083251691947318,0.49999999999999983,0.5,1.0,0.0,0.0,0.0,1.0,0.0,0.0,0.0,0.0,0.0,1.0,2.149768413387309,1,0.006971980611159889,-0.037753807106599035,0.00501337694244905,-0.015812950620526782,-0.11343746090436588,1.2843960909254124,0.011939839770903252,0.00929607296009485,0.004477392321490765,0.004131921561092404,0.0003454707603983611,0.012285310531301613
2012-04-30,2012-05-02,2012-06-01,-0.1405634395864008,0.0362583679565749,0.2539682539682541,0.43857543797828896,0.27963357335215017,0.15894186462613877,0.5,0.49999999999999994,0.9812327773537862,0.0750688905848564,2.0,0.0,0.9586080586080588,0.1655677655677656,2.0,0.0,3.0,0.0,0.9921052631578947,2.1977723988137687,1,0.0073093626688405244,-0.13748763600395641,0.012917476228356733,-0.013914108008764883,-0.11343746090436588,1.2716110754749024,0.0362583679565749,0.028513724562389226,0.0046473332621802,0.004090791973909683,0.0005565412882705175,0.03681490924484542
2012-05-31,2012-06-01,2012-07-02,0.027783621135853347,0.024206214098487888,0.20512820512820518,0.4322834047469784,0.27915317626195635,0.15313022848502209,0.5000000000000001,0.49999999999999994,1.0,0.0,0.0,0.0,1.0,0.0,0.0,0.0,0.0,0.0,1.0,2.1744970450915244,1,0.006386582234745086,0.020451070336391375,0.021156634116528638,-0.022493550233853982,-0.11343746090436588,1.2850548522150118,0.024206214098487888,0.018836716624791805,0.004103554244914683,0.004134040806078696,-3.0486561164013402e-05,0.024175727537323874
2012-06-29,2012-07-02,2012-08-01,0.02744950107952862,0.0013497456627609406,0.2777777777777779,0.4053631553631552,0.24434824434824431,0.16101491101491092,0.49999999999999994,0.5,1.0,0.0,0.0,0.0,1.0,0.0,0.0,0.0,0.0,0.0,1.0,2.212683390277775,1,0.0067345607664746066,0.05206967596928269,0.006935009969092766,-0.008562402698837918,-0.11343746090436588,1.3125249017493772,0.0013497456627609406,0.001028358137024261,0.004419639354171147,0.004222412368992393,0.00019722698517875368,0.0015469726479396943
2012-07-31,2012-08-01,2012-09-03,0.05953755066520266,-0.000843617741826132,0.23809523809523828,0.2626027719050974,0.204040404040404,0.0585623678646934,0.49999999999999994,0.5,0.9970930232558138,0.011627906976744179,1.0,0.0,0.9930555555555555,0.02777777777777776,1.0,0.0,3.0,0.0,0.9918478260869565,2.1928381133886616,1,0.006849965314555062,0.004094712479971507,-0.000165557083807545,-0.010387481417580285,-0.11343746090436588,1.3389676629292706,-0.000843617741826132,-0.000630050870668932,0.004585941024188179,0.004307479129803926,0.0002784618943842531,-0.0005651558474418788
2012-08-31,2012-09-03,2012-10-01,0.09691471133516853,0.036631197394755566,0.2564102564102564,0.29785330948121636,0.24337109918505265,0.054482210296163736,0.49999999999999983,0.49999999999999994,1.0,0.0,0.0,0.0,1.0,0.0,0.0,0.0,0.0,0.0,1.0,2.1786546325528695,1,0.005369965266185606,0.03280141843971629,0.031228827623694593,-0.01189446623234946,-0.11343746090436588,1.3316601202721554,0.036631197394755566,0.02750791800183153,0.00357548429611301,0.004283970655060918,-0.0007084863589479078,0.03592271103580766
2012-09-28,2012-10-01,2012-11-01,0.0034423332423843146,0.029517328452782838,0.3333333333333333,0.34107744107744103,0.24461279461279462,0.0964646464646464,0.5,0.5,1.0,0.0,0.0,0.0,1.0,0.0,0.0,0.0,0.0,0.0,1.0,2.182234198042056,1,0.006063543747743205,-0.030214592274678043,0.018616727235965348,0.01103252355896625,-0.11343746090436588,1.3390069345420328,0.029517328452782838,0.022044193865865494,0.004059563563063569,0.004307605467173415,-0.0002480419041098461,0.02926928654867299
2012-10-31,2012-11-01,2012-12-03,0.03806081145012464,0.029367879428251184,0.35658914728682184,0.3481987435475806,0.2365993717737903,0.11159937177379027,0.49999999999999983,0.49999999999999994,0.9970930232558141,0.011627906976744196,1.0,0.0,0.9941860465116279,0.023255813953488382,1.0,0.0,2.0,0.0,0.9948453608247423,2.1675616090455647,1,0.005443435742476632,0.0070808992742077415,0.022596214392857875,0.0030112317324563257,-0.11343746090436588,1.3475846787768084,0.029367879428251184,0.021792975158272183,0.0036677453032337845,0.004335200199514643,-0.0006674548962808582,0.028700424531970324
2012-11-30,2012-12-03,2013-01-02,0.041558567272821555,-0.02256030281617024,0.3076923076923077,0.5407104523383591,0.36757744839140183,0.17313300394695727,0.4999999999999998,0.49999999999999994,1.0,0.0,0.0,0.0,1.0,0.0,0.0,0.0,0.0,0.0,1.0,2.114297360109769,1,0.005336783593778316,0.06890490420108986,-0.008917787061454518,0.006194014885595792,-0.11343746090436588,1.3481566968447947,-0.02256030281617024,-0.016734184437884728,0.003597410270781833,0.004337040390251087,-0.0007396301194692542,-0.023299932935639495
2012-12-28,2013-01-02,2013-02-01,0.018649157238318764,0.04537271062414953,0.33333333333333326,0.38816738816738816,0.27460317460317457,0.11356421356421363,0.49999999999999994,0.5,0.9957431457431457,0.017027417027417044,1.0,0.0,1.0,0.0,0.0,0.0,1.0,0.0,0.9974747474747475,2.0520333417357683,1,0.005867469311010121,-0.034862687058049735,0.03020826693546001,-0.05153611200965974,-0.11343746090436588,1.3281242411916825,0.04537271062414953,0.034163001635628666,0.0038963641132004003,0.0042725956788263715,-0.0003762315656259713,0.04499647905852355
2013-01-31,2013-02-01,2013-03-01,-0.03055201754413704,0.008704331343975072,0.30769230769230776,0.3733889204477439,0.24456483059424236,0.12882408985350155,0.5,0.5000000000000001,0.9929793951478897,0.028082419408441365,1.0,0.0,1.0,0.0,0.0,0.0,1.0,0.0,0.9975,2.060832012758351,1,0.004816879234908811,-0.05213835406372458,0.0005332750442291564,-0.07690523048906897,-0.11343746090436588,1.3499864538562627,0.008704331343975072,0.006447717544950899,0.003251360858494207,0.004342926746103976,-0.0010915658876097687,0.007612765456365303
2013-02-28,2013-03-01,2013-04-01,-0.007857451812707113,0.05098959271407026,0.10256410256410259,0.1811853815841853,0.13939682783152374,0.04178855375266154,0.5000000000000002,0.5,1.0,0.0,0.0,0.0,1.0,0.0,0.0,0.0,0.0,0.0,1.0,2.07987085109253,1,0.005378582620114258,-0.013122415962610212,0.0370871854409645,-0.033293463709579876,-0.11343746090436588,1.3218040046604054,0.05098959271407026,0.03857575898869393,0.0035547160233319413,0.004252263382754081,-0.0006975473594221398,0.050292045354648124
2013-03-28,2013-04-01,2013-05-02,0.001004611439129298,0.02280213144418328,0.13333333333333333,0.3615384615384613,0.2087412587412588,0.15279720279720252,0.5,0.5,1.0,0.0,0.0,0.0,1.0,0.0,0.0,0.0,0.0,0.0,1.0,2.0541380675830547,1,0.006016252919069931,-0.012750455373406133,0.015605704974019141,-0.03934261842315979,-0.11343746090436588,1.3372049481215773,0.02280213144418328,0.01705208425695276,0.004022481586265597,0.004301808449729902,-0.0002793268634643043,0.022522804580718977
2013-04-30,2013-05-02,2013-06-03,-0.003301500415970842,0.07188151829775132,0.20512820512820507,0.18333333333333332,0.12196969696969699,0.06136363636363634,0.5000000000000001,0.5,1.0,0.0,0.0,0.0,1.0,0.0,0.0,0.0,0.0,0.0,1.0,2.0197539478813504,1,0.00586678014293307,-0.030996309963099655,0.0535759392348483,-0.039002486607574154,-0.11343746090436588,1.259045315255105,0.07188151829775132,0.05709208193446702,0.003693271027295779,0.004050367734105054,-0.0003570967068092746,0.07152442159094204
2013-05-31,2013-06-03,2013-07-01,-0.11625232693781667,0.010206090268885488,0.2564102564102565,0.5073815073815072,0.3850038850038851,0.12237762237762217,0.5000000000000001,0.5000000000000001,1.0,0.0,0.0,0.0,1.0,0.0,0.0,0.0,0.0,0.0,1.0,2.227990690516588,1,0.005919441025405314,-0.11462300076161469,-0.005012967522543657,-0.08787994571166992,-0.11343746090436588,1.2774259860196282,0.010206090268885488,0.00798957464509311,0.003780823894281712,0.004109498628675555,-0.00032867473439384277,0.009877415534491646
2013-06-28,2013-07-01,2013-08-01,0.007799585833148222,-0.016187473018311627,0.26666666666666655,0.3034188034188034,0.2267094017094017,0.07670940170940163,0.5,0.5,1.0,0.0,0.0,0.0,1.0,0.0,0.0,0.0,0.0,0.0,1.0,2.198476951222412,1,0.0071068152139550644,0.030322580645161246,-0.009301728951041404,0.05713781527109315,-0.11343746090436588,1.270458128851064,-0.016187473018311627,-0.012741445507496365,0.004514455579405812,0.004087082927263182,0.00042737265214263034,-0.015760100366168997
2013-07-31,2013-08-01,2013-09-02,-0.015085705093132243,-0.04137672114149805,0.2222222222222222,0.31111111111111117,0.22184343434343431,0.08926767676767687,0.49999999999999994,0.5,1.0,0.0,0.0,0.0,1.0,0.0,0.0,0.0,0.0,0.0,1.0,2.225460478139935,1,0.0069759345084061675,0.06073888541014405,-0.0232061428427127,-0.009096691553956204,-0.11343746090436588,1.3748151076534882,-0.04137672114149805,-0.030096207781800676,0.004795310076079054,0.004422800899165075,0.00037250917691397916,-0.04100421196458407
2013-08-30,2013-09-02,2013-10-01,0.08837154245655608,0.036944108166696306,0.2564102564102564,0.4206811706811706,0.31640119140119144,0.10427997927997916,0.5000000000000001,0.49999999999999994,1.0,0.0,0.0,0.0,1.0,0.0,0.0,0.0,0.0,0.0,1.0,2.1961351043467894,1,0.006991089252236904,0.010035419126328105,0.028298495526112428,-0.07815012354687936,-0.11343746090436588,1.3602344616770943,0.036944108166696306,0.02716010306131066,0.004754760262776492,0.004375894741547365,0.00037886552122912663,0.037322973687925434
2013-09-30,2013-10-01,2013-11-01,0.04792792095197574,0.03273069049930889,0.1212121212121212,0.25850815850815834,0.1625874125874126,0.09592074592074573,0.5,0.5000000000000001,1.0,0.0,0.0,0.0,1.0,0.0,0.0,0.0,1.0,0.0,0.9975,2.2054544586184104,1,0.008056071351680183,0.03623611922852121,0.028344523165139992,-0.0669476322648162,-0.11343746090436588,1.3506108882692525,0.03273069049930889,0.024233989806828678,0.005440308842126626,0.004344935561011425,0.0010953732811152007,0.03382606378042409
2013-10-31,2013-11-01,2013-12-02,-0.02191291982951323,0.01964691523823697,0.15384615384615377,0.2976595853465245,0.17309964047252183,0.12455994487400263,0.49999999999999994,0.5000000000000002,0.9929793951478896,0.028082419408441358,1.0,0.0,1.0,0.0,0.0,0.0,2.0,0.0,0.9949494949494949,2.2051026852692877,1,0.007121615167924977,-0.05433352133859748,0.008363497055722079,-0.03626794055874783,-0.11343746090436588,1.3524456376081417,0.01964691523823697,0.01452695375836576,0.004815798683292057,0.004350837977256788,0.0004649607060352688,0.020111875944272238
2013-11-29,2013-12-02,2014-01-02,-0.02668653897137725,-0.02569760466702647,0.2777777777777778,0.24302116036911645,0.15079365079365079,0.0922275095754657,0.5,0.5000000000000001,1.0,0.0,0.0,0.0,1.0,0.0,0.0,0.0,0.0,0.0,1.0,2.2144879628684997,1,0.007803801225700457,-0.001391650099403563,-0.019612263584524833,-0.01666634880993686,-0.11343746090436588,1.3209149021261246,-0.02569760466702647,-0.019454398330781185,0.005154078666128927,0.004249403126515861,0.0009046755396130658,-0.024792929127413404
2013-12-30,2014-01-02,2014-02-03,-0.07635559860307232,0.029085982039827492,0.24242424242424263,0.49263514263514246,0.3530094905094905,0.13962565212565192,0.5,0.5,1.0,0.0,0.0,0.0,1.0,0.0,0.0,0.0,0.0,0.0,1.0,2.026505192582209,1,0.0084159347753745,-0.08023093768664136,0.013032579209781875,-0.023039909200721475,-0.11343746090436588,1.3140995867208751,0.029085982039827492,0.02213377306693087,0.005529688205094736,0.004227478154252587,0.001302210050842149,0.03038819209066964
2014-01-31,2014-02-03,2014-03-05,0.008421516674590112,0.0002950421592531224,0.25641025641025644,0.27428127428127413,0.21526975440018922,0.05901151988108493,0.49999999999999994,0.5000000000000001,1.0,0.0,0.0,0.0,1.0,0.0,0.0,0.0,3.0,0.0,0.9927184466019418,2.098286782193752,1,0.007836869701381088,-0.0021645021645021467,-2.2132618510738802e-05,-0.031960030100127435,-0.11343746090436588,1.320672258315564,0.0002950421592531224,0.00022340301115238877,0.005174968203323891,0.004248622537724284,0.000926345665599607,0.0012213878248527293
2014-02-28,2014-03-05,2014-04-01,0.03640044529300654,-0.014993182602071371,0.1111111111111111,0.13888888888888884,0.09987922705314012,0.03900966183574873,0.49999999999999983,0.5000000000000001,1.0,0.0,0.0,0.0,1.0,0.0,0.0,0.0,2.0,0.0,0.9951456310679612,2.178792596131874,1,0.007599483935512019,0.0661605206073752,-0.003899560285678886,-0.036639591295013554,-0.11343746090436588,1.3146561657540226,-0.014993182602071371,-0.011404641755490504,0.0049953542061847616,0.004229268677381521,0.0007660855288032405,-0.01422709707326813
2014-03-31,2014-04-01,2014-05-02,0.0060673586371595145,-0.0004884209144122524,0.28571428571428575,0.41636141636141605,0.2851648351648352,0.1311965811965809,0.5,0.5,1.0,0.0,0.0,0.0,1.0,0.0,0.0,0.0,1.0,0.0,0.9975728155339806,2.142271117173678,1,0.008163585883203206,0.023194303153611484,0.0022628553463039203,-0.04584073494032701,-0.11343746090436588,1.3263386716032541,-0.0004884209144122524,-0.0003682475108878927,0.005413839827923409,0.004266851474578644,0.0011469883533447647,0.0006585674389325123
2014-04-30,2014-05-02,2014-06-02,0.029481742377427258,-0.010402180337299156,0.2051282051282051,0.35347985347985333,0.29416416916416915,0.0593156843156842,0.5,0.49999999999999983,1.0,0.0,0.0,0.0,1.0,0.0,0.0,0.0,1.0,0.0,0.9975728155339806,2.1127645460221225,1,0.00858300624253161,-0.004971167230065632,-0.008448803074880528,-0.04542333361955494,-0.11343746090436588,1.319255559990062,-0.010402180337299156,-0.007884886486570894,0.005661589353444616,0.004244064997882747,0.0014175243555618697,-0.008984655981737286
2014-05-30,2014-06-02,2014-07-01,0.04944192123747726,0.005878376486027978,0.25641025641025644,0.35897435897435886,0.28888888888888886,0.07008547008546999,0.5000000000000001,0.5,1.0,0.0,0.0,0.0,1.0,0.0,0.0,0.0,1.0,0.0,0.9975490196078431,2.136361983520948,1,0.008174066222165877,0.04276578737010395,0.009259858558763979,-0.03959637996912564,-0.11343746090436588,1.3333835799682807,0.005878376486027978,0.004408616225923388,0.005449582841104668,0.004289515050850043,0.0011600677902546255,0.007038444276282603
2014-06-30,2014-07-01,2014-08-01,0.014349450412292438,0.02438799140182203,0.2259887005649719,0.3132336652361683,0.22940947940947942,0.08382418582668892,0.5000000000000001,0.5000000000000001,0.9926167178670307,0.029533128531877003,1.0,0.0,0.9829421990438941,0.06823120382442424,1.0,0.0,1.0,0.0,0.9975490196078431,2.042066048597156,1,0.009404271848245882,0.03583748562667677,0.021668041165128795,-0.01776361586240791,-0.11343746090436588,1.3854665988225128,0.02438799140182203,0.017602727790441877,0.0065146522659957655,0.004457066906614046,0.0020575853593817195,0.02644557676120375
2014-07-31,2014-08-01,2014-09-01,0.08271300220577359,-0.00043834206156706073,0.23809523809523805,0.18502625173463708,0.12495281800663527,0.060073433728001835,0.5000000000000001,0.5000000000000001,0.9950980392156863,0.019607843137254926,1.0,0.0,1.0,0.0,0.0,0.0,1.0,0.0,0.9975,2.040958305807518,1,0.008595646498315013,0.11415356151711387,0.012638649995351919,0.009847330424201035,-0.11343746090436588,1.4110926240511703,-0.00043834206156706073,-0.00031064017633981,0.006064626686361793,0.004539506215574491,0.001525120470787302,0.0010867784092202413
2014-08-29,2014-09-01,2014-10-01,-0.0913194862397217,0.0350150665886454,0.20512820512820518,0.39186956834015635,0.2775198657551599,0.11434970258499644,0.5000000000000001,0.5,1.0,0.0,0.0,0.0,1.0,0.0,0.0,0.0,0.0,0.0,1.0,2.176052234053977,1,0.009005837224223212,-0.13782796413151777,0.009379290433812337,0.021788448377114737,-0.11343746090436588,1.399810665984386,0.0350150665886454,0.02501414472650973,0.006303233501293435,0.004503211986623747,0.0018000215146696877,0.03681508810331509
2014-09-30,2014-10-01,2014-11-03,0.00591177144994863,-0.0073097206156469505,0.054990583804143144,0.25533756657578993,0.1806883860956334,0.07464918048015656,0.49999999999999994,0.49999999999999983,1.0,0.0,0.0,0.0,1.0,0.0,0.0,0.0,0.0,0.0,1.0,2.252209734848839,1,0.009457012571264523,0.011748844375963019,-0.0038438596136973623,0.0036100090646267063,-0.11343746090436588,1.4120647194305618,-0.0073097206156469505,-0.005176618688267146,0.006676956901546965,0.004542633461044889,0.0021343234405020763,-0.005175397175144874
2014-10-31,2014-11-03,2014-12-01,-0.03990695872803423,-0.038461732946109106,0.19047619047619038,0.167581618005347,0.11010101010101013,0.057480607904336865,0.5000000000000001,0.5000000000000002,0.992825311942959,0.02869875222816402,1.0,0.0,1.0,0.0,0.0,0.0,2.0,0.0,0.9949494949494949,2.3262815996215482,1,0.008378556738443788,-0.00019036740909950112,-0.026940271514676564,0.0016476225362666607,-0.11343746090436588,1.4288121718386049,-0.038461732946109106,-0.026918676719149374,0.0059856919251644256,0.004596510267574492,0.0013891816575899336,-0.037072551288519176
2014-11-28,2014-12-01,2015-01-02,-0.038809143484030514,0.06610814022020531,0.15384615384615394,0.21078659902189315,0.13797670799860987,0.0728098910232833,0.5,0.5,1.0,0.0,0.0,0.0,1.0,0.0,0.0,0.0,0.0,0.0,1.0,2.26140781952541,1,0.009576758362219717,-0.08358720487433358,0.03688449957471414,0.0034365328562940634,-0.11343746090436588,1.425776249711929,0.06610814022020531,0.046366419859751574,0.006827157311041492,0.004586743660387161,0.0022404136506543318,0.06834855387085964
2014-12-30,2015-01-02,2015-02-02,-0.13732244473817665,0.013396429334819649,0.08888888888888895,0.3764449960669876,0.2692845315818368,0.10716046448515087,0.5000000000000001,0.49999999999999994,1.0,0.0,0.0,0.0,1.0,0.0,0.0,0.0,0.0,0.0,1.0,2.282179571949975,1,0.009311727078445742,-0.042385206731768155,0.004544558094179964,-0.05308418649725177,-0.11343746090436588,1.4323705452886173,0.013396429334819649,0.009352628325738379,0.006668921796466054,0.004607957608534497,0.002060964187931557,0.015457393522751207
2015-01-30,2015-02-02,2015-03-02,0.08214219225393013,0.04935240286137467,0.11111111111111106,0.24954662454662457,0.20659149409149413,0.04295513045513044,0.5000000000000001,0.5,1.0,0.0,0.0,0.0,1.0,0.0,0.0,0.0,0.0,0.0,1.0,2.264435519780567,1,0.008185605899158954,0.08461705359080063,0.044118226553569596,-0.0502271931822586,-0.11343746090436588,1.429697052037204,0.04935240286137467,0.034519482845020516,0.0058514683115829524,0.004599356940495256,0.0012521113710876964,0.050604514232462365
2015-02-27,2015-03-02,2015-04-01,0.03292305866835554,-0.003881453279588168,0.12121212121212137,0.2645743145743144,0.1878427128427129,0.07673160173160154,0.5000000000000001,0.5,1.0,0.0,0.0,0.0,1.0,0.0,0.0,0.0,0.0,0.0,1.0,2.3313802756181805,1,0.010379441597394568,0.0042008401680335705,-0.0022441585795532275,0.034625579283500574,-0.11343746090436588,1.4266423357318896,-0.003881453279588168,-0.0027206912218800255,0.00740387540204986,0.0045895298721523,0.00281434552989756,-0.001067107749690608
2015-03-31,2015-04-01,2015-05-04,0.061354481319964606,-0.03315142435539883,0.19047619047619038,0.5119880119880118,0.3618603618603619,0.15012765012764992,0.5,0.5,1.0,0.0,0.0,0.0,1.0,0.0,0.0,0.0,0.0,0.0,1.0,2.251162703915803,1,0.009500851121819975,0.09960159362549792,-0.012873487228209161,0.03342875246046641,-0.11343746090436588,1.3714781861392926,-0.03315142435539883,-0.024172039111114117,0.006515105031666562,0.004412065972416549,0.002103039059250013,-0.031048385296148815
2015-04-30,2015-05-04,2015-06-01,-0.0688394047245391,0.010427285877044673,0.13530655391120505,0.4152190922633532,0.3140701890701891,0.10114890319316411,0.49999999999999994,0.5000000000000001,0.9898556369861695,0.04057745205532155,1.0,0.0,0.9796658444914259,0.08133662203429642,1.0,0.0,2.0,0.0,0.9948453608247423,2.222434179834139,1,0.009839156200071697,-0.07282608695652182,-0.0007477353531186471,-0.018315452550906726,-0.11343746090436588,1.3878120808819627,0.010427285877044673,0.007513471038829747,0.006827449920072085,0.004464612357710533,0.002362837562361552,0.012790123439406224
2015-05-29,2015-06-01,2015-07-01,-0.059449313817894346,-0.03479306826684405,0.24242424242424243,0.39391848461615897,0.28884585032371973,0.10507263429243917,0.49999999999999983,0.49999999999999994,1.0,0.0,0.0,0.0,1.0,0.0,0.0,0.0,2.0,0.0,0.9947368421052631,2.2335159646197913,1,0.010676335957019667,0.008401719421649023,-0.024992886338497666,-0.003247963194919504,-0.11343746090436588,1.3409823168787753,-0.03479306826684405,-0.02594595605692043,0.007158388863710204,0.0043139603018901,0.002844428561820104,-0.03194863970502394
2015-06-30,2015-07-01,2015-08-03,-0.0770809423537077,0.012672732348637037,0.1111111111111111,0.3344155844155842,0.20239297739297735,0.13202260702260685,0.49999999999999994,0.49999999999999983,1.0,0.0,0.0,0.0,1.0,0.0,0.0,0.0,2.0,0.0,0.9946808510638298,2.3247210580996054,1,0.01179043542335334,-0.05250920364270495,0.0034804755345573812,-0.006873189839257426,-0.11343746090436588,1.3428791762750492,0.012672732348637037,0.00943698626989611,0.007916565104618445,0.004320062527125134,0.0035965025774933107,0.016269234926130346
2015-07-31,2015-08-03,2015-09-01,-0.11099658257938479,0.04173753845122232,0.10852713178294586,0.2753686817516605,0.17286952606101536,0.1024991556906451,0.5,0.5,0.9973404255319149,0.01063829787234043,1.0,0.0,1.0,0.0,0.0,0.0,2.0,0.0,0.9945054945054945,2.2686702054346717,1,0.011074878415799239,-0.09427402862985679,0.02081079618924282,-0.01207498334294447,-0.11343746090436588,1.3247908259642798,0.04173753845122232,0.031505002626239266,0.0073359486619603235,0.004261872031855245,0.0030740766301050786,0.0448116150813274
2015-08-31,2015-09-01,2015-10-01,0.014506758225885407,0.07399458502983991,0.0606060606060606,0.12569310122501595,0.05959595959595959,0.06609714162905637,0.49999999999999994,0.49999999999999983,1.0,0.0,0.0,0.0,1.0,0.0,0.0,0.0,0.0,0.0,1.0,2.2496291032323605,1,0.011074875956177843,-0.015353352901332107,0.05764779356206218,-0.04429652548424846,-0.11343746090436588,1.245921604262221,0.07399458502983991,0.05938943893155797,0.006899213609163096,0.004008148558263452,0.002891065050899644,0.07688565008073955
2015-09-30,2015-10-01,2015-11-03,0.020137417073691193,-0.04162578281789257,0.15686274509803916,0.4196530027428927,0.2825404063434159,0.13711259639947684,0.49999999999999994,0.49999999999999983,0.9801672703243686,0.07933091870252632,2.0,0.0,0.9791889483065952,0.08324420677361849,1.0,0.0,2.0,0.0,0.9946236559139785,2.2984674352633894,1,0.011077686139502774,0.03187342352671396,-0.03133037960164117,-0.03033223097175262,-0.11343746090436588,1.1911451722467545,-0.04162578281789257,-0.034946019836841084,0.006597566182366756,0.003831931951810419,0.0027656342305563374,-0.03886014858733623
2015-10-30,2015-11-03,2015-12-01,-0.015074697698042682,0.02627281693269907,0.16666666666666682,0.3197994640119875,0.2145546099034471,0.10524485410854045,0.49999999999999994,0.5,1.0,0.0,0.0,0.0,1.0,0.0,0.0,0.0,0.0,0.0,1.0,2.3197174130777283,1,0.01055176109653888,-0.022222222222222254,0.019539861363314055,-0.09177783958317266,-0.11343746090436588,1.19093339210959,0.02627281693269907,0.022060693827855523,0.006283222317715528,0.0038312506519208116,0.0024519716657947165,0.028724788598493787
2015-11-30,2015-12-01,2016-01-04,0.009815321328727594,0.052259064094524334,0.1818181818181818,0.26019382143204467,0.14676357738268908,0.11343024404935553,0.49999999999999994,0.5,1.0,0.0,0.0,0.0,1.0,0.0,0.0,0.0,1.0,0.0,0.9971910112359551,2.3058638481825477,1,0.011613030888727227,-0.06818181818181823,0.03676354535939789,-0.09574458617496785,-0.11343746090436588,1.1744159458010233,0.052259064094524334,0.04449791769378648,0.006819264327400542,0.0037781137784759704,0.0030411505489245714,0.055300214643448906
2015-12-30,2016-01-04,2016-02-01,-0.09556014897191852,-0.03272424530803336,0.11463046757164404,0.41587455463633133,0.2765060272462695,0.13936852739006175,0.5,0.49999999999999983,1.0,0.0,0.0,0.0,1.0,0.0,0.0,0.0,0.0,0.0,1.0,2.2023688779510784,1,0.010548946427317851,-0.04390243902439017,-0.022758867555251264,-0.12784266771520753,0.12784266771520753,1.1534207585408367,-0.03272424530803336,-0.028371472479333536,0.006083686895001801,0.0037105719449773682,0.0023731149500244323,-0.03035113035800893
2016-01-29,2016-02-01,2016-03-01,0.06990233746420434,0.013299756171848129,0.16666666666666663,0.3106870734777712,0.1749842642284503,0.13570280924932088,0.49999999999999994,0.49999999999999994,0.9941860465116279,0.023255813953488382,1.0,0.0,1.0,0.0,0.0,0.0,1.0,0.0,0.9969512195121951,2.190077877037266,1,0.0100148561151443,0.07168367346938753,0.0023682951145547024,-0.09679829132105769,0.12784266771520753,1.1532386600472486,0.013299756171848129,0.01153252716250705,0.005774759623397502,0.003709986131382003,0.002064773492015499,0.015364529663863627
2016-02-29,2016-03-01,2016-04-01,0.14938249906162013,0.066216797186415,0.1212121212121212,0.19591261451726574,0.09090909090909093,0.10500352360817482,0.5,0.5000000000000001,1.0,0.0,0.0,0.0,1.0,0.0,0.0,0.0,0.0,0.0,1.0,2.2598823451345793,1,0.011605298957283905,0.14544156153296828,0.04100788627552298,-0.058179162810914765,0.12784266771520753,1.110991687788171,0.066216797186415,0.05960152349856315,0.006446695337919574,0.003574076985596312,0.002872618352323262,0.06908941553873826
2016-03-31,2016-04-01,2016-05-02,0.05556117321441639,0.04338316504952796,0.3076923076923077,0.6267676767676766,0.43648989898989904,0.19027777777777757,0.5,0.5,1.0,0.0,0.0,0.0,1.0,0.0,0.0,0.0,0.0,0.0,1.0,2.2509450724980566,1,0.010544726459726705,0.08790523690773067,0.028522276744198855,0.0452582375034881,0.12784266771520753,1.091117189455655,0.04338316504952796,0.03976031673662046,0.005752766149157841,0.003510140425250001,0.0022426257239078397,0.0456257907734358
2016-04-29,2016-05-02,2016-06-01,-0.017157305323848553,-0.030788176189877243,0.3030303030303032,0.3265993265993265,0.2998737373737373,0.02672558922558917,0.49999999999999983,0.5,1.0,0.0,0.0,0.0,1.0,0.0,0.0,0.0,0.0,0.0,1.0,2.2746999990311583,1,0.011074872042450057,-0.10143266475644708,-0.014625251468198831,0.05405423108931354,0.12784266771520753,1.115809807869253,-0.030788176189877243,-0.027592673924125337,0.00617872542293138,0.0035895769504339587,0.0025891484724974217,-0.02819902771737982
2016-05-31,2016-06-01,2016-07-01,0.09640767714714037,0.026961955068077484,0.24242424242424243,0.2545454545454546,0.1897727272727273,0.0647727272727273,0.49999999999999994,0.49999999999999994,1.0,0.0,0.0,0.0,1.0,0.0,0.0,0.0,0.0,0.0,1.0,2.2775267118338474,1,0.01160529755575812,0.06462585034013602,0.016047314366557843,0.07725033498618193,0.12784266771520753,1.1091230290100238,0.026961955068077484,0.024309255477404583,0.006435851388802535,0.00356806548217435,0.0028677859066281847,0.029829740974705667
2016-06-30,2016-07-01,2016-08-01,0.1345499683912519,0.008609146141332156,0.181818181818182,0.37104377104377106,0.24339225589225588,0.12765151515151515,0.5,0.5,1.0,0.0,0.0,0.0,1.0,0.0,0.0,0.0,1.0,0.0,0.9969879518072289,2.271345678798506,1,0.011074869886563032,0.11122204472843444,-0.006527391757778514,0.0755162038542023,0.12784266771520753,1.119301992607993,0.008609146141332156,0.007691531149044679,0.006198061965952129,0.003600811361313332,0.0025972506046387975,0.011206396745970954
2016-07-29,2016-08-01,2016-09-01,0.02648924004088864,0.028920961296563918,0.33333333333333354,0.39259259259259266,0.300462962962963,0.09212962962962967,0.5,0.49999999999999994,1.0,0.0,0.0,0.0,1.0,0.0,0.0,0.0,0.0,0.0,1.0,2.259721147214453,1,0.012136000032068273,0.016172506738544534,0.023055111736713322,0.04019128534384625,0.12784266771520753,1.1511907953855967,0.028920961296563918,0.025122648141811026,0.006985425764858149,0.0037033981199348625,0.0032820276449232865,0.0322029889414872
2016-08-31,2016-09-01,2016-10-03,0.0380556569045463,0.012320353392508051,0.3636363636363637,0.23905723905723916,0.1820286195286195,0.05702861952861965,0.49999999999999983,0.49999999999999994,1.0,0.0,0.0,0.0,1.0,0.0,0.0,0.0,1.0,0.0,0.9969879518072289,2.2374617394325567,1,0.011074869449589686,0.007780725022104473,0.009632317388518944,0.03422631292459541,0.12784266771520753,1.1593416027484473,0.012320353392508051,0.010627026032103247,0.00641977844895856,0.0037296193899315723,0.0026901590590269874,0.015010512451535039
2016-09-30,2016-10-03,2016-11-01,0.0643593138919376,0.01842250804548788,0.3030303030303032,0.2857744107744107,0.16669672919672918,0.11907768157768152,0.49999999999999983,0.5,1.0,0.0,0.0,0.0,1.0,0.0,0.0,0.0,0.0,0.0,1.0,2.320487295411014,1,0.010465588241214796,0.10545709773644485,0.002341874247015491,0.0338655450698059,0.12784266771520753,1.1642284773835252,0.01842250804548788,0.015823790951145975,0.006092167931496213,0.0037453405392045246,0.002346827392291689,0.02076933543777957
2016-10-31,2016-11-01,2016-12-01,-0.07977884810034083,0.019574267999488935,0.16666666666666677,0.17676767676767668,0.08838383838383838,0.08838383838383827,0.49999999999999994,0.5,1.0,0.0,0.0,0.0,1.0,0.0,0.0,0.0,0.0,0.0,1.0,2.3419414858021623,1,0.0103600668732724,-0.058730158730158744,0.024333038739397267,0.014970070037911405,0.12784266771520753,1.1634162897939968,0.019574267999488935,0.01682481857199619,0.006026535281860135,0.003742727719501526,0.0022838075623586086,0.021858075561847545
2016-11-30,2016-12-01,2017-01-02,-0.0012727420591172062,0.01143380043379195,0.14814814814814822,0.10185185185185185,0.05092592592592592,0.05092592592592592,0.5,0.5,1.0,0.0,0.0,0.0,1.0,0.0,0.0,0.0,0.0,0.0,1.0,2.323500724936763,1,0.011217621631425923,-0.022091062394603678,0.012457915240102988,-0.014917159598378346,0.12784266771520753,1.18685022613358,0.01143380043379195,0.009633734890913754,0.006656818384969398,0.003818115045503917,0.0028387033394654806,0.01427250377325743
2016-12-29,2017-01-02,2017-02-01,0.08351237365604032,-0.00383049503742652,0.2777777777777778,0.5058922558922557,0.3072390572390572,0.1986531986531985,0.49999999999999994,0.49999999999999983,1.0,0.0,0.0,0.0,1.0,0.0,0.0,0.0,2.0,0.0,0.9943181818181818,2.2022397319848426,1,0.010819091947400938,0.08639420589756841,-0.014272987768868673,-0.014186931386411143,0.12784266771520753,1.1866016908408377,-0.00383049503742652,-0.0032281220117866116,0.00641897639907422,0.003817315503725464,0.0026016608953487556,-0.0012288341420777643
2017-01-31,2017-02-01,2017-03-01,0.12907561628797667,0.04095498729985879,0.3333333333333333,0.32665703091235004,0.22766417979183937,0.09899285112051066,0.5,0.49999999999999983,0.9941352973267868,0.023458810692853268,1.0,0.0,0.9877364066193853,0.04905437352245859,1.0,0.0,1.0,0.0,0.9970588235294118,2.2300791036972236,1,0.008611440762927636,0.03365079365079371,0.030663416849331927,-0.046665859144317784,0.12784266771520753,1.1712996017352968,0.04095498729985879,0.03496542408038336,0.0050432885679921186,0.0037680884526999615,0.001275200115292157,0.042230187415150944
2017-02-24,2017-03-01,2017-04-03,-0.02568589408484422,-0.009839207262948967,0.48484848484848486,0.7171022830597297,0.4841403671190904,0.2329619159406393,0.49999999999999994,0.49999999999999983,1.0,0.0,0.0,0.0,1.0,0.0,0.0,0.0,0.0,0.0,1.0,2.178068977013607,1,0.010504155058322473,-0.03716216216216217,-0.0036251674525511536,-0.043930063056737204,0.12784266771520753,1.1746796013695588,-0.009839207262948967,-0.00837607740142711,0.006169508338317136,0.003778961962409283,0.0023905463759078534,-0.0074486608870411135
2017-03-31,2017-04-03,2017-05-02,0.03711928620266148,-0.003774202764756872,0.2777777777777778,0.45501165501165497,0.3544899544899544,0.10052170052170055,0.49999999999999983,0.49999999999999994,1.0,0.0,0.0,0.0,1.0,0.0,0.0,0.0,0.0,0.0,1.0,2.27113863851493,1,0.007817125697231697,0.0121212121212122,-0.0047677981144672,-0.011193917618173444,0.12784266771520753,1.1727718811468126,-0.003774202764756872,-0.0032181900209495226,0.004583852604551753,0.003772824797731978,0.0008110278068197748,-0.002963174957937097
2017-04-28,2017-05-02,2017-06-01,-0.06671275174925544,-0.03844818856147545,0.2127659574468085,0.3923076923076924,0.3522385022385022,0.04006919006919015,0.49999999999999983,0.5,1.0,0.0,0.0,0.0,1.0,0.0,0.0,0.0,1.0,0.0,0.9973118279569892,2.1876994835202166,1,0.009219711362202343,-0.04034037188780337,-0.028848800443913063,-0.009690686579036868,0.12784266771520753,1.1306288475304724,-0.03844818856147545,-0.03400602120267341,0.0052120358160052185,0.0036372500241247684,0.00157478579188045,-0.036873402769595
2017-05-31,2017-06-01,2017-07-03,0.05166217334154674,0.03172770723217339,0.0606060606060606,0.19393939393939394,0.1439393939393939,0.05000000000000004,0.49999999999999983,0.49999999999999983,1.0,0.0,0.0,0.0,1.0,0.0,0.0,0.0,1.0,0.0,0.9973958333333334,2.1591071919032356,1,0.008080987710124887,0.0064039408866995995,0.027432770528853612,0.04957539034722079,0.12784266771520753,1.1230463453569781,0.03172770723217339,0.028251467415699782,0.004537661857365203,0.0036128570004780526,0.0009248048568871506,0.032652512089060545
2017-06-30,2017-07-03,2017-08-01,0.11139972518066998,0.055821842424070914,0.2222222222222222,0.30010360010360015,0.21764439264439261,0.08245920745920753,0.49999999999999983,0.49999999999999983,1.0,0.0,0.0,0.0,1.0,0.0,0.0,0.0,1.0,0.0,0.9973958333333334,2.195119282128102,1,0.00793505064361355,0.04454233969652477,0.04571579237222711,0.052446998334209585,0.12784266771520753,1.0858125077054521,0.055821842424070914,0.05141020390530782,0.004307988619055894,0.003493075184197604,0.00081491343485829,0.0566367558589292
2017-07-31,2017-08-01,2017-09-01,0.10184751827491678,0.0032381054423066507,0.24242424242424243,0.2988733488733488,0.18647371147371147,0.11239963739963733,0.5,0.49999999999999994,1.0,0.0,0.0,0.0,1.0,0.0,0.0,0.0,0.0,0.0,1.0,2.225952253864001,1,0.00801452050194662,0.07747578881599515,0.01178294786206583,0.11364391185447947,-0.11364391185447947,1.087234204551263,0.0032381054423066507,0.0029782961470046117,0.004356830411396861,0.003497648804354227,0.0008591816070426341,0.004097287049349285
2017-08-31,2017-09-01,2017-10-02,0.052900989003145216,-0.0015121090218950012,0.2777777777777778,0.2467532467532466,0.1604136604136604,0.08633958633958623,0.49999999999999994,0.5,1.0,0.0,0.0,0.0,1.0,0.0,0.0,0.0,1.0,0.0,0.9974747474747475,2.216881090961092,1,0.006340428944008547,0.037982023775007034,0.002927085629484612,0.07617223801194095,-0.11364391185447947,1.088364891051448,-0.0015121090218950012,-0.0013893401324570312,0.003450350128432655,0.0035012862398478097,-5.093611141515457e-05,-0.0015630451333101558
2017-09-29,2017-10-02,2017-11-01,0.01058591532006251,0.0020390796611746377,0.3333333333333333,0.5086580086580084,0.36266233766233763,0.14599567099567076,0.49999999999999994,0.49999999999999994,1.0,0.0,0.0,0.0,1.0,0.0,0.0,0.0,0.0,0.0,1.0,2.191360666494687,1,0.006403700615894792,0.01131284916201114,0.003152597225542899,0.06992398658919312,-0.11364391185447947,1.0921920103030416,0.0020390796611746377,0.001866960792552283,0.0034970353245264785,0.0035135981400974724,-1.65628155709939e-05,0.0020225168456036438
2017-10-31,2017-11-01,2017-12-01,-0.03241574675254438,0.012605891237960463,0.3333333333333333,0.37676212676212656,0.25689958189958184,0.1198625448625447,0.49999999999999994,0.5,1.0,0.0,0.0,0.0,1.0,0.0,0.0,0.0,0.0,0.0,1.0,2.203074517082107,1,0.005674522127418591,-0.05040740229250096,0.0054651233359927715,0.07480465276157669,-0.11364391185447947,1.126167746164534,0.012605891237960463,0.011193617718935036,0.003195231897397886,0.0036228985938686563,-0.00042766669647077054,0.012178224541489693
2017-11-30,2017-12-01,2018-01-02,0.11900415678124558,0.03500019772993343,0.3333333333333332,0.5184815184815181,0.3742414788723079,0.14424003960921028,0.5000000000000001,0.5,1.0,0.0,0.0,0.0,1.0,0.0,0.0,0.0,0.0,0.0,1.0,2.20032433277902,1,0.005357961454301119,0.07620709714950546,0.03915663148185416,0.05278193054318478,-0.11364391185447947,1.1476920061071416,0.03500019772993343,0.030496158850710005,0.0030746447650657946,0.003692142462151795,-0.0006174976970860003,0.03438270003284743
2017-12-28,2018-01-02,2018-02-01,0.06826070051452666,0.00021923499195382012,0.3333333333333332,0.32024287780440613,0.2086062873870516,0.1116365904173545,0.5,0.49999999999999994,1.0,0.0,0.0,0.0,1.0,0.0,0.0,0.0,0.0,0.0,1.0,2.2390179681686617,1,0.005833860500798371,0.10837837837837827,0.012508069679095285,0.10659499968266903,-0.11364391185447947,1.1446700527614453,0.00021923499195382012,0.00019152679973144168,0.003338922703625891,0.0036824207927431763,-0.0003434980891172854,-0.0001242630971634653
2018-01-31,2018-02-01,2018-03-01,-0.02923346493153592,-0.006092562654503264,0.25,0.26426259529382373,0.15484787015162,0.10941472514220374,0.5,0.49999999999999983,1.0,0.0,0.0,0.0,1.0,0.0,0.0,0.0,0.0,0.0,1.0,2.2078351134014413,1,0.0046399365258855685,0.00585223116313105,-0.004617963002085677,0.060674990617873834,-0.11364391185447947,1.1532318919539004,-0.006092562654503264,-0.00528303344454058,0.00267546138914651,0.0037099643583238073,-0.0010345029691772975,-0.007127065623680562
2018-02-28,2018-03-01,2018-04-02,-0.02448858866730046,0.004714081889816614,0.17777777777777784,0.3239027543539368,0.22645486000559548,0.09744789434834128,0.5000000000000001,0.5,0.9973404255319149,0.010638297872340429,1.0,0.0,1.0,0.0,0.0,0.0,1.0,0.0,0.9977876106194691,2.2806376194856735,1,0.00530620535449855,-0.00242424242424244,0.003800357038042006,0.07642670879550043,-0.11364391185447947,1.1565865514915452,0.004714081889816614,0.004075857430416503,0.003068542876232725,0.0037207563485608173,-0.0006522134723280924,0.004061868417488521
2018-03-29,2018-04-02,2018-05-02,0.05263941274490532,0.04996307809197271,0.17777777777777773,0.3125415659990128,0.23319385992258335,0.07934770607642944,0.5000000000000001,0.5,1.0,0.0,0.0,0.0,1.0,0.0,0.0,0.0,0.0,0.0,1.0,2.2506252680537813,1,0.0051751262827499644,0.0015795868772783273,0.0431586116127147,0.07780783761831808,-0.11364391185447947,1.1624970443592015,0.04996307809197271,0.042979101180866786,0.0030080345039412274,0.003739770493098548,-0.0007317359891573206,0.049231342102815386
2018-04-30,2018-05-02,2018-06-01,-0.0719131319447629,0.025634705120563005,0.16666666666666666,0.3353632478632477,0.23965132090132094,0.09571192696192676,0.5000000000000001,0.5,1.0,0.0,0.0,0.0,1.0,0.0,0.0,0.0,1.0,0.0,0.9977678571428571,2.2491046738425844,1,0.00517512915838636,-0.093169962392333,0.011502152536216538,0.038585645909087044,-0.11364391185447947,1.1604480393154037,0.025634705120563005,0.022090351529815998,0.0030027342425267135,0.003733178813024876,-0.0007304445704981624,0.024904260550064842
2018-05-30,2018-06-01,2018-07-02,-0.05081750308983433,0.009887117682081925,0.14814814814814822,0.27442810457516353,0.15236556743909682,0.12206253713606668,0.5,0.5,1.0,0.0,0.0,0.0,1.0,0.0,0.0,0.0,0.0,0.0,1.0,2.244504243345749,1,0.005175127953596537,-0.06903010033444812,0.00037805778541514086,0.02779307778945053,-0.11364391185447947,1.2023869382117736,0.009887117682081925,0.008222908423129036,0.0031112531274895506,0.0038680968821646925,-0.0007568437546751419,0.009130273927406783
2018-06-29,2018-07-02,2018-08-01,-0.005022682210830166,-0.04108879342955533,0.126984126984127,0.1715569561157798,0.0958158263305322,0.07574112978524761,0.5,0.5,0.996031746031746,0.015873015873015883,1.0,0.0,0.9914021164021163,0.03439153439153442,1.0,0.0,2.0,0.0,0.995575221238938,2.266061776968104,1,0.005422231405763034,0.09225463428653535,-0.025643090586890623,0.04432402746592621,-0.11364391185447947,1.137334638755239,-0.04108879342955533,-0.03612726811391689,0.003083445798560406,0.003658822655450541,-0.0005753768568901351,-0.041664170286445465
2018-07-31,2018-08-01,2018-09-03,-0.0005995285312590416,0.023727302212468767,0.13276836158192085,0.23737380331348443,0.13889788966434033,0.09847591364914406,0.5000000000000002,0.5,0.9934899845916796,0.026040061633282006,1.0,0.0,0.9858420769437718,0.056631692224912614,1.0,0.0,4.0,0.0,0.990990990990991,2.1857039547129338,1,0.005669392098232251,-0.030916984607288645,0.017206582317034716,-0.04294046332823901,-0.11364391185447947,1.1451340224723092,0.023727302212468767,0.020720109390551727,0.0032461068892107115,0.003683913390288091,-0.00043780650107737946,0.023289495711391387
2018-08-31,2018-09-03,2018-10-01,-0.008260847387345593,-0.023320421641441318,0.18518518518518526,0.27467928106013834,0.18142192359540318,0.09325735746473518,0.5000000000000001,0.49999999999999983,1.0,0.0,0.0,0.0,1.0,0.0,0.0,0.0,1.0,0.0,0.9977678571428571,2.2502899765653583,1,0.0046814831535106904,0.04194949769209888,-0.0149218415955859,-0.050221090889467794,-0.11364391185447947,1.1844302904056807,-0.023320421641441318,-0.019689146613646475,0.0027724452255209835,0.003810330075835127,-0.0010378848503141435,-0.024358306491755462
2018-09-28,2018-10-01,2018-11-01,0.12814104284983038,-0.047079284127767254,0.2116402116402117,0.21477411477411476,0.13409645909645912,0.08067765567765565,0.5,0.5000000000000001,1.0,0.0,0.0,0.0,1.0,0.0,0.0,0.0,0.0,0.0,1.0,2.2670818254751963,1,0.005430480057369236,0.10110749185667767,-0.028730211180621846,-0.06790187291452639,-0.11364391185447947,1.1705306627832184,-0.047079284127767254,-0.040220462073009625,0.0031782717103917314,0.00376561476451475,-0.0005873430541230187,-0.04766662718189027
2018-10-31,2018-11-01,2018-12-03,0.029795317194699546,-0.022429215109548557,0.2161016949152543,0.17559523809523805,0.10168650793650795,0.07390873015873013,0.5000000000000001,0.5000000000000001,1.0,0.0,0.0,0.0,1.0,0.0,0.0,0.0,0.0,0.0,1.0,2.2987559447147623,1,0.004935582723077481,0.04248017986037134,-0.01461368841218188,-0.101341933705611,-0.11364391185447947,1.153688927148111,-0.022429215109548557,-0.019441302227796355,0.002847063568319006,0.003711434647424251,-0.000864371079105245,-0.023293586188653802
2018-11-30,2018-12-03,2019-01-02,-0.007838637742556226,-0.02309860656444652,0.15686274509803935,0.25251831501831484,0.15296855921855926,0.09954975579975565,0.5,0.5,1.0,0.0,0.0,0.0,1.0,0.0,0.0,0.0,0.0,0.0,1.0,2.197933220083631,1,0.0049355815906149125,-0.039727582292849006,-0.024240599041015443,-0.10415055404557433,-0.11364391185447947,1.1709844559827132,-0.02309860656444652,-0.01972580118073533,0.002889744661922249,0.0037670746240693813,-0.0008773299621471324,-0.023975936526593654
2018-12-28,2019-01-02,2019-02-01,0.12606002612566022,-0.006540325499866573,0.1428571428571429,0.24299450549450552,0.1631639194139194,0.07983058608058612,0.49999999999999994,0.5000000000000001,1.0,0.0,0.0,0.0,1.0,0.0,0.0,0.0,0.0,0.0,1.0,2.209142629668439,1,0.0054304775314564235,0.11229314420803793,0.007320783862124945,-0.05086094596918803,-0.11364391185447947,1.202122452150615,-0.006540325499866573,-0.005440648320115669,0.003264049483231608,0.0038672460265241084,-0.0006031965432925003,-0.007143522043159073
2019-01-31,2019-02-01,2019-03-01,-0.0028511114224105023,0.010243131998098575,0.2083333333333334,0.2147741147741149,0.14584859584859586,0.06892551892551903,0.5000000000000001,0.5000000000000002,1.0,0.0,0.0,0.0,1.0,0.0,0.0,0.0,0.0,0.0,1.0,2.137946974027402,1,0.004935584456412068,-0.018065887353878707,0.00646405319412641,-0.0011063855306823948,-0.11364391185447947,1.20265047377106,0.010243131998098575,0.008517131304143558,0.0029678914924205274,0.0038689446800264466,-0.0009010531876059193,0.009342078810492656
2019-02-28,2019-03-01,2019-04-01,-0.02248512491167441,-0.0028018067392789154,0.1960784313725491,0.1161172161172162,0.07970680449494007,0.03641041162227613,0.49999999999999994,0.5000000000000001,1.0,0.0,0.0,0.0,1.0,0.0,0.0,0.0,0.0,0.0,1.0,2.11286412040417,1,0.00468822755862508,0.005627705627705648,-0.0015233905335992276,-0.015461291887335053,-0.11364391185447947,1.295366603721434,-0.0028018067392789154,-0.0021629450158971663,0.0030364867050447003,0.004167213865918295,-0.0011307271608735946,-0.00393253390015251
2019-03-29,2019-04-01,2019-05-02,-0.028943861483454025,-0.005286615764319925,0.13333333333333336,0.3175976800976799,0.164654126099509,0.15294355399817086,0.49999999999999994,0.5,1.0,0.0,0.0,0.0,1.0,0.0,0.0,0.0,1.0,0.0,0.9978448275862069,2.198297975270579,1,0.005183004504666133,-0.007856220404649172,-0.004836356724820328,-0.01629731207434783,-0.11364391185447947,1.3405744381501719,-0.005286615764319925,-0.003943545105645014,0.0034741016758863055,0.0043126481498795685,-0.000838546473993263,-0.006125162238313188
2019-04-30,2019-05-02,2019-06-03,0.03987130725702343,0.00787756755330503,0.1428571428571429,0.24423303227794524,0.16636951868546695,0.07786351359247833,0.49999999999999994,0.5,1.0,0.0,0.0,0.0,1.0,0.0,0.0,0.0,2.0,0.0,0.9957264957264957,2.1757701212644016,1,0.005430481280309873,0.019741837509491322,0.007929588955599852,-0.014098896818921897,-0.11364391185447947,1.3854201957324812,0.00787756755330503,0.005686049313825764,0.00376174921914424,0.004456917627174815,-0.000695168408030575,0.0071823991452744556
2019-05-31,2019-06-03,2019-07-01,0.08986667367034955,0.015633133188064106,0.22222222222222224,0.30365232128165975,0.23584100750013326,0.06781131378152654,0.5000000000000002,0.5,0.9978813559322034,0.008474576271186448,1.0,0.0,0.9957627118644067,0.016949152542372864,1.0,0.0,1.0,0.0,0.9978260869565218,2.1640360470705122,1,0.004688230633274948,0.04882459312839038,0.016706193361682952,-0.011833801163324938,-0.11364391185447947,1.4011227656519483,0.015633133188064106,0.011157575603869332,0.00328439333545419,0.004507433031007957,-0.0012230396955537673,0.014410093492510339
2019-06-28,2019-07-01,2019-08-01,0.06701150324350147,-0.015739528799559945,0.12500000000000003,0.23483190538275303,0.13023646551188925,0.1045954398708638,0.5000000000000001,0.5000000000000001,1.0,0.0,0.0,0.0,1.0,0.0,0.0,0.0,0.0,0.0,1.0,2.17215083927007,1,0.005659221629623845,-0.00020283975659229903,-0.011345715284957918,0.015714901642736572,-0.11364391185447947,1.3900906273682865,-0.015739528799559945,-0.011322663781539158,0.003933415472769994,0.004471942476060558,-0.0005385270032905636,-0.016278055802850508
2019-07-31,2019-08-01,2019-09-02,0.017686073697447846,-0.0532463007591438,0.16666666666666677,0.2763278388278388,0.17876221001221002,0.09756562881562875,0.5,0.49999999999999994,1.0,0.0,0.0,0.0,1.0,0.0,0.0,0.0,0.0,0.0,1.0,2.233590788195015,1,0.005017114026254488,-0.010752688172043001,-0.04125582665153754,0.03160288956680857,-0.11364391185447947,1.3300320091597801,-0.0532463007591438,-0.040033849104715184,0.0033364611242614845,0.004278732997101191,-0.0009422718728397065,-0.054188572631983505
2019-08-30,2019-09-02,2019-10-01,0.03749210081726844,0.02582559343813406,0.23276836158192085,0.4333333333333333,0.3,0.1333333333333333,0.5,0.5000000000000001,1.0,0.0,0.0,0.0,1.0,0.0,0.0,0.0,0.0,0.0,1.0,2.2410287387734504,1,0.004618699183855934,0.03568498769483197,0.023604897236277497,0.09906208672813249,-0.11364391185447947,1.3210349511209458,0.02582559343813406,0.019549515640157826,0.0030507315252937387,0.004249789325939539,-0.0011990578006458,0.02462653563748826
2019-09-30,2019-10-01,2019-11-01,0.03798926473473874,-0.025069104387459983,0.16666666666666666,0.25618131868131855,0.17424450549450546,0.08193681318681306,0.5000000000000001,0.5,1.0,0.0,0.0,0.0,1.0,0.0,0.0,0.0,0.0,0.0,1.0,2.223598080560186,1,0.004773723371155114,0.028217821782178243,-0.01503215438309517,0.14504717915915996,-0.14504717915915996,1.310798057431684,-0.025069104387459983,-0.019125069834616024,0.003128693660813177,0.00421685708482473,-0.001088163424011553,-0.026157267811471534
2019-10-31,2019-11-01,2019-12-02,0.04549176973997984,0.022243287640991177,0.16666666666666666,0.22674025321084168,0.1744560994560995,0.052284153754742206,0.5,0.5,0.9952762923351158,0.018894830659536538,1.0,0.0,1.0,0.0,0.0,0.0,2.0,0.0,0.9958677685950413,2.2195391052642175,1,0.003803831092924481,0.007221954742417047,0.01790476236885669,0.12922405372046336,-0.12922405372046336,1.3106249760352968,0.022243287640991177,0.016971512101255835,0.0024926980175032326,0.004216300279366812,-0.0017236022618635793,0.020519685379127597
2019-11-29,2019-12-02,2020-01-02,0.14064499994971777,0.003045701440723103,0.08333333333333341,0.1419563279857399,0.0828829258976318,0.05907340208810808,0.5,0.5000000000000001,1.0,0.0,0.0,0.0,1.0,0.0,0.0,0.0,0.0,0.0,1.0,2.2363940670871987,1,0.0037279409341381964,0.07504780114722753,0.0120173655663716,0.09676127120017182,-0.12922405372046336,1.3131507379994842,0.003045701440723103,0.002319384479319616,0.00244767419444103,0.004224425693630954,-0.0017767514991899242,0.0012689499415331788
2019-12-30,2020-01-02,2020-02-03,-0.0028265391259578595,-0.022294959676084768,0.11764705882352938,0.2193627450980391,0.13520954156310414,0.08415320353493498,0.5000000000000001,0.5000000000000001,1.0,0.0,0.0,0.0,1.0,0.0,0.0,0.0,0.0,0.0,1.0,2.206110396208124,1,0.003766235786434091,-0.024455313472654505,-0.020296896072289308,0.10018608245746367,-0.12922405372046336,1.3010080100282588,-0.022294959676084768,-0.017136681330348232,0.002449951462902916,0.004185362354938732,-0.0017354108920358156,-0.024030370568120584
2020-01-31,2020-02-03,2020-03-02,-0.09152344070425472,0.020929464731025856,0.14814814814814822,0.16994756060730873,0.09120747879087387,0.07874008181643484,0.5,0.49999999999999983,1.0,0.0,0.0,0.0,1.0,0.0,0.0,0.0,0.0,0.0,1.0,2.1940036718797646,1,0.0029277304696122552,-0.08067456700091169,0.004520990071786141,0.13780081952749568,-0.13780081952749568,1.338371231206554,0.020929464731025856,0.015638011519537632,0.0019591951166279477,0.004305560399972664,-0.0023463652833447166,0.01858309944768114
2020-02-28,2020-03-02,2020-04-01,-0.43450123213815256,0.019080849756374224,0.1666666666666667,0.21212016970530914,0.15050452929709898,0.061615640408210194,0.5,0.5000000000000002,1.0,0.0,0.0,0.0,1.0,0.0,0.0,0.0,0.0,0.0,1.0,2.190296407597361,1,0.0033645394643435633,-0.3280118988596926,-0.03090080147746391,0.03624482099454423,-0.13780081952749568,1.3343711609179978,0.019080849756374224,0.014299507000171758,0.002244772215495271,0.004292692113633317,-0.002047919898138046,0.01703292985823618
2020-03-31,2020-04-01,2020-05-04,0.1480772930110169,-0.007375436281753796,0.27450980392156865,0.477763603483021,0.3425756551694066,0.13518794831361441,0.5,0.5,0.995579862151633,0.017680551393467192,2.0,0.0,0.9944444444444445,0.022222222222222254,1.0,0.0,2.0,0.0,0.9964788732394366,2.1451311177916823,1,0.0028492611374593135,0.10919285819684243,0.009515327300699258,0.04503123416133867,-0.13780081952749568,1.3333427739722714,-0.007375436281753796,-0.005531538045375253,0.0018995208743956952,0.004289383777346546,-0.0023898629029508512,-0.009765299184704647
2020-04-30,2020-05-04,2020-06-01,0.12627346990160446,0.0033244109593151025,0.28070175438596484,0.24852446169720768,0.20335290967332523,0.04517155202388245,0.5,0.5,1.0,0.0,0.0,0.0,1.0,0.0,0.0,0.0,1.0,0.0,0.9981884057971014,2.133905454563716,1,0.002329187792233345,0.11214580284688025,0.01784906999053512,0.045371601151881,-0.13780081952749568,1.3878970329426674,0.0033244109593151025,0.0023952864516660656,0.0016163364130034707,0.004464885649768773,-0.002848549236765302,0.00047586172254980054
2020-05-29,2020-06-01,2020-07-01,0.1544695775070639,-0.0367990830959915,0.375,0.2464596949891068,0.19062123621048765,0.05583845877861914,0.5,0.5,1.0,0.0,0.0,0.0,1.0,0.0,0.0,0.0,0.0,0.0,1.0,2.120207196443698,1,0.0020941888350856086,0.09904306220095704,-0.012910163360148559,0.05035626904666851,-0.13780081952749568,1.3855922377210035,-0.0367990830959915,-0.02655837849995317,0.001450845897108305,0.004457471088841983,-0.003006625191733678,-0.03980570828772518
2020-06-30,2020-07-01,2020-08-03,0.056940727692900546,-0.023115277097956435,0.07843137254901957,0.2438725490196081,0.14415849673202616,0.09971405228758194,0.49999999999999994,0.5,1.0,0.0,0.0,0.0,1.0,0.0,0.0,0.0,0.0,0.0,1.0,2.114477207628286,1,0.0019433895950817792,0.08794079233783192,-0.0031536443123052105,0.03891493155439449,-0.13780081952749568,1.5135765665614187,-0.023115277097956435,-0.015271957566355762,0.0014707344754075326,0.00486919860152589,-0.0033984641261183574,-0.026513741224074794
2020-07-31,2020-08-03,2020-09-01,-0.0367235438858598,-0.011720207708930907,0.14035087719298237,0.1083333333333335,0.07638888888888888,0.03194444444444461,0.49999999999999994,0.5,1.0,0.0,0.0,0.0,1.0,0.0,0.0,0.0,0.0,0.0,1.0,2.1452674504929874,1,0.0015891896058524146,-0.033813525410164025,-0.01240897995222507,0.03636495280049444,-0.13780081952749568,1.512392501259093,-0.011720207708930907,-0.0077494484395906685,0.0012017392214850428,0.004865389445622203,-0.00366365022413716,-0.015383857933068066
2020-08-31,2020-09-01,2020-10-01,-0.053601894769023196,0.0313357989374017,0.125,0.12132352941176501,0.07256652661064426,0.04875700280112074,0.5,0.5,1.0,0.0,0.0,0.0,1.0,0.0,0.0,0.0,0.0,0.0,1.0,2.1358905458060744,1,0.0015697104905443293,-0.05425553944916128,0.013647177307497262,0.03869673585405753,-0.13780081952749568,1.483447274956891,0.0313357989374017,0.021123635107498057,0.001164291374834615,0.004772272216837587,-0.003607980842002972,0.027727818095398732
2020-09-30,2020-10-01,2020-11-03,-0.014912748037306474,-0.0020003190817399646,0.2352941176470588,0.3867201426024957,0.29984900953955274,0.08687113306294299,0.5000000000000001,0.5,0.995276292335116,0.018894830659536566,1.0,0.0,0.9898897058823529,0.040441176470588286,1.0,0.0,1.0,0.0,0.9982758620689656,2.1092439652464603,1,0.0015697095238564884,0.008211079483249506,-0.00021651266688686838,0.025438241377683676,-0.13780081952749568,1.4839094639115142,-0.0020003190817399646,-0.001348006148884056,0.00116465340902134,0.0047737590856628655,-0.0036091056766415254,-0.0056094247583814896
2020-10-30,2020-11-03,2020-12-01,0.12509287320268034,-0.026681344777361213,0.25925925925925936,0.3093903057497906,0.2389165915845455,0.0704737141652451,0.5000000000000001,0.5000000000000001,1.0,0.0,0.0,0.0,1.0,0.0,0.0,0.0,2.0,0.0,0.9966442953020134,2.1544702335039476,1,0.0014949081856194812,0.1562601802584429,0.0034748039878597678,0.025447037851731823,-0.13780081952749568,1.477537871959096,-0.026681344777361213,-0.018057976911267867,0.001104391729677221,0.004753261578427609,-0.0036488698487503876,-0.0303302146261116
2020-11-30,2020-12-01,2021-01-04,0.09249369338942463,-0.006236004593200048,0.3111111111111111,0.2530868205675058,0.2070748025909848,0.04601201797652104,0.49999999999999983,0.5000000000000001,0.9954920683442761,0.018031726622896017,1.0,0.0,0.9920370370370372,0.0318518518518519,1.0,0.0,1.0,0.0,0.9983333333333333,2.1334940481517846,1,0.0016445227761876513,0.08564988730277978,0.007755738845670793,0.021099067130225815,-0.13780081952749568,1.5409391010899152,-0.006236004593200048,-0.004046885817089907,0.001267054724230246,0.004957224287047068,-0.003690169562816822,-0.009926174156016869
2020-12-30,2021-01-04,2021-02-01,-0.04295893824407304,-0.024252806148570397,0.1587301587301588,0.3235610175212496,0.22221379169873434,0.10134722582251525,0.5000000000000003,0.49999999999999994,1.0,0.0,0.0,0.0,1.0,0.0,0.0,0.0,0.0,0.0,1.0,2.188641602196345,1,0.0014949050415158371,-0.025519031141868376,-0.019352950110666383,0.02360453953959574,-0.13780081952749568,1.5314589097876001,-0.024252806148570397,-0.01583640670576924,0.0011446928225579153,0.004926726368903222,-0.0037820335463453073,-0.028034839694915704
2021-01-29,2021-02-01,2021-03-01,-0.023368077402927224,0.017918111929271393,0.13333333333333322,0.2230201870294735,0.13738528814136622,0.08563489888810731,0.5,0.4999999999999997,1.0,0.0,0.0,0.0,1.0,0.0,0.0,0.0,0.0,0.0,1.0,2.164829762498317,1,0.0013453159677381255,-0.04651575676875286,0.00539107236079481,0.03703202193153391,-0.13780081952749568,1.5183577338639505,0.017918111929271393,0.011800981764470607,0.0010213354520529233,0.004884579688718613,-0.00386324423666569,0.014054867692605702
2021-02-26,2021-03-01,2021-04-01,0.11415204751821063,0.07533466116541239,0.07859649122807015,0.13979482120481954,0.05696470090889877,0.08283012029592078,0.5000000000000003,0.5,0.9954056733262161,0.01837730669513491,1.0,0.0,1.0,0.0,0.0,0.0,2.0,0.0,0.9967320261437909,2.15760661777698,1,0.0020400371728519495,0.04580579089470249,0.06203210297337111,0.024819544964095625,-0.13780081952749568,1.352021250068441,0.07533466116541239,0.05572002744897601,0.0013790868043126905,0.0043494727161524135,-0.002970385911839723,0.07236427525357267
2021-03-31,2021-04-01,2021-05-03,0.15690932535481275,0.0794466611116386,0.20289855072463747,0.4102431466375278,0.31126421508820373,0.09897893154932402,0.5000000000000001,0.5000000000000001,1.0,0.0,0.0,0.0,1.0,0.0,0.0,0.0,2.0,0.0,0.9970238095238095,2.1945049041636073,1,0.0020779463982052437,0.02643995370782526,0.06615965821811318,0.051067403352945906,-0.13780081952749568,1.270816959812013,0.0794466611116386,0.0625162109289058,0.0013203447622097554,0.004088237291866756,-0.0027678925296570006,0.0766787685819816
2021-04-30,2021-05-03,2021-06-01,0.07784089341287208,-0.009298461320208506,0.1587301587301587,0.25267169259479527,0.1759567500739091,0.07671494252088618,0.5000000000000001,0.4999999999999998,1.0,0.0,0.0,0.0,1.0,0.0,0.0,0.0,0.0,0.0,1.0,2.226003829500729,1,0.002732179226539788,0.06235906331309615,0.0013800005598749651,0.05562876917292266,-0.13780081952749568,1.2891022349383772,-0.009298461320208506,-0.007213129469636674,0.001761029173592323,0.004147061297233115,-0.0023860321236407927,-0.011684493443849298
2021-05-31,2021-06-01,2021-07-01,-0.009234488539396441,-0.036962009114814474,0.253968253968254,0.32918223268171537,0.23178315329223184,0.09739907938948356,0.49999999999999994,0.5,0.9957016886833457,0.017193245266616974,1.0,0.0,1.0,0.0,0.0,0.0,2.0,0.0,0.9972067039106145,2.173959840797531,1,0.003106519244720385,-0.003020654747326268,-0.029592129821954527,0.0339321248604094,-0.13780081952749568,1.2668686494821828,-0.036962009114814474,-0.029175881122263346,0.0019677759200746625,0.004075535518093873,-0.002107759598019211,-0.039069768712833686
2021-06-30,2021-07-01,2021-08-02,-0.05686487225646999,0.015497854255447287,0.19444444444444456,0.35100756603257954,0.24078164131984492,0.11022592471273457,0.49999999999999994,0.5,1.0,0.0,0.0,0.0,1.0,0.0,0.0,0.0,0.0,0.0,1.0,2.2193294094389815,1,0.0035561642498194157,-0.02653128070750088,0.008246398403706542,0.0724088922157103,-0.13780081952749568,1.302074739136062,0.015497854255447287,0.0119024306283142,0.0023151958189543027,0.004188794038538142,-0.0018735982195838396,0.013624256035863447
2021-07-30,2021-08-02,2021-09-01,-0.005220134929041762,0.0418172022337033,0.2318840579710143,0.2824120737391152,0.17480698715994716,0.107605086579168,0.5,0.49999999999999983,1.0,0.0,0.0,0.0,1.0,0.0,0.0,0.0,0.0,0.0,1.0,2.224235056906671,1,0.004317539318847707,-0.03978802153432026,0.02725317635241462,0.06324811496336386,-0.13780081952749568,1.2774072693830214,0.0418172022337033,0.0327359983272216,0.002757628055871539,0.00410943841697381,-0.0013518103611022706,0.04046539187260103
2021-08-31,2021-09-01,2021-10-01,-0.07728609624041913,0.01191213722719901,0.21212121212121196,0.22926464621372653,0.13000076151660592,0.09926388469712061,0.49999999999999983,0.5000000000000001,1.0,0.0,0.0,0.0,1.0,0.0,0.0,0.0,2.0,0.0,0.9973118279569892,2.1851439685840477,1,0.0044576430914406995,-0.0625492772667543,0.0006361888699406085,0.024926050600328695,-0.13780081952749568,1.2870291095790127,0.01191213722719901,0.009255530538151906,0.002868558209398981,0.004140392021741137,-0.0012718338123421562,0.010640303414856854
2021-09-30,2021-10-01,2021-11-01,-0.1117430901925107,0.03161435786137632,0.20711974110032363,0.30152564293448497,0.21231504199173878,0.08921060094274615,0.5,0.5000000000000003,0.9914929752072624,0.034028099170950385,2.0,0.0,0.9901617483403048,0.03935300663878127,1.0,0.0,2.0,0.0,0.9973958333333334,2.1667157940898463,1,0.004915839161897972,-0.05840575647135782,0.015707358591626714,0.04032852127606953,-0.13780081952749568,1.3308103590466398,0.03161435786137632,0.023755719698503156,0.003271024840030489,0.004281236960405281,-0.001010212120374792,0.030604145741001527
2021-10-29,2021-11-01,2021-12-01,0.005822637705337845,0.06924417993571907,0.18666666666666684,0.2609762022527035,0.1728366708761481,0.08813953137655538,0.5000000000000001,0.5,0.9957132844309616,0.017146862276153935,1.0,0.0,1.0,0.0,0.0,0.0,3.0,0.0,0.9960732984293194,2.172194441755953,1,0.005867542537372872,-0.014886859865025803,0.05352456060197858,0.026891080783651135,-0.13780081952749568,1.245937135607041,0.06924417993571907,0.055575982091570116,0.0036552945710334127,0.004008198522833565,-0.00035290395180015205,0.06889127598391892
2021-11-30,2021-12-01,2022-01-03,0.07347958190096728,0.02167395633450796,0.18122977346278324,0.26020591831332235,0.14458278048352344,0.1156231378297989,0.5000000000000002,0.5000000000000003,0.9962079920306799,0.015168031877280731,1.0,0.0,0.9910032362459548,0.03598705501618125,1.0,0.0,1.0,0.0,0.9986702127659575,2.2357134023529524,1,0.007746225678189056,0.022466250251863773,0.020305341754585423,0.036192966249281956,-0.13780081952749568,1.2594200299933063,0.02167395633450796,0.017209474058168788,0.004877875887979894,0.004051573197059181,0.0008263026909207131,0.022500259025428675
2021-12-30,2022-01-03,2022-02-01,0.028345635159859554,-0.00862675013883373,0.15277925957537608,0.3918358882807234,0.26884708047651446,0.12298880780420901,0.5000000000000001,0.5000000000000003,0.9956835679207928,0.01726572831682926,1.0,0.0,0.9906831679647213,0.03726732814111461,1.0,0.0,3.0,0.0,0.9959677419354839,2.2269411444517337,1,0.00732275578676278,0.0665090156665682,0.0023095273695993806,0.03159672295835577,-0.13780081952749568,1.258374812235369,-0.00862675013883373,-0.006855469495220765,0.004607385719106541,0.004048210715796142,0.0005591750033103991,-0.00806757513552333
2022-01-31,2022-02-01,2022-03-02,-0.03842422238093874,0.036228934672392236,0.10666666666666663,0.21723458310752455,0.14766684576507727,0.06956773734244731,0.5000000000000003,0.5000000000000001,1.0,0.0,0.0,0.0,1.0,0.0,0.0,0.0,1.0,0.0,0.9986338797814208,2.2591582165321613,1,0.007604907246068882,0.018107908351810975,0.03173413896435554,-0.023919886073540605,-0.13780081952749568,1.2390682013160685,0.036228934672392236,0.029238854353547207,0.004711499371281054,0.003986101057807689,0.0007253983134733648,0.036954332985865604
2022-02-25,2022-03-02,2022-04-01,0.046759029436090505,0.006399077548716,0.15370464997445074,0.21689828631872432,0.12828435507962246,0.08861393123910183,0.49999999999999983,0.4999999999999996,0.9911573343085732,0.0353706627657068,2.0,0.0,0.9903720840562946,0.03851166377482169,1.0,0.0,2.0,0.0,0.9972527472527473,2.2446669226983715,1,0.009306547165824242,0.05789473684210522,0.013134777365506565,-0.01570864264042639,-0.13780081952749568,1.2408923928062334,0.006399077548716,0.005156835182335768,0.005774211790681852,0.003991969509294752,0.0017822422813871,0.0081813198301031
2022-03-31,2022-04-01,2022-05-02,-0.054348207594702484,0.06689176924595104,0.2028985507246377,0.38323995194543414,0.27576566684036347,0.10747428510507066,0.5,0.5000000000000001,1.0,0.0,0.0,0.0,1.0,0.0,0.0,0.0,0.0,0.0,1.0,2.282328291153009,1,0.008343249498346639,-0.11073940641619484,0.04210279911851939,-0.025343868423989797,-0.13780081952749568,1.1661179802749635,0.06689176924595104,0.05736278007665945,0.004864606626971043,0.0037514190984527514,0.001113187528518292,0.06800495677446933
2022-04-29,2022-05-02,2022-06-01,0.019939285885406558,0.041273932668584444,0.24000000000000024,0.2699671609854678,0.19154923705839041,0.0784179239270774,0.5000000000000001,0.49999999999999983,1.0,0.0,0.0,0.0,1.0,0.0,0.0,0.0,1.0,0.0,0.998641304347826,2.303693769495045,1,0.010381724053844854,0.03530433105044861,0.04092139622130061,-0.06740576373677123,-0.13780081952749568,1.1447037915551088,0.041273932668584444,0.036056430469678775,0.005941999443657538,0.0036825293309503287,0.002259470112707209,0.043533402781291655
2022-05-31,2022-06-01,2022-07-01,-0.16133181505450905,0.016897356156879536,0.21754385964912293,0.291612327807388,0.21467728389925197,0.07693504390813603,0.5000000000000001,0.5000000000000001,0.9972474289171203,0.011010284331518414,1.0,0.0,0.9937452326468345,0.02501906941266208,1.0,0.0,3.0,0.0,0.9958791208791209,2.29118883898772,1,0.010170981188405426,-0.1208422621820553,-0.0018789456335399938,-0.044886420264712484,-0.13780081952749568,1.143783104903312,0.016897356156879536,0.014773217128703723,0.0058166982217937695,0.0036795674681305616,0.002137130753663208,0.019034486910542745
2022-06-30,2022-07-01,2022-08-01,0.03722250450339759,-0.036672120829335034,0.08695652173913047,0.32390189047649803,0.2076248147357741,0.11627707574072392,0.5000000000000001,0.5000000000000001,1.0,0.0,0.0,0.0,1.0,0.0,0.0,0.0,0.0,0.0,1.0,2.2835457678524693,1,0.010348525664599206,0.05203476049173372,-0.02581010029894538,0.027941138942573683,-0.13780081952749568,1.1119323298256532,-0.036672120829335034,-0.03298053293862324,0.005753430126249182,0.0035771030451922595,0.002176327081056922,-0.03449579374827811
2022-07-29,2022-08-01,2022-09-01,0.06764643847545346,-0.04939779691860058,0.11594202898550726,0.1600036695155606,0.09261318327445973,0.06739048624110087,0.5000000000000001,0.5000000000000001,1.0,0.0,0.0,0.0,1.0,0.0,0.0,0.0,0.0,0.0,1.0,2.2846152535951467,1,0.011711337299947777,0.06850005036768403,-0.035438188302728164,-0.03292552848155644,-0.13780081952749568,1.1007239788808432,-0.04939779691860058,-0.044877551381069754,0.006445474895407075,0.0035410456114610632,0.002904429283946012,-0.046493367634654566
2022-08-31,2022-09-01,2022-10-03,0.010518204570565083,0.001784533891887392,0.10526315789473693,0.13171839333093063,0.06865922174572704,0.06305917158520359,0.5,0.5,1.0,0.0,0.0,0.0,1.0,0.0,0.0,0.0,0.0,0.0,1.0,2.3056915149520405,1,0.010719829740920117,0.037051004053926695,0.0067226502829155306,-0.08409054195604844,-0.13780081952749568,1.1036136094135547,0.001784533891887392,0.0016169915599678671,0.005915274996337811,0.003550341596388188,0.002364933399949623,0.004149467291837015
2022-09-30,2022-10-03,2022-11-01,0.04807611137884421,-0.00977247383828663,0.2028985507246377,0.3235507726578602,0.21486080233364202,0.10868997032421816,0.5000000000000002,0.5,1.0,0.0,0.0,0.0,1.0,0.0,0.0,0.0,0.0,0.0,1.0,2.3211110901244174,1,0.010206765943569618,0.028727272727272712,-0.004815912547518169,-0.07825177203844699,-0.13780081952749568,1.1137288043599498,-0.00977247383828663,-0.008774554272126225,0.005683784615356823,0.0035828823308150185,0.002100902284541804,-0.0076715715537448255
2022-10-31,2022-11-01,2022-12-01,-0.06472766572410142,0.06251081217676736,0.2424242424242424,0.256059350393909,0.18313468122457197,0.07292466916933704,0.5000000000000003,0.5000000000000002,1.0,0.0,0.0,0.0,1.0,0.0,0.0,0.0,0.0,0.0,1.0,2.3153518203445262,1,0.010206766588433558,-0.04763167196889362,0.0525359836790013,-0.08013582144599966,-0.13780081952749568,1.057718515715764,0.06251081217676736,0.059099667111779684,0.0053979430030876,0.0034026963890116824,0.0019952466140759177,0.06450605879084328
2022-11-30,2022-12-01,2023-01-02,-0.03340686995838962,0.01919407795019152,0.20289855072463772,0.23085678959495767,0.1502213233715434,0.08063546622341426,0.5,0.5,1.0,0.0,0.0,0.0,1.0,0.0,0.0,0.0,0.0,0.0,1.0,2.305083350564134,1,0.01123315227802002,-0.031641458661965216,0.02273160869306153,-0.14429605443253293,0.14429605443253293,1.0566010237339145,0.01919407795019152,0.018165871051649855,0.005934480098357453,0.0033991014004822275,0.0025353786978752255,0.021729456648066744
2022-12-29,2023-01-02,2023-02-01,0.059181951578941655,0.0013408829945776972,0.1818181818181818,0.3463729403780495,0.23900996661656945,0.10736297376148007,0.4999999999999997,0.5000000000000001,0.9915489982142391,0.03380400714304419,2.0,0.0,0.9893365817091455,0.042653673163418324,1.0,0.0,3.0,0.0,0.9956395348837209,2.2341480688009177,1,0.01123315676008696,0.049156765044078066,-0.005884473092600804,-0.14521544354270943,0.14521544354270943,1.0694140152019649,0.0013408829945776972,0.0012538483463997467,0.006006447637098847,0.0034403209869345547,0.002566126650164292,0.003907009644741989
2023-01-31,2023-02-01,2023-03-01,-0.09672837708644784,0.0033255601697513887,0.12698412698412698,0.25355159166054236,0.14340603189526682,0.11014555976527551,0.5,0.4999999999999998,1.0,0.0,0.0,0.0,1.0,0.0,0.0,0.0,0.0,0.0,1.0,2.2361926875586726,1,0.009181417470209174,-0.06923006667275544,0.01365477576968544,-0.15232621181263062,0.15232621181263062,1.0695795288846406,0.0033255601697513887,0.003109221969888755,0.004910128086139767,0.0034408534469435293,0.0014692746391962376,0.004794834808947626
2023-02-28,2023-03-01,2023-04-03,-0.007545808082791021,0.022211188589226504,0.3768115942028985,0.6125349440253925,0.4531567747571783,0.15937816926821421,0.5000000000000001,0.4999999999999997,0.9962353383372387,0.015058646651045246,1.0,0.0,0.9922003284072249,0.031198686371100185,2.0,0.0,2.0,0.0,0.9969512195121951,2.220750939910735,1,0.011746739431232722,-0.03100775193798444,0.02432928076711055,-0.11344054094010486,0.11344054094010486,1.067242991938353,0.022211188589226504,0.020811744613929012,0.006268312668054515,0.003433336772410754,0.0028349758956437614,0.025046164484870265
2023-03-31,2023-04-03,2023-05-02,0.035561623342483493,0.017448805364484156,0.29885057471264365,0.26539032791552924,0.20209515554322233,0.06329517237230692,0.5,0.5000000000000001,1.0,0.0,0.0,0.0,1.0,0.0,0.0,0.0,0.0,0.0,1.0,2.2120993558798245,1,0.009181415093999501,0.018734177215189884,0.014046957364729003,-0.1199307205519288,0.1199307205519288,1.0708887681626709,0.017448805364484156,0.01629376073709425,0.0049161371500016406,0.0034450652894115544,0.0014710718605900862,0.018919877225074242
2023-04-28,2023-05-02,2023-06-01,0.09903762837618078,0.005318330846593623,0.22222222222222213,0.21822066465876036,0.16473907017501307,0.05348159448374729,0.5000000000000001,0.5000000000000002,1.0,0.0,0.0,0.0,1.0,0.0,0.0,0.0,0.0,0.0,1.0,2.221688761283457,1,0.011233159120470848,0.04880715705765426,-0.0008902236816411068,-0.11014957102339827,0.1199307205519288,1.0715411756503337,0.005318330846593623,0.004963253832374525,0.006018396265108303,0.003447164094121362,0.002571232170986941,0.007889563017580564
2023-05-31,2023-06-01,2023-07-03,0.13648306861235524,0.0631339610720892,0.1111111111111112,0.11527574209786051,0.05342734473314087,0.061848397364719636,0.5,0.5,0.9950843881856541,0.019662447257383964,1.0,0.0,1.0,0.0,0.0,0.0,1.0,0.0,0.9984662576687117,2.2523617464460637,1,0.010719829510813517,0.08899630366789868,0.04985974147079239,-0.1147873856934535,0.1147873856934535,1.0509121345281005,0.0631339610720892,0.06007539450521118,0.005632799456493178,0.0033808001582608872,0.002251999298232291,0.06538596037032149
2023-06-30,2023-07-03,2023-08-01,0.006682826159199927,-0.01472948540677704,0.14035087719298237,0.220491030670911,0.15791877162900633,0.06257225904190468,0.5000000000000003,0.5000000000000002,1.0,0.0,0.0,0.0,1.0,0.0,0.0,0.0,0.0,0.0,1.0,2.1883858991842247,1,0.010719830985525425,0.020017406440382857,-0.01629551504951421,0.02235097224678921,0.1147873856934535,1.0522737655873586,-0.01472948540677704,-0.013997769295859361,0.005640098458799444,0.00338518054587788,0.0022549179129215642,-0.012474567493855476
2023-07-31,2023-08-01,2023-09-01,-0.06249247869197159,0.03138892603066985,0.14492753623188387,0.1261345171825414,0.06559597452368685,0.06053854265885455,0.5000000000000001,0.5000000000000003,1.0,0.0,0.0,0.0,1.0,0.0,0.0,0.0,0.0,0.0,1.0,2.193605482554498,1,0.011357367902327997,-0.037372013651877256,0.034047074403864425,0.024957435689352634,0.1147873856934535,1.05483329252156,0.03138892603066985,0.02975723865866538,0.005990064889395666,0.0033934145825588887,0.0025966503068367776,0.03398557633750663
2023-08-31,2023-09-01,2023-10-02,-0.03955443244848378,-0.022391401306304952,0.1944444444444442,0.1961002460832462,0.11674018578199812,0.07936006030124809,0.49999999999999983,0.5000000000000001,1.0,0.0,0.0,0.0,1.0,0.0,0.0,0.0,0.0,0.0,1.0,2.1896031111468037,1,0.009711351852934813,-0.0015954617975535434,-0.0214869171593359,-0.02586069541298803,0.1147873856934535,1.0332876507866249,-0.022391401306304952,-0.021670056048050848,0.005017309971040676,0.0033241019287279278,0.0016932080423127482,-0.020698193263992203
2023-09-29,2023-10-02,2023-11-01,-0.025141316599003188,0.039308984833174646,0.15873015873015897,0.39669872927872024,0.28822600316364566,0.1084727261150746,0.5000000000000001,0.5,1.0,0.0,0.0,0.0,1.0,0.0,0.0,0.0,1.0,0.0,0.9985207100591716,2.2069904914578045,1,0.009975718636292541,-0.022194602272727293,0.04091636210126668,-0.00801014898887598,0.1147873856934535,1.0245065134056437,0.039308984833174646,0.03836870172987433,0.005110094359391887,0.0032958528775732725,0.0018142414818186144,0.04112322631499326
2023-10-31,2023-11-01,2023-12-01,0.11187400186475005,0.017655652312122745,0.13888888888888898,0.2824662716585729,0.1853328472231659,0.09713342443540697,0.49999999999999983,0.49999999999999983,0.9946137929217046,0.02154482831318059,1.0,0.0,1.0,0.0,0.0,0.0,2.0,0.0,0.9970059880239521,2.2431989381743596,1,0.009142098698161183,0.12057381514436183,0.0030822250975503502,-0.05378779692792992,0.1147873856934535,1.0433192972028995,0.017655652312122745,0.016922578121057377,0.004769063994362532,0.0033563738862755353,0.0014126901080869967,0.01906834242020974
2023-11-30,2023-12-01,2024-01-02,0.06320700385795579,0.009928756469616749,0.13888888888888898,0.3569179011311441,0.26011693673214137,0.09680096439900276,0.49999999999999994,0.5000000000000001,1.0,0.0,0.0,0.0,1.0,0.0,0.0,0.0,0.0,0.0,1.0,2.2812292558884906,1,0.008927398268915976,0.051693404634581164,0.0035269741457695236,-0.05157562067649255,0.1147873856934535,1.049471002712779,0.009928756469616749,0.009460724921366948,0.004684522806447789,0.0033761640155147562,0.0013083587909330325,0.011237115260549782
2023-12-28,2024-01-02,2024-02-01,-0.0946283454758648,0.0014638155288912475,0.09090909090909065,0.15063011853578442,0.072558953359767,0.07807116517601742,0.5000000000000001,0.5000000000000003,1.0,0.0,0.0,0.0,1.0,0.0,0.0,0.0,0.0,0.0,1.0,2.292985754664917,1,0.009648972284772572,-0.04360554699537755,0.00638012974615975,-0.05607692797931829,0.1147873856934535,1.0647766369557619,0.0014638155288912475,0.001374763004827335,0.00513700012972975,0.0034254024713007837,0.001711597658428966,0.0031754131873202134
2024-01-31,2024-02-01,2024-03-01,0.0294057393681062,0.009148471399502481,0.08333333333333336,0.19658981329322164,0.11333835246878728,0.08325146082443431,0.5,0.5,1.0,0.0,0.0,0.0,1.0,0.0,0.0,0.0,1.0,0.0,0.9984848484848485,2.299378336156706,1,0.008002082283019796,0.008941517641372743,0.007570594912647742,-0.032569160794231104,0.1147873856934535,1.0641508762647527,0.009148471399502481,0.008596968346832814,0.004257711436709084,0.003423389389736977,0.000834322046972107,0.009982793446474588
2024-02-29,2024-03-01,2024-04-01,-0.003292573816050684,-0.010175416531472255,0.16666666666666677,0.4545454545454546,0.30371383002961955,0.15083162451583504,0.5000000000000003,0.5,1.0,0.0,0.0,0.0,1.0,0.0,0.0,0.0,0.0,0.0,1.0,2.216258210711657,1,0.008298727344210333,-0.004550898203592779,-0.008814332249543018,-0.032003760024800626,0.1147873856934535,1.0898279864995635,-0.010175416531472255,-0.009336717956890466,0.004522092656024808,0.0035059930399313015,0.0010160996160935068,-0.009159316915378747
2024-03-28,2024-04-01,2024-05-02,-0.04204836899089923,0.023025233771407347,0.12852664576802503,0.21689494553255872,0.10526785751290584,0.11162708801965289,0.5000000000000001,0.5000000000000002,0.9953597861497062,0.018560855401174477,1.0,0.0,0.9898663357715084,0.04053465691396726,1.0,0.0,2.0,0.0,0.9968944099378882,2.234813575452945,1,0.008874228478754409,-0.006496631376323392,0.02079318486447417,-0.018108908427361303,0.1147873856934535,1.1485365826406762,0.023025233771407347,0.020047453532971944,0.0050961880252805795,0.0036948594775752784,0.0014013285477053011,0.02442656231911265
2024-04-30,2024-05-02,2024-06-03,-0.03484919313170962,-0.018341780095113044,0.11594202898550726,0.15258215962441346,0.07575757575757573,0.07682458386683776,0.49999999999999956,0.49999999999999983,1.0,0.0,0.0,0.0,1.0,0.0,0.0,0.0,0.0,0.0,1.0,2.193698069053744,1,0.008315279807550757,-0.042140954226204896,-0.011282486901180453,-0.029615389026018724,0.1147873856934535,1.1378461227967152,-0.018341780095113044,-0.016119736867434002,0.004730754444495721,0.0036604681073123613,0.0010702863371833595,-0.017271493757929683
2024-05-31,2024-06-03,2024-07-01,-0.018383084431399903,-0.00634057509133329,0.11111111111111081,0.231928713856425,0.1613016585155139,0.07062705534091111,0.5,0.49999999999999983,1.0,0.0,0.0,0.0,1.0,0.0,0.0,0.0,0.0,0.0,1.0,2.182208038529227,1,0.00788328862247556,0.015929203539823078,-0.007226064424133094,0.021937751549002623,0.1147873856934535,1.1747042308990727,-0.00634057509133329,-0.005397592793617898,0.004630266249110279,0.0037790411959765266,0.0008512250531337528,-0.005489350038199538
2024-06-28,2024-07-01,2024-08-01,0.010493498086283802,0.02612393537051501,0.06130268199233694,0.10226557722684511,0.06161919961221202,0.040646377614633106,0.5000000000000001,0.5,1.0,0.0,0.0,0.0,1.0,0.0,0.0,0.0,0.0,0.0,1.0,2.251809051425843,1,0.009071127681215208,0.03368176538908241,0.018423232141674257,0.008506281856292593,0.1147873856934535,1.172030145047773,0.02612393537051501,0.022289473936227273,0.0053158175459807645,0.0037704386215345297,0.0015453789244462349,0.027669314294961243
2024-07-31,2024-08-01,2024-09-02,0.13539182969777644,0.07878979910155742,0.05797101449275366,0.24002616272874677,0.15566556094903614,0.08436060177971065,0.4999999999999996,0.5000000000000001,1.0,0.0,0.0,0.0,1.0,0.0,0.0,0.0,1.0,0.0,0.9984177215189873,2.247872486489847,1,0.008675026254220786,0.05914927768860356,0.06513403979776167,0.0398209356261171,0.1147873856934535,1.095464707228123,0.07878979910155742,0.07192363074929259,0.004751592547888128,0.0035241264553759182,0.0012274660925122097,0.08001726519406963
2024-08-30,2024-09-02,2024-10-01,-0.022064406330820043,-0.01245178361527511,0.057971014492753346,0.16455169544414378,0.10188369085932687,0.06266800458481689,0.4999999999999997,0.5,1.0,0.0,0.0,0.0,1.0,0.0,0.0,0.0,0.0,0.0,1.0,2.2593173806616447,1,0.008360534647679385,-0.023262862771842086,-0.016050001431724237,0.19529958667344818,-0.19529958667344818,1.082126378083113,-0.01245178361527511,-0.011506773947542334,0.004523577538565834,0.0034812168497078523,0.001042360688857982,-0.011409422926417128
2024-09-30,2024-10-01,2024-11-01,0.0071160213459409765,0.06151509021156877,0.11594202898550703,0.1727809782201768,0.10478520649445311,0.0679957717257237,0.4999999999999998,0.5,0.9964354597071671,0.014258161171331102,1.0,0.0,1.0,0.0,0.0,0.0,1.0,0.0,0.9984177215189873,2.2468758916837133,1,0.009279467098409544,-0.02009309542280835,0.054303050921863806,0.23592000838220623,-0.23592000838220623,1.041862010932017,0.06151509021156877,0.05904341416243722,0.004833962125763228,0.00335168577440266,0.0014822763513605676,0.06299736656292934
2024-10-31,2024-11-01,2024-12-02,-0.04040394070852021,0.013809752145351894,0.06060606060606055,0.14748274603755981,0.06781034130576226,0.07967240473179756,0.5000000000000003,0.5,0.9941517847669572,0.02339286093217129,2.0,0.0,0.9935032483758119,0.025987006496751595,1.0,0.0,5.0,0.0,0.9918831168831169,2.26740378175435,1,0.00794797971295047,-0.03586414377325631,0.0081582348515032,0.12972415087674674,-0.12972415087674674,1.0779874027680891,0.013809752145351894,0.012810680449410437,0.00428391100400847,0.0034679017038071404,0.0008160093002013299,0.014625761445553224
2024-11-29,2024-12-02,2025-01-02,-0.06976937970149547,0.030224427291651302,0.08333333333333338,0.16299222243129452,0.10593416784509313,0.05705805458620139,0.5000000000000001,0.49999999999999994,1.0,0.0,0.0,0.0,1.0,0.0,0.0,0.0,0.0,0.0,1.0,2.2682324217103678,1,0.00935023612288699,-0.037608802759073745,0.023142903350075992,0.1332794606580272,-0.1332794606580272,1.0734865833109424,0.030224427291651302,0.028155384297799464,0.0050186765143542525,0.003453422499853654,0.0015652540145005985,0.0317896813061519
2024-12-30,2025-01-02,2025-02-03,0.04924447646774816,-0.010388411726084215,0.2028985507246375,0.3889327223982116,0.26552609861032356,0.12340662378788808,0.5000000000000001,0.5000000000000003,1.0,0.0,0.0,0.0,1.0,0.0,0.0,0.0,0.0,0.0,1.0,2.201445790306091,1,0.010167641254021476,0.04854948805460757,-0.003229906589218025,0.10082408340564598,-0.1332794606580272,1.0709088779553404,-0.010388411726084215,-0.009700556172359456,0.005444308643398288,0.0034451299829173264,0.0019991786604809615,-0.008389233065603255
2025-01-31,2025-02-03,2025-03-05,-0.03975871410885523,0.015969945988205905,0.15882967607105536,0.22922697916919035,0.1527908175592618,0.07643616160992857,0.5,0.49999999999999994,1.0,0.0,0.0,0.0,1.0,0.0,0.0,0.0,1.0,0.0,0.9984076433121019,2.217192100929624,1,0.009853323047298579,-0.023435592806574923,0.01171184324085456,-0.006626285594261614,-0.1332794606580272,1.0764809311577344,0.015969945988205905,0.014835326410316008,0.0053034571844769686,0.0034630553619566956,0.001840401822520273,0.017810347810726178
2025-02-28,2025-03-05,2025-04-01,0.07890976670308451,-0.07400181182629413,0.19444444444444453,0.28885551804446397,0.17125510821534115,0.1176004098291228,0.5000000000000001,0.5000000000000002,1.0,0.0,0.0,0.0,1.0,0.0,0.0,0.0,0.0,0.0,1.0,2.1855277835326263,1,0.009675600186987987,0.05949504207982659,-0.07120419777496328,-0.0025783001967519263,-0.1332794606580272,0.9351495589684604,-0.07400181182629413,-0.0791336648951892,0.004524066623808487,0.0030083902098797526,0.0015156764139287343,-0.0724861354123654
2025-03-31,2025-04-01,2025-05-02,0.10425584781317969,0.023980905941627547,0.16666666666666663,0.3352548036758561,0.25371970760437873,0.08153509607147737,0.5,0.5000000000000001,1.0,0.0,0.0,0.0,1.0,0.0,0.0,0.0,2.0,0.0,0.9967105263157895,2.1442652826888073,1,0.010558782328976779,0.03515532835233981,0.015747447348273404,-0.25899007601293206,0.25899007601293206,0.9649359789965126,0.023980905941627547,0.024852328510505478,0.005094274481811144,0.0031042135715446005,0.0019900609102665437,0.02597096685189409
2025-04-30,2025-05-02,2025-06-02,0.10025962921403771,0.02283331569363743,0.18181818181818168,0.233333949038394,0.16190230184178298,0.071431647196611,0.5000000000000002,0.5,1.0,0.0,0.0,0.0,1.0,0.0,0.0,0.0,0.0,0.0,1.0,2.1775612380706857,1,0.01140534042980823,0.025907916729980274,0.0180055368749151,-0.2108284087579687,0.2108284087579687,0.9729693547273004,0.02283331569363743,0.0234676617333308,0.005548523359217852,0.0031300570622130298,0.0024184662970048224,0.02525178199064225
2025-05-30,2025-06-02,2025-07-01,-0.003493999843429884,0.008013545512638777,0.21212121212121227,0.27068859528267875,0.17933393593905178,0.091354659343627,0.49999999999999994,0.4999999999999998,0.9948122065727697,0.020751173708920212,1.0,0.0,1.0,0.0,0.0,0.0,3.0,0.0,0.9951923076923077,2.169648584366491,1,0.010979288886836747,0.007035473598459463,0.0068745773251365425,-0.19291997418784806,0.19291997418784806,0.9734792405752628,0.008013545512638777,0.008231860710150628,0.005344054903807127,0.0031316973726622553,0.002212357531144872,0.010225903043783648
2025-06-30,2025-07-01,2025-08-01,-0.05417331918408386,0.010787571260818052,0.19999999999999996,0.23412880971813518,0.17339996570330096,0.060728844014834193,0.49999999999999983,0.5000000000000001,1.0,0.0,0.0,0.0,1.0,0.0,0.0,0.0,1.0,0.0,0.9983766233766234,2.225610168471814,1,0.012757340542210782,-0.03213707898220308,0.01693835448735739,-0.1925265132379338,0.1925265132379338,1.0033909540069037,0.010787571260818052,0.010751114725261744,0.006400300048619915,0.0032279238050927435,0.0031723762435271713,0.013959947504345224
2025-07-31,2025-08-01,2025-09-01,0.049546372045635674,0.032331742129796455,0.21333333333333337,0.20740501231757116,0.11304696165524623,0.09435805066232494,0.5000000000000004,0.5000000000000002,1.0,0.0,0.0,0.0,1.0,0.0,0.0,0.0,1.0,0.0,0.9983552631578947,2.1707202388898486,1,0.01164157616858752,0.05387128637641503,0.02130514798353253,-0.1733635510838041,0.1733635510838041,1.0550597509713642,0.032331742129796455,0.030644465491200396,0.006141279226672061,0.0033941431028012402,0.0027471361238708206,0.035078878253667276
2025-08-29,2025-09-01,2025-10-01,-0.02286675241116791,0.0012817236325779696,0.09090909090909095,0.13989898989898975,0.08808674985145575,0.05181224004753401,0.5,0.5000000000000001,1.0,0.0,0.0,0.0,1.0,0.0,0.0,0.0,0.0,0.0,1.0,2.1619215816574933,1,0.012199302216840069,0.03677000720980561,-0.0051595419759666765,-0.0760518413106866,0.1733635510838041,1.0548844049024901,0.0012817236325779696,0.001215037047302304,0.006434426829618483,0.0033935790118578366,0.0030408478177606467,0.004322571450338616
2025-09-30,2025-10-01,2025-10-02,-0.004499782352966982,0.0032141503885261126,0.16666666666666663,0.29498367129946107,0.21766727424622165,0.07731639705323944,0.5000000000000003,0.5000000000000002,1.0,0.0,0.0,0.0,1.0,0.0,0.0,0.0,1.0,0.0,0.9983443708609272,2.1609300727570004,1,0.0005513102011314164,-0.00834492350486804,0.004472587248816203,-0.09525740965301742,0.1733635510838041,1.0622194560677451,0.0032141503885261126,0.0030258816764895747,0.00029280621098520625,0.0034171759818856706,-0.0031243697709004642,8.978061762564835e-05
