month_end,trade_date,next_trade_date,D10,LS,turnover_D10,turnover_LS,turnover_LS_reconst,turnover_LS_reweight,ls_gross_long,ls_gross_short,dispersion,dispersion_gate_active,CDI,BOVA11,LS_pre_overlay,beta_est,hedge_ratio,vt_scale,LS_vt,LS_pre_vt,LS_carry,LS_borrow_cost,LS_financing_net,LS_net
2011-01-31,2011-02-01,2011-03-01,-0.02137596533113594,0.007902324097626803,0.0,2.7755575615628914e-16,0.0,2.7755575615628914e-16,0.5000000000000001,0.5000000000000001,2.1859472956446657,1,0.008425009434362085,-0.0011961722488037507,0.007902324097626803,0.0,0.0,1.0,0.007902324097626803,0.007902324097626803,0.0042125047171810434,0.003217015055001716,0.0009954896621793274,0.00889781375980613
2011-02-28,2011-03-01,2011-04-01,0.039186766432770255,0.03824926243045368,0.16666666666666666,0.3277777777777779,0.21388888888888888,0.11388888888888894,0.5000000000000003,0.5,2.087846467337309,1,0.009206833909138457,0.017964071856287456,0.03824926243045368,0.0,0.0,1.0,0.03824926243045368,0.03824926243045368,0.004603416954569228,0.003217015055001715,0.0013864018995675131,0.03963566433002119
2011-03-31,2011-04-01,2011-05-02,0.02681826831118803,0.06848397402479726,0.16666666666666666,0.2916666666666668,0.18333333333333326,0.10833333333333349,0.5000000000000001,0.5,2.033559923160884,1,0.008396233613529702,-0.03676470588235292,0.06848397402479726,0.0,0.0,1.0,0.06848397402479726,0.06848397402479726,0.004198116806764851,0.003217015055001715,0.000981101751763136,0.0694650757765604
2011-04-29,2011-05-02,2011-06-01,0.009237893928696799,0.030066201232064226,0.25641025641025644,0.40850815850815864,0.26139693639693645,0.14711122211122216,0.5,0.5000000000000001,2.150147354981376,1,0.009853034390991944,-0.029312977099236637,0.030066201232064226,0.0,0.0,1.0,0.030066201232064226,0.030066201232064226,0.004926517195495973,0.003217015055001716,0.0017095021404942568,0.031775703372558486
2011-05-31,2011-06-01,2011-07-01,-0.019466660403932287,0.02080873150760384,0.2051282051282051,0.32517482517482516,0.21340326340326346,0.11177156177156167,0.5000000000000001,0.5000000000000001,2.1463085180837402,1,0.009535252207044431,-0.0301981755268953,0.02080873150760384,0.0,0.0,1.0,0.02080873150760384,0.02080873150760384,0.0047676261035222165,0.003217015055001716,0.0015506110485205005,0.022359342556124342
2011-06-30,2011-07-01,2011-08-01,-0.033386546838307184,0.04385557858037117,0.2222222222222222,0.2670940170940171,0.19566822066822073,0.0714257964257964,0.5000000000000001,0.5000000000000001,2.164331440425322,1,0.009675260632866944,-0.05124878365228669,0.04385557858037117,0.0,0.0,1.0,0.04385557858037117,0.04385557858037117,0.004837630316433473,0.003217015055001716,0.001620615261431757,0.045476193841802924
2011-07-29,2011-08-01,2011-09-01,0.011471034973435523,0.018717205883784074,0.20512820512820507,0.2713675213675214,0.18113830613830617,0.09022921522921525,0.5000000000000001,0.5,2.1115095375697503,1,0.010704896208957981,-0.029401709401709386,0.02309072979533019,-0.1487506679217721,0.1487506679217721,1.0,0.018717205883784074,0.018717205883784074,0.005352448104478991,0.003217015055001715,0.0021354330494772755,0.02085263893326135
2011-08-31,2011-09-01,2011-10-03,-0.06818061656021751,0.015451827443126558,0.2564102564102564,0.2884615384615385,0.219988344988345,0.06847319347319347,0.5000000000000003,0.5,2.103823963994617,1,0.009398254167376052,-0.09915463191264529,0.03004058433163519,-0.14713137053810307,0.14713137053810307,1.0,0.015451827443126558,0.015451827443126558,0.004699127083688026,0.003217015055001715,0.001482112028686311,0.01693393947181287
2011-09-30,2011-10-03,2011-11-01,0.055821045582530954,0.01242419010038797,0.3333333333333334,0.3463480963480965,0.2716588966588967,0.07468919968919978,0.5000000000000001,0.5000000000000001,2.1891795144676593,1,0.008789482465142662,0.08856304985337249,-0.0006062128035730723,-0.017044292267474805,0.14713137053810307,1.0,0.01242419010038797,0.01242419010038797,0.004394741232571332,0.003217015055001716,0.0011777261775696157,0.013601916277957586
2011-10-31,2011-11-01,2011-12-01,0.05634065568007835,0.08361752876364241,0.3333333333333333,0.3383838383838385,0.22474747474747478,0.11363636363636372,0.5000000000000001,0.5000000000000001,2.1994065430927905,1,0.008567424211848751,0.025502873563218342,0.07986525602362614,-0.09902595772099668,0.14713137053810307,1.0,0.08361752876364241,0.08361752876364241,0.004283712105924376,0.003217015055001716,0.0010666970509226603,0.08468422581456507
2011-11-30,2011-12-01,2012-01-02,0.022352548164327243,0.04460261224766866,0.28571428571428564,0.2979076479076481,0.22117604617604614,0.07673160173160193,0.5,0.5,2.186199941698742,1,0.009047373489255106,-0.010332749562171673,0.046122883852177964,-0.03495188444105476,0.14713137053810307,1.0,0.04460261224766866,0.04460261224766866,0.004523686744627553,0.003217015055001715,0.001306671689625838,0.0459092839372945
2011-12-29,2012-01-02,2012-02-01,0.08393224439190507,0.022210307185892803,0.25641025641025633,0.33686313686313696,0.2138861138861139,0.12297702297702306,0.5,0.5000000000000001,2.1640829877911982,1,0.00883164575843809,0.10953813484339059,0.0019189110786424878,-0.036350460829108436,0.14713137053810307,1.2314835592665134,0.022210307185892803,0.018035406984338087,0.005438013276391173,0.0039617011501474715,0.0014763121262437017,0.023686619312136503
2012-01-31,2012-02-01,2012-03-01,0.08267450874168314,-0.00658900341853729,0.20512820512820507,0.29059829059829073,0.18048433048433046,0.11011396011396025,0.5000000000000001,0.5000000000000001,2.089271036011997,1,0.007414836145679615,0.0389154704944179,-0.011418065001350603,-0.1010361266849716,0.14713137053810307,1.1575132306059848,-0.00658900341853729,-0.005692378492371785,0.00429138547069982,0.003723737489223126,0.0005676479814766943,-0.006021355437060596
2012-02-29,2012-03-01,2012-04-02,0.03875759873649665,0.06195565550675386,0.09523809523809523,0.14835164835164846,0.07417582417582415,0.0741758241758243,0.5,0.5,2.071673638329337,1,0.008054920154665135,-0.032238256063862436,0.05686957268482449,-0.1193284404556229,0.1193284404556229,1.1684756740039404,0.06195565550675386,0.05302263186571476,0.004705989128385134,0.0037590038346739523,0.0009469852937111817,0.06290264080046504
2012-03-30,2012-04-02,2012-05-02,-0.00706463090972273,0.055461904564217644,0.2564102564102564,0.38553113553113566,0.2997931110313345,0.08573802449980115,0.49999999999999994,0.5,2.0788735099568014,1,0.006971980611159889,-0.037753807106599035,0.05195526216108275,-0.15045039842533312,0.15045039842533312,1.1985236225235578,0.055461904564217644,0.04627518683982176,0.0041780417291256795,0.0038556685374334784,0.0003223731916922011,0.05578427775590984
2012-04-30,2012-05-02,2012-06-01,-0.17769182560724603,-0.01677195177549243,0.25641025641025633,0.32206290046128555,0.27119834076330573,0.05086455969797979,0.5,0.5,2.0919522176227554,1,0.0073093626688405244,-0.13748763600395641,0.006942906768630054,-0.16127359929559268,0.16127359929559268,1.1012285254796934,-0.01677195177549243,-0.015230219148370312,0.004024639337001783,0.0035426687454655137,0.0004819705915362696,-0.01628998118395616
2012-05-31,2012-06-01,2012-07-02,0.011878560365267798,0.00965175396391485,0.28571428571428564,0.4338010029483277,0.32157250058589376,0.11222850236243392,0.5000000000000001,0.5000000000000001,2.1515416210279836,1,0.006386582234745086,0.020451070336391375,0.0053632195890014785,-0.01215872444042277,0.16127359929559268,1.1143362950846576,0.00965175396391485,0.008661437311598644,0.003558400192859667,0.003584836637622178,-2.6436444762511016e-05,0.009625317519152339
2012-06-29,2012-07-02,2012-08-01,0.023300862490459,-0.008034697622851061,0.35555555555555546,0.2542124542124544,0.14377289377289373,0.11043956043956066,0.5000000000000001,0.5,2.1546685753708084,1,0.0067345607664746066,0.05206967596928269,-0.015783902629447965,-0.030623396028785086,0.16127359929559268,1.0877634119379156,-0.008034697622851061,-0.007386438571726517,0.003662804398621821,0.0034993512724843068,0.0001634531261375141,-0.007871244496713546
2012-07-31,2012-08-01,2012-09-03,-0.008385008793408212,-0.04523808261134989,0.358974358974359,0.42234432234432256,0.2884448884448884,0.13389943389943407,0.5,0.5,2.131534532045627,1,0.006849965314555062,0.004094712479971507,-0.04933448568754256,-0.07484951394423058,0.16127359929559268,0.9294073669602111,-0.04523808261134989,-0.04867411666781697,0.0031832041133846973,0.002989917491740503,0.00019328662164419443,-0.0450447959897057
2012-08-31,2012-09-03,2012-10-01,-0.01903475547380063,-0.03290364737181607,0.35555555555555546,0.3316239316239317,0.25747863247863245,0.07414529914529927,0.5,0.5,2.2269676831048777,1,0.005369965266185606,0.03280141843971629,-0.04304720077257232,-0.08557679492534183,0.16127359929559268,0.8714536340255257,-0.03290364737181607,-0.03775719795879845,0.002339837872904148,0.002803479460396071,-0.00046364158749192304,-0.033367288959307996
2012-09-28,2012-10-01,2012-11-01,0.009927951796370196,0.020206888518087347,0.311111111111111,0.29999999999999993,0.24440559440559442,0.05559440559440552,0.5,0.5,2.1392141672980296,1,0.006063543747743205,-0.030214592274678043,0.026278019982277787,-0.12157814800859074,0.12157814800859074,0.8939287225751005,0.020206888518087347,0.022604585810687756,0.00271018795834916,0.00287578215862255,-0.0001655942002733897,0.020041294317813957
2012-10-31,2012-11-01,2012-12-03,0.01643167540904423,0.0029588936293292165,0.31111111111111106,0.3287157287157288,0.26109446109446105,0.06762126762126767,0.49999999999999983,0.5,2.0298788049794863,1,0.005443435742476632,0.0070808992742077415,0.0021926477049515757,-0.14941774882153977,0.14941774882153977,0.910244033928662,0.0029588936293292165,0.003250659734135771,0.0024774274543316955,0.002928268760873998,-0.0004508413065423024,0.002508052322786914
2012-11-30,2012-12-03,2013-01-02,0.05461150572802561,-0.010432907583811784,0.26666666666666655,0.4031746031746031,0.3041514041514042,0.09902319902319894,0.49999999999999983,0.5,2.1003909531797498,1,0.005336783593778316,0.06890490420108986,-0.02159641314566312,-0.1475015587317084,0.1475015587317084,0.9125391892911078,-0.010432907583811784,-0.011432832371743322,0.0024350120870442744,0.0029356523102285537,-0.0005006402231842793,-0.010933547806996062
2012-12-28,2013-01-02,2013-02-01,0.015422546678678437,0.019556785964518413,0.28571428571428564,0.3904761904761906,0.2878306878306878,0.10264550264550272,0.49999999999999994,0.5,2.239581078277568,1,0.005867469311010121,-0.034862687058049735,0.02620967133043776,-0.15044906983756348,0.15044906983756348,0.9328474816009803,0.019556785964518413,0.020964612490516114,0.002736726985073415,0.003000984392330789,-0.00026425740725737404,0.01929252855726104
2013-01-31,2013-02-01,2013-03-01,0.01856908340118608,0.036229678137418155,0.31111111111111106,0.4252747252747251,0.35700701661715734,0.06826770865756776,0.5000000000000001,0.49999999999999983,2.1303693296323525,1,0.004816879234908811,-0.05213835406372458,0.047630897461018624,-0.17774244851848853,0.17774244851848853,0.9443739607953999,0.036229678137418155,0.03836369874800833,0.002274467660871974,0.0030380652494304,-0.0007635975885584259,0.035466080548859726
2013-02-28,2013-03-01,2013-04-01,0.00612373047639669,0.04360533866120107,0.28571428571428564,0.20008801349485061,0.1605239642583211,0.03956404923652949,0.49999999999999994,0.5,2.1926391464668553,1,0.005378582620114258,-0.013122415962610212,0.04893969889169827,-0.22767319561816485,0.22767319561816485,0.9489307549947259,0.04360533866120107,0.04595207651525998,0.002551951233253267,0.0030527245249721774,-0.0005007732917189102,0.04310456536948216
2013-03-28,2013-04-01,2013-05-02,0.005767814631549485,0.041800141523976916,0.26666666666666655,0.24587912087912087,0.1998626373626374,0.04601648351648346,0.5,0.5,2.232713912329632,1,0.006016252919069931,-0.012750455373406133,0.046714575125591344,-0.23608376375202955,0.23608376375202955,0.9564286862749498,0.041800141523976916,0.043704399631485334,0.002877058437841943,0.0030768454827820257,-0.00019978704494008279,0.04160035447903683
2013-04-30,2013-05-02,2013-06-03,-0.059866247794872596,-0.007649543944879651,0.37499999999999994,0.3528317670712748,0.29807397119746865,0.05475779587380606,0.5,0.49999999999999983,2.1414818569875016,1,0.00586678014293307,-0.030996309963099655,-0.00048668865551612883,-0.2417103955168396,0.2417103955168396,0.9587313546611076,-0.007649543944879651,-0.007978818996259502,0.0028123330369665533,0.0030842532016469707,-0.00027192016468041745,-0.007921464109560069
2013-05-31,2013-06-03,2013-07-01,-0.1169631896559703,0.012736940527547213,0.33333333333333326,0.3807230319235581,0.30683746105513726,0.07388557086842079,0.49999999999999983,0.5000000000000001,2.1906918295968327,1,0.005919441025405314,-0.11462300076161469,0.03509428759458078,-0.1922582590796288,0.1922582590796288,0.9754823621067376,0.012736940527547213,0.013057069017669776,0.002887155156906953,0.00313814144478601,-0.0002509862878790573,0.012485954239668156
2013-06-28,2013-07-01,2013-08-01,0.09801094272731015,0.056915095207101994,0.3999999999999999,0.3475989877704859,0.26869709275529946,0.07890189501518646,0.49999999999999994,0.5,2.1369411527371343,1,0.0071068152139550644,0.030322580645161246,0.05542639727930595,-0.12046695427289637,0.12046695427289637,0.9633683498990462,0.056915095207101994,0.0590792662153228,0.0034232404228526636,0.0030991704851373917,0.00032406993771527193,0.057239165144817264
2013-07-31,2013-08-01,2013-09-02,0.002498006052691947,0.0006433649041364052,0.25,0.21180869783810943,0.1574916505063564,0.054317047331753056,0.49999999999999994,0.49999999999999994,2.0397788713361202,1,0.0069759345084061675,0.06073888541014405,-0.006655511268776505,-0.028757942798498658,0.12046695427289637,0.9725595091674252,0.0006433649041364052,0.0006615172625140109,0.0033922557207398023,0.003128738582876685,0.0002635171378631172,0.0009068820419995224
2013-08-30,2013-09-02,2013-10-01,0.003808977155302972,-0.012476705600019641,0.28571428571428564,0.3551046176046177,0.2672958985458986,0.08780871905871916,0.5000000000000001,0.49999999999999983,1.9888937698913707,1,0.006991089252236904,0.010035419126328105,-0.014078268203705216,-0.09225052030097347,0.12046695427289637,0.9694913277571926,-0.012476705600019641,-0.012869331826704498,0.0033889002008100962,0.0031188681970884895,0.0002700320037216067,-0.012206673596298035
2013-09-30,2013-10-01,2013-11-01,0.04499935922817131,0.042214403259991935,0.44444444444444436,0.5081807081807083,0.37789987789987806,0.13028083028083023,0.5000000000000001,0.5,2.0574352857690337,1,0.008056071351680183,0.03623611922852121,0.038932709969861395,-0.10701820233976157,0.12046695427289637,0.9749743058177895,0.042214403259991935,0.043297964887990883,0.003927231286861484,0.003136507020055675,0.0007907242668058088,0.04300512752679774
2013-10-31,2013-11-01,2013-12-02,0.023495381304041264,0.05913269895690524,0.25641025641025633,0.3546898150805808,0.2487734789688618,0.10591633611171895,0.5,0.49999999999999994,2.2458447871418574,1,0.007121615167924977,-0.05433352133859748,0.06803786711544361,-0.06467667444970643,0.12046695427289637,0.9616249891751051,0.05913269895690524,0.061492473284861356,0.00342416155438256,0.003093562067442174,0.000330599486940386,0.059463298443845625
2013-11-29,2013-12-02,2014-01-02,0.010872207480268821,-0.02416768277601686,0.23809523809523803,0.3765298731247128,0.3064060127538208,0.07012386037089195,0.5000000000000001,0.49999999999999994,2.1630336861275032,1,0.007803801225700457,-0.001391650099403563,-0.025422165948244608,-0.1461319663459425,0.1461319663459425,0.9431095587684449,-0.02416768277601686,-0.025625530513735978,0.0036799197653435037,0.003033997649074112,0.0006459221162693918,-0.023521760659747468
2013-12-30,2014-01-02,2014-02-03,-0.09145269337967228,-0.053677587487778435,0.28571428571428564,0.31381356445600345,0.24277650124983338,0.07103706320617005,0.49999999999999994,0.5,2.0643512288719252,1,0.0084159347753745,-0.08023093768664136,-0.048902072171037175,-0.1567921738982845,0.1567921738982845,0.8730667257029304,-0.053677587487778435,-0.061481655304823475,0.0036738363090328212,0.00280866880060738,0.0008651675084254411,-0.052812419979352994
2014-01-31,2014-02-03,2014-03-05,0.048451988780624476,0.03773765829670886,0.2564102564102564,0.2985622678949166,0.2273435998543808,0.0712186680405358,0.49999999999999983,0.49999999999999983,2.0579655332061217,1,0.007836869701381088,-0.0021645021645021467,0.04387513119854628,0.06756812672177004,0.1567921738982845,0.866819904495375,0.03773765829670886,0.04353575419876645,0.0033965773230469256,0.0027885726827367695,0.0006080046403101561,0.038345662937019014
2014-02-28,2014-03-05,2014-04-01,0.04253262188273865,0.03610891703567503,0.22222222222222213,0.4114774114774115,0.29975579975579975,0.11172161172161173,0.5,0.5,2.0102907972949327,1,0.007599483935512019,0.0661605206073752,0.03136370471981864,0.09519614470196326,0.1567921738982845,0.8651503840062813,0.03610891703567503,0.04173715657209125,0.0032873482225288944,0.002783201810188722,0.0005041464123401724,0.0366130634480152
2014-03-31,2014-04-01,2014-05-02,-0.032156935498570176,0.008856747962541291,0.28571428571428564,0.3317460317460317,0.25799161862487474,0.07375441312115692,0.49999999999999994,0.5,2.177339612754511,1,0.008163585883203206,0.023194303153611484,0.006264734715326032,0.10267231613369707,0.1567921738982845,0.8944927117722934,0.008856747962541291,0.009901419928836613,0.003651134037226224,0.002877596520360778,0.0007735375168654462,0.009630285479406737
2014-04-30,2014-05-02,2014-06-02,0.0508910795256076,0.006928875181801882,0.31111111111111095,0.3163344450679329,0.21439116439116435,0.1019432806767685,0.49999999999999983,0.49999999999999983,2.1806832499257407,1,0.00858300624253161,-0.004971167230065632,0.00851469800458878,0.09034951051455338,0.1567921738982845,0.8957523178060508,0.006928875181801882,0.007735257887774876,0.003844123867745745,0.0028816486919347453,0.0009624751758109998,0.007891350357612882
2014-05-30,2014-06-02,2014-07-01,0.059910877898364946,0.02863284074260351,0.31111111111111106,0.3242979242979242,0.26135531135531126,0.06294261294261293,0.5,0.49999999999999994,2.1066886655153225,1,0.008174066222165877,0.04276578737010395,0.02535844476440911,0.09217094464808732,0.1567921738982845,0.8929962655741492,0.02863284074260351,0.03206378553463951,0.0036497053054749605,0.0028727824304123476,0.0007769228750626129,0.02940976361766612
2014-06-30,2014-07-01,2014-08-01,0.033568734608091504,0.0463282820124921,0.3333333333333332,0.3769152204464488,0.2929273703120963,0.08398785013435255,0.49999999999999994,0.5,2.014369284071112,1,0.009404271848245882,0.03583748562667677,0.046632296524032814,0.10158342634810504,0.1567921738982845,0.8866430508284201,0.0463282820124921,0.05225133380248799,0.004169116141174277,0.0028523440429276785,0.0013167720982465983,0.0476450541107387
2014-07-31,2014-08-01,2014-09-01,0.05720208234982734,-0.029677859155615202,0.22222222222222218,0.4053855518766296,0.28494281600149757,0.12044273587513198,0.5,0.5000000000000001,2.0140289153383852,1,0.008595646498315013,0.11415356151711387,-0.018865246500061616,0.1379243758201413,-0.1379243758201413,0.8574985894027298,-0.029677859155615202,-0.034609805219955644,0.00368537737365482,0.0027585858717513166,0.0009267915019035033,-0.028751067653711698
2014-08-29,2014-09-01,2014-10-01,-0.09329850937740564,0.0362356709739354,0.1777777777777778,0.46852484236057484,0.313749600667467,0.1547752416931079,0.5,0.5,2.244641559458635,1,0.009005837224223212,-0.13782796413151777,0.0236312944807635,-0.06247360437237223,-0.1379243758201413,0.849782138289584,0.0362356709739354,0.04264113040416391,0.003826499806744167,0.0027337619323491414,0.0010927378743950254,0.03732840884833043
2014-09-30,2014-10-01,2014-11-03,0.022579990984289908,0.023505924844318894,0.19047619047619047,0.30870980870980863,0.18676231176231176,0.12194749694749689,0.5,0.49999999999999994,2.0419950601034484,1,0.009457012571264523,0.011748844375963019,0.02932060243588358,-0.03895972611956427,-0.1379243758201413,0.8485847368149476,0.023505924844318894,0.027700150408720904,0.004012538261921077,0.0027299098737783543,0.0012826283881427229,0.024788553232461617
2014-10-31,2014-11-03,2014-12-01,-0.01941119768066354,-0.003009372879202755,0.14285714285714282,0.42399267399267404,0.2827358003316703,0.14125687366100376,0.5000000000000001,0.5,2.0934227607574094,1,0.008378556738443788,-0.00019036740909950112,-0.003378442436600434,-0.036600317548420726,-0.1379243758201413,0.8977344222626573,-0.003009372879202755,-0.0033521861305238878,0.003760859396490864,0.0028880251518122353,0.0008728342446786288,-0.0021365386345241263
2014-11-28,2014-12-01,2015-01-02,-0.09876153401339137,-1.6431004842125316e-05,0.22222222222222218,0.6273248927972773,0.478351401192121,0.1489734916051563,0.5000000000000001,0.49999999999999994,2.199465606035702,1,0.009576758362219717,-0.08358720487433358,-0.011546816428898597,-0.035401274280591526,-0.1379243758201413,0.9076213319078051,-1.6431004842125316e-05,-1.8103370055866375e-05,0.004346035090038535,0.0029198314889881173,0.0014262036010504174,0.001409772596208292
2014-12-30,2015-01-02,2015-02-02,-0.11880902624918073,0.016991916535923336,0.2222222222222222,0.401226821671737,0.2547800775025351,0.1464467441692019,0.5000000000000001,0.5,2.216974866822222,1,0.009311727078445742,-0.042385206731768155,0.012877413647248911,0.010984316975150862,-0.1379243758201413,0.9075246290072931,0.016991916535923336,0.018723366829735685,0.004225310831141819,0.0029195203943013083,0.0013057904368405106,0.018297706972763846
2015-01-30,2015-02-02,2015-03-02,0.025003220356345706,-0.04621147841397699,0.35897435897435886,0.3459595959595961,0.2567340067340067,0.08922558922558933,0.5,0.49999999999999994,2.1800451000006777,1,0.008185605899158954,0.08461705359080063,-0.04206998909712271,0.008314978431355383,-0.1379243758201413,0.8598965234305943,-0.04621147841397699,-0.05374074339737333,0.003519387027429874,0.0027663000616198565,0.0007530869658100175,-0.045458391448166977
2015-02-27,2015-03-02,2015-04-01,-0.017501871300768385,0.0069648898693817785,0.311111111111111,0.29617604617604637,0.19426406926406925,0.10191197691197708,0.5000000000000001,0.49999999999999994,2.192285340815977,1,0.010379441597394568,0.0042008401680335705,0.008496164352287672,-0.0852862466444831,-0.1379243758201413,0.87976451325143,0.0069648898693817785,0.007916766094191464,0.004565732192376738,0.002830215683986106,0.001735516508390632,0.008700406377772411
2015-03-31,2015-04-01,2015-05-04,0.0594502641546491,-0.01973778147880807,0.3333333333333334,0.4420579420579422,0.3517982017982018,0.09025974025974033,0.5000000000000001,0.5,2.008873760513978,1,0.009500851121819975,0.09960159362549792,-0.008590992522456079,-0.08454120690207467,-0.1379243758201413,0.8839733534358567,-0.01973778147880807,-0.022328480153944244,0.004199249613325013,0.0028437555862235032,0.0013554940271015095,-0.018382287451706558
2015-04-30,2015-05-04,2015-06-01,-0.00930885220116152,0.03789798431805053,0.3333333333333333,0.4347319347319348,0.37662522662522674,0.05810670810670815,0.5000000000000001,0.5,2.13506605729746,1,0.009839156200071697,-0.07282608695652182,0.03314586462566875,-0.07232962468665956,-0.1379243758201413,0.8774640165981424,0.03789798431805053,0.043190357212570356,0.004316752759625714,0.002822814951618499,0.0014939378080072148,0.03939192212605775
2015-05-29,2015-06-01,2015-07-01,0.012965057468213588,0.04253885489188498,0.2857142857142857,0.31837606837606836,0.2612665112665113,0.05710955710955704,0.5000000000000001,0.5000000000000001,2.231261802037741,1,0.010676335957019667,0.008401719421649023,0.05059123098678845,-0.10301894187006505,-0.1379243758201413,0.8605455099781509,0.04253885489188498,0.049432429079741554,0.004593736485415781,0.002768387861113841,0.0018253486243019396,0.04436420351618692
2015-06-30,2015-07-01,2015-08-03,0.005512863262130009,0.07588768480163825,0.18181818181818185,0.43822843822843827,0.34335664335664334,0.09487179487179487,0.5000000000000003,0.5000000000000001,2.238708381825347,1,0.01179043542335334,-0.05250920364270495,0.08784567906486007,-0.09737695728784934,-0.1379243758201413,0.7980786450244243,0.07588768480163825,0.09508797820209285,0.004704847363458905,0.002567431016118943,0.002137416347339962,0.07802510114897822
2015-07-31,2015-08-03,2015-09-01,-0.1111310439781369,0.020849971365072772,0.1111111111111111,0.40151515151515166,0.2840909090909091,0.11742424242424254,0.5000000000000001,0.5,2.3197417024343054,1,0.011074878415799239,-0.09427402862985679,0.04120308091797923,-0.17219072942289215,0.17219072942289215,0.8350019537201175,0.020849971365072772,0.02496996716256957,0.004623772557202562,0.0026862138560734636,0.0019375587011290982,0.02278753006620187
2015-08-31,2015-09-01,2015-10-01,-0.0027305131512647633,0.022460163446213374,0.19047619047619047,0.3637566137566139,0.23743386243386247,0.12632275132275142,0.5000000000000001,0.5000000000000001,2.334298085675814,1,0.011074875956177843,-0.015353352901332107,0.02810955352280799,-0.14094859321674863,0.14094859321674863,0.865666343170843,0.022460163446213374,0.025945520030204942,0.004793573685027585,0.002784861658588884,0.002008712026438701,0.024468875472652075
2015-09-30,2015-10-01,2015-11-03,0.03923445942183886,0.014907308365600745,0.18181818181818185,0.3546176046176046,0.2582611832611833,0.0963564213564213,0.5,0.5000000000000001,2.36115927236435,1,0.011077686139502774,0.03187342352671396,0.012712410780808694,-0.14127956393111826,0.14127956393111826,0.8659249364312372,0.014907308365600745,0.01721547415765469,0.0047962223330770696,0.002785693557000694,0.0020105287760763756,0.01691783714167712
2015-10-30,2015-11-03,2015-12-01,-0.02312921180749022,0.024504027920309503,0.22222222222222224,0.26262626262626265,0.22676767676767676,0.03585858585858589,0.49999999999999994,0.5000000000000001,2.303756632278232,1,0.01055176109653888,-0.022222222222222254,0.031496684038325735,-0.14579798209964764,0.14579798209964764,0.8671926613972428,0.024504027920309503,0.028256728880555783,0.004575204893867722,0.0027897718473019356,0.0017854330465657867,0.02628946096687529
2015-11-30,2015-12-01,2016-01-04,-0.05457150942722736,-0.028278129611264403,0.19047619047619047,0.37778887778887804,0.2818237318237318,0.09596514596514623,0.5000000000000003,0.5000000000000001,2.201079964071096,1,0.011613030888727227,-0.06818181818181823,-0.02338554523791656,-0.14608509017906854,0.14608509017906854,0.8480243791530627,-0.028278129611264403,-0.033345892295580326,0.004924066654749125,0.002728107194743886,0.002195959460005239,-0.026082170151259163
2015-12-30,2016-01-04,2016-02-01,-0.010654157832271012,0.05401286653383556,0.3076923076923077,0.31813186813186817,0.2393689643689644,0.07876290376290378,0.5000000000000002,0.5000000000000001,2.22894550086341,1,0.010548946427317851,-0.04390243902439017,0.0718138563110398,-0.02629428615801101,0.14608509017906854,0.8258802058351301,0.05401286653383556,0.0654003645470807,0.004356083023368515,0.0026568690557995296,0.0016992139675689852,0.05571208050140455
2016-01-29,2016-02-01,2016-03-01,0.07814311225518118,-0.02672788775860564,0.3636363636363637,0.46503496503496505,0.3362211862211863,0.12881377881377884,0.5,0.5000000000000001,2.254132811552482,1,0.0100148561151443,0.07168367346938753,-0.04365918088013337,-0.06582059444329622,0.14608509017906854,0.8053657864586403,-0.02672788775860564,-0.03318726497699099,0.004032811235721657,0.002590873859820743,0.0014419373759009145,-0.025285950382704724
2016-02-29,2016-03-01,2016-04-01,0.05500123933778831,-0.07321170286373674,0.28571428571428564,0.3221500721500722,0.2398629148629149,0.08228715728715728,0.5000000000000001,0.5000000000000001,2.2535405008178464,1,0.011605298957283905,0.14544156153296828,-0.13450178567401638,-0.2151517179465461,0.2151517179465461,0.7093484758245975,-0.07321170286373674,-0.10320978384936996,0.004116100563419065,0.0022819847259702504,0.0018341158374488146,-0.07137758702628792
2016-03-31,2016-04-01,2016-05-02,0.13211900852363592,0.03978133562740952,0.30769230769230765,0.3053613053613054,0.26884226884226886,0.036519036519036596,0.5,0.5000000000000001,2.1574611807291997,1,0.010544726459726705,0.08790523690773067,0.02357300199874948,-0.37502958834556704,0.37502958834556704,0.7035954832052312,0.03978133562740952,0.05654006680967526,0.0037096109543492,0.0022634772621024355,0.0014461336922467643,0.04122746931965628
2016-04-29,2016-05-02,2016-06-01,-0.04753880630841122,-0.004331433485210602,0.42424242424242425,0.4585414585414587,0.39593739593739613,0.0626040626040627,0.5,0.5000000000000001,2.297971508873144,1,0.011074872042450057,-0.10143266475644708,0.02372410729540887,-0.29454387834181944,0.29454387834181944,0.7040390444562299,-0.004331433485210602,-0.006152263172500637,0.0038985711651207773,0.0022649042053247137,0.0016336669597960636,-0.002697766525414538
2016-05-31,2016-06-01,2016-07-01,0.043601172969717696,-0.013861183085868884,0.3333333333333332,0.4373737373737372,0.3865190365190366,0.050854700854700646,0.5,0.5000000000000001,2.2666055423025253,1,0.01160529755575812,0.06462585034013602,-0.03425615832498074,-0.22266897080638354,0.22266897080638354,0.6977344375442434,-0.013861183085868884,-0.01986598674225528,0.004048707881300238,0.002244622189972985,0.0018040856913272528,-0.012057097394541631
2016-06-30,2016-07-01,2016-08-01,0.12325809908928538,-0.03129964810852374,0.4102564102564102,0.4769770382152616,0.4364829562325028,0.04049408198275889,0.5,0.5000000000000002,2.1912085993846704,1,0.011074869886563032,0.11122204472843444,-0.07050039011504379,-0.2277753058337412,0.2277753058337412,0.6929797857838694,-0.03129964810852374,-0.045166754861570596,0.00383733048078734,0.0022293264036785726,0.0016080040771087674,-0.02969164403141497
2016-07-29,2016-08-01,2016-09-01,-0.04994915195448132,-0.021262112181627265,0.3333333333333333,0.4048411436029202,0.33362151142009533,0.07121963218282484,0.5,0.5000000000000001,2.2671633058210783,1,0.012136000032068273,0.016172506738544534,-0.03512232783675756,-0.250688257172956,0.250688257172956,0.684371831613567,-0.021262112181627265,-0.031068070308353943,0.004152768285204436,0.002201634485519944,0.0019511337996844917,-0.019310978381942772
2016-08-31,2016-09-01,2016-10-03,0.014067032570000753,0.019471247131841556,0.311111111111111,0.34603174603174597,0.27037037037037037,0.07566137566137558,0.5,0.5000000000000001,2.2126936275669413,1,0.011074869449589686,0.007780725022104473,0.02654181415559864,-0.24206233931059765,0.24206233931059765,0.6849986417876085,0.019471247131841556,0.02842523465598175,0.0037931352654720077,0.002203650943286464,0.0015894843221855438,0.0210607314540271
2016-09-30,2016-10-03,2016-11-01,0.10067501129061086,0.024393709001904035,0.38095238095238093,0.5414529914529916,0.43739316239316245,0.10405982905982913,0.49999999999999994,0.5000000000000002,2.1064711194988797,1,0.010465588241214796,0.10545709773644485,0.00798323937451764,-0.2607171811289291,0.2607171811289291,0.6875783258201833,0.024393709001904035,0.03547771662640151,0.0035979558208089346,0.002211949825656405,0.0013860059951525294,0.025779714997056564
2016-10-31,2016-11-01,2016-12-01,-0.05530851350362446,0.019172637658072995,0.47619047619047605,0.4791319791319791,0.39714174714174727,0.08199023199023187,0.5,0.5,2.0589798939226056,1,0.0103600668732724,-0.058730158730158744,0.03750754620902595,-0.1732475055232325,0.1732475055232325,0.7014544033939499,0.019172637658072995,0.027332692710042454,0.0036335572638563577,0.002256589376115583,0.0013769678877407748,0.020549605545813768
2016-11-30,2016-12-01,2017-01-02,-0.02726119827776488,-0.0007498037985901129,0.3555555555555554,0.36130536130536134,0.3242424242424242,0.0370629370629371,0.5,0.5000000000000001,2.0956639206920133,1,0.011217621631425923,-0.022091062394603678,0.0031560957808318027,-0.19080663790609947,0.19080663790609947,0.708012936770814,-0.0007498037985901129,-0.0010590255624563917,0.0039711106174248395,0.0022776882767276863,0.0016934223406971532,0.0009436185421070403
2016-12-29,2017-01-02,2017-02-01,0.15817673686843234,0.03347117460049535,0.28571428571428564,0.28213453213453227,0.2269258519258519,0.0552086802086803,0.5000000000000001,0.5000000000000003,2.184922973849356,1,0.010819091947400938,0.08639420589756841,0.03016861684757186,-0.17886682009923485,0.17886682009923485,0.7336682734944886,0.03347117460049535,0.045621673731468484,0.003968812254913888,0.002360221881208887,0.001608590373705001,0.035079764974200345
2017-01-31,2017-02-01,2017-03-01,0.13012575902500692,0.034088970951465604,0.22222222222222224,0.22222222222222224,0.1777777777777778,0.04444444444444443,0.5,0.5000000000000001,2.113223198687147,1,0.008611440762927636,0.03365079365079371,0.04052932493308976,-0.10526704657300133,0.17886682009923485,0.7323349088187336,0.034088970951465604,0.04654833538722275,0.0031532293429582686,0.002355932426973175,0.0007972969159850936,0.0348862678674507
2017-02-24,2017-03-01,2017-04-03,-0.05676077195588925,0.02469308771745851,0.20512820512820515,0.3247863247863248,0.27072649572649576,0.054059829059829,0.49999999999999994,0.5,2.1083401282412826,1,0.010504155058322473,-0.03716216216216217,0.04023646105931931,-0.1013947243498405,0.17886682009923485,0.7351456115665012,0.02469308771745851,0.033589383285361256,0.0038610417471699153,0.0023649745000278773,0.001496067247142038,0.02618915496460055
2017-03-31,2017-04-03,2017-05-02,0.04795827224603038,0.026393694531153523,0.1777777777777777,0.40998445998446,0.33161560661560663,0.07836885336885334,0.5000000000000001,0.5000000000000003,2.2578895386227473,1,0.007817125697231697,0.0121212121212122,0.03461781205611911,-0.12112475469328429,0.12112475469328429,0.7314111064220589,0.026393694531153523,0.0360859909008862,0.0028587662776262735,0.0023529605407552265,0.000505805736871047,0.02689950026802457
2017-04-28,2017-05-02,2017-06-01,-0.028909001635295684,-0.0047492023724632565,0.2051282051282051,0.252991452991453,0.19013209013209018,0.0628593628593628,0.5000000000000001,0.5000000000000001,2.1955567891347703,1,0.009219711362202343,-0.04034037188780337,-0.0015621663584810114,-0.12273975545248074,0.12273975545248074,0.7291283906514628,-0.0047492023724632565,-0.006513533738852126,0.003361176653896801,0.002345617009754928,0.0010155596441418727,-0.003733642728321384
2017-05-31,2017-06-01,2017-07-03,-0.011918112073503252,0.0015188716405746842,0.19047619047619044,0.41075591075591067,0.2970446220446221,0.11371128871128859,0.5000000000000001,0.5000000000000001,2.246709777051834,1,0.008080987710124887,0.0064039408866995995,0.0012913277393044353,-0.0600830198488996,0.12273975545248074,0.7311597249651189,0.0015188716405746842,0.0020773458776700868,0.00295424637579071,0.0023521518428237013,0.0006020945329670087,0.002120966173541693
2017-06-30,2017-07-03,2017-08-01,0.11648818817337085,0.03316299671112504,0.2666666666666666,0.4191919191919193,0.2979150479150479,0.12127687127687133,0.5000000000000001,0.5000000000000001,2.235879096211212,1,0.00793505064361355,0.04454233969652477,0.0396689213482641,-0.061691406902155806,0.12273975545248074,0.7347343441386294,0.03316299671112504,0.045136037229896876,0.002915077115171106,0.002363651446520782,0.0005514256686503238,0.033714422379775365
2017-07-31,2017-08-01,2017-09-01,0.12354609950185719,0.029503650666688384,0.358974358974359,0.6354700854700855,0.48583817312630884,0.14963191234377674,0.5000000000000002,0.5,2.09806850800868,1,0.00801452050194662,0.07747578881599515,0.030095581998400137,-0.011260752084039108,0.12273975545248074,0.7449487272355907,0.029503650666688384,0.039604941371163424,0.002985203423664341,0.0023965112707212614,0.0005886921529430797,0.030092342819631464
2017-08-31,2017-09-01,2017-10-02,0.014621270465613095,-0.009076895843901539,0.4761904761904761,0.5652104486850251,0.4284385576758459,0.13677189100917922,0.5000000000000001,0.5000000000000001,2.048563195073882,1,0.006340428944008547,0.037982023775007034,-0.01681388688400205,0.017147037478008526,0.12273975545248074,0.746947733707458,-0.009076895843901539,-0.012151982574267375,0.002367984515230178,0.0024029421046363048,-3.495758940612673e-05,-0.009111853433307665
2017-09-29,2017-10-02,2017-11-01,-0.022607395463379743,-0.007693167085330088,0.35897435897435886,0.40777338603425567,0.30910554823598313,0.0986678377982726,0.5000000000000001,0.5000000000000001,2.029791524151071,1,0.006403700615894792,0.01131284916201114,-0.01170822550786591,-0.003784134227596409,0.12273975545248074,0.7454843803822425,-0.007693167085330088,-0.010319689168249862,0.0023869293928968573,0.0023982344749582996,-1.130508206144236e-05,-0.007704472167391531
2017-10-31,2017-11-01,2017-12-01,-0.06710367304727263,-0.014755215124252631,0.46153846153846145,0.30769230769230765,0.28681716833890747,0.02087513935340021,0.5000000000000001,0.5000000000000001,2.1420189856990874,1,0.005674522127418591,-0.05040740229250096,-0.01374459154547015,0.020215331802305267,0.12273975545248074,0.7402931593490968,-0.014755215124252631,-0.019931583775846536,0.0021004049567515336,0.0023815342387408286,-0.00028112928198929495,-0.015036344406241926
2017-11-30,2017-12-01,2018-01-02,0.13492284868328072,0.02499508554758501,0.564102564102564,0.46324786324786343,0.3982905982905985,0.06495726495726498,0.5000000000000001,0.5,2.159115505754635,1,0.005357961454301119,0.07620709714950546,0.02454032937734496,0.07607720471023872,0.12273975545248074,0.7374493357292867,0.02499508554758501,0.033893969845218704,0.0019756125576687418,0.0023723856153421295,-0.00039677305767338777,0.024598312489911622
2017-12-28,2018-01-02,2018-02-01,0.07047444152296077,0.017197189756944807,0.4444444444444444,0.5346153846153845,0.4579535577416934,0.07666182687369107,0.5000000000000001,0.5000000000000001,2.1626244232427796,1,0.005833860500798371,0.10837837837837827,0.010036792716123958,0.09989435457486281,0.12273975545248074,0.7368394175184333,0.017197189756944807,0.023339128374622535,0.002149309186646034,0.0023704234992754946,-0.00022111431262946063,0.016976075444315345
2018-01-31,2018-02-01,2018-03-01,0.005819224609650506,0.007853531099801025,0.4615384615384614,0.48329448329448343,0.441069560570496,0.042224922723987375,0.5000000000000001,0.5,2.1299094267078487,1,0.0046399365258855685,0.00585223116313105,0.009497916758530208,0.06587177730217839,0.12273975545248074,0.7687317323460248,0.007853531099801025,0.0102162181803443,0.0017834332217598044,0.0024730215562147107,-0.0006895883344549064,0.007163942765346119
2018-02-28,2018-03-01,2018-04-02,-0.019609318467633613,0.006466624482671384,0.33333333333333326,0.41857977492544163,0.3419495706016653,0.07663020432377636,0.5,0.5,2.1355110354900417,1,0.00530620535449855,-0.00242424242424244,0.008709190500258097,0.05992530132821356,0.12273975545248074,0.7687709896205626,0.006466624482671384,0.008411639577949052,0.002039628370753889,0.002473147847457917,-0.0004335194767040281,0.0060331050059673555
2018-03-29,2018-04-02,2018-05-02,-0.03662972622296509,-0.037810291555541956,0.3333333333333333,0.3333333333333332,0.28787878787878785,0.04545454545454538,0.5,0.49999999999999994,2.1599762666761393,1,0.0051751262827499644,0.0015795868772783273,-0.05074457658630546,0.05449384543728325,0.12273975545248074,0.747967737202396,-0.037810291555541956,-0.05055069847927237,0.0019354137477225685,0.002406223471235674,-0.00047080972351310553,-0.03828110127905506
2018-04-30,2018-05-02,2018-06-01,-0.11532579710128998,0.0009889098608905848,0.2222222222222222,0.4194139194139192,0.34859584859584863,0.07081807081807058,0.49999999999999983,0.5,2.1062713251217864,1,0.00517512915838636,-0.093169962392333,-0.009242944694713184,0.11327720154309853,-0.11327720154309853,0.7542666293470787,0.0009889098608905848,0.0013110879129660316,0.001951713613365932,0.0024264871020949507,-0.0004747734887290188,0.000514136372161566
2018-05-30,2018-06-01,2018-07-02,-0.07742988869045603,0.002802808178267598,0.42857142857142844,0.4450549450549451,0.43223443223443225,0.012820512820512936,0.49999999999999994,0.5,2.0809945891744723,1,0.005175127953596537,-0.06903010033444812,-0.004156614198600243,0.06199986043306424,-0.11327720154309853,0.7651836103005154,0.002802808178267598,0.0036629223895253502,0.001979961545650058,0.0024616071941773237,-0.0004816456485272659,0.002321162529740332
2018-06-29,2018-07-02,2018-08-01,0.04978445620290927,-0.008495195258511732,0.3333333333333332,0.4322344322344321,0.32921245421245426,0.10302197802197782,0.49999999999999994,0.5000000000000001,2.127315931553971,1,0.005422231405763034,0.09225463428653535,0.0001730988253942888,0.04882047700587093,-0.11327720154309853,0.8266021485886045,-0.008495195258511732,-0.010277247975966424,0.0022410140650741673,0.002659191556506306,-0.0004181774914321385,-0.00891337274994387
2018-07-31,2018-08-01,2018-09-03,-0.06574772858681971,-0.020667174340793792,0.35555555555555557,0.4673382173382173,0.32753357753357754,0.13980463980463975,0.5,0.5,2.0619770359556755,1,0.005669392098232251,-0.030916984607288645,-0.02869599388550947,0.03813598909111951,-0.11327720154309853,0.8203276496732934,-0.020667174340793792,-0.025193804389044762,0.002325379547509602,0.002639006399033158,-0.00031362685152355567,-0.02098080119231735
2018-08-31,2018-09-03,2018-10-01,0.029364790311344608,0.023405237637680668,0.3333333333333332,0.4423076923076921,0.3675549223383385,0.07475276996935372,0.5,0.5,2.111090335221996,1,0.0046814831535106904,0.04194949769209888,0.03332058813638043,0.054839855079764264,-0.11327720154309853,0.8192625194337309,0.023405237637680668,0.0285686664316808,0.001917681841515868,0.0026355798590169473,-0.0007178980175010794,0.02268733962017959
2018-09-28,2018-10-01,2018-11-01,0.1387474495058841,-0.016516682929740026,0.3809523809523809,0.29882717450681723,0.22372608011292008,0.07510109439389719,0.49999999999999983,0.5,2.1700782953962694,1,0.005430480057369236,0.10110749185667767,-0.008825342991100474,0.09255362609215524,-0.11327720154309853,0.8144916689327589,-0.016516682929740026,-0.020278516723666543,0.002211540382516367,0.0026202319611301583,-0.0004086915786137915,-0.016925374508353817
2018-10-31,2018-11-01,2018-12-03,0.04729384668535117,0.005010871909410355,0.3999999999999999,0.3272283272283271,0.2683150183150183,0.058913308913308766,0.49999999999999983,0.5,2.197061870227591,1,0.004935582723077481,0.04248017986037134,0.010924590806458898,0.04537113228428136,-0.11327720154309853,0.8197671812376646,0.005010871909410355,0.0061125549108285385,0.0020230143683312714,0.0026372033636378866,-0.0006141889953066152,0.00439668291410374
2018-11-30,2018-12-03,2019-01-02,0.01899131391551351,0.019652706733552423,0.2745098039215686,0.3676219205630969,0.27848636401070215,0.0891355565523948,0.5,0.5000000000000001,2.275010397663718,1,0.0049355815906149125,-0.039727582292849006,0.019163503784146635,0.04969604182507783,-0.11327720154309853,0.8304990013745416,0.019652706733552423,0.023663733130353724,0.0020494977911041288,0.002671727790585791,-0.0006222299994816621,0.01903047673407076
2018-12-28,2019-01-02,2019-02-01,0.07662458131998577,-0.049585884319915695,0.31111111111111095,0.32633381503472486,0.2565932257847825,0.0697405892499424,0.5,0.5,2.203018640526493,1,0.0054304775314564235,0.11229314420803793,-0.04720616759549697,0.0082333940328954,-0.11327720154309853,0.8274461201079805,-0.049585884319915695,-0.05992642072385911,0.0022467137818685907,0.0026619066255901304,-0.0004151928437215397,-0.050001077163637234
2019-01-31,2019-02-01,2019-03-01,-0.00536051563386106,0.008529294784931293,0.3333333333333332,0.3020152505446623,0.23434095860566442,0.06767429193899784,0.49999999999999983,0.5,2.1480300826382774,1,0.004935584456412068,-0.018065887353878707,0.008109788581990185,-0.08982128510546664,-0.11327720154309853,0.8398081691264144,0.008529294784931293,0.010156241744830418,0.002072472072954104,0.0027016755233931016,-0.0006292034504389978,0.007900091334492296
2019-02-28,2019-03-01,2019-04-01,0.006010413518957501,0.01643220006998487,0.3137254901960784,0.3253540305010893,0.271010348583878,0.05434368191721134,0.49999999999999983,0.49999999999999994,2.05849247026184,1,0.00468822755862508,0.005627705627705648,0.017234113162239263,-0.09502420543865912,-0.11327720154309853,0.9900930235380335,0.01643220006998487,0.01659662241762442,0.002320890699276719,0.003185144162574021,-0.0008642534632973022,0.015567946606687567
2019-03-29,2019-04-01,2019-05-02,0.002300178471086215,0.015182427928944588,0.23529411764705876,0.3084150326797384,0.23754084967320258,0.07087418300653586,0.5,0.49999999999999994,1.9788982321043922,1,0.005183004504666133,-0.007856220404649172,0.013796118967545118,-0.10320139929971803,-0.11327720154309853,1.0337993069457927,0.015182427928944588,0.014686049629689566,0.0026790932324103844,0.0033257479342949535,-0.0006466547018845691,0.014535773227060018
2019-04-30,2019-05-02,2019-06-03,0.016447401472912907,-0.007086929211227904,0.25925925925925913,0.3167901564533932,0.2536331734647918,0.06315698298860135,0.5,0.49999999999999994,2.0646876092868975,1,0.005430481280309873,0.019741837509491322,-0.004621071364225156,-0.10934526049916872,-0.11327720154309853,1.033476054431725,-0.007086929211227904,-0.006857371470618908,0.0028061361836199945,0.0033247080260906305,-0.000518571842470636,-0.007605501053698539
2019-05-31,2019-06-03,2019-07-01,0.05230171465040501,-0.011048966136896723,0.2745098039215686,0.3353418074432765,0.26126459794538814,0.07407720949788836,0.5,0.49999999999999983,2.2379741405899978,1,0.004688230633274948,0.04882459312839038,-0.0050841648326314355,-0.11076133934247022,-0.11327720154309853,1.040894301729684,-0.011048966136896723,-0.010614878108695897,0.0024399762756852194,0.0033485726393298896,-0.0009085963636446702,-0.011957562500541394
2019-06-28,2019-07-01,2019-08-01,0.076664254663797,0.0007002596062912097,0.1851851851851852,0.37515172735760954,0.28043300653594766,0.09471872082166188,0.49999999999999994,0.5,2.1185416045103937,1,0.005659221629623845,-0.00020283975659229903,0.0006160129225167535,-0.11032212179574326,-0.11327720154309853,1.0958850055718943,0.0007002596062912097,0.0006389900425052124,0.003100928063556456,0.0035254785614754224,-0.0004245504979189666,0.0002757091083722431
2019-07-31,2019-08-01,2019-09-02,0.039043924460977014,0.030369689473821807,0.25925925925925924,0.42969187675070014,0.3299253034547152,0.09976657329598497,0.49999999999999983,0.49999999999999983,2.1075947363490015,1,0.005017114026254488,-0.010752688172043001,0.025827188916526665,-0.10429876040444276,-0.11327720154309853,1.1229224876457964,0.030369689473821807,0.02704522334172127,0.002816915081582152,0.003612458548356503,-0.0007955434667743506,0.029574146007047455
2019-08-30,2019-09-02,2019-10-01,-0.005782479335934139,-0.03977516761785567,0.23529411764705885,0.32419467787114853,0.2460765829486878,0.0781180949224607,0.5,0.49999999999999983,2.097819426334016,1,0.004618699183855934,0.03568498769483197,-0.04150053410279822,-0.13765922872113834,0.13765922872113834,1.0871047042616275,-0.03977516761785567,-0.03658816621980434,0.002510504805169562,0.0034972321999728415,-0.0009867273948032797,-0.04076189501265895
2019-09-30,2019-10-01,2019-11-01,0.03340385209801285,0.03242261055614153,0.25925925925925936,0.3506363430686039,0.2810038741717404,0.06963246889686354,0.5,0.5,2.2304141631215186,1,0.004773723371155114,0.028217821782178243,0.023851997008926203,-0.2052212424736459,0.2052212424736459,1.0937734740840976,0.03242261055614153,0.029642893454964733,0.00261068599799239,0.0035186857328900704,-0.0009079997348976805,0.03151461082124385
2019-10-31,2019-11-01,2019-12-02,0.03390846428406884,-0.0031737823422651776,0.15686274509803924,0.29865342906940745,0.26433554937515685,0.03431787969425054,0.49999999999999994,0.49999999999999994,2.18958968637737,1,0.003803831092924481,0.007221954742417047,-0.004133410409893381,-0.17349032545402884,0.17349032545402884,1.101827512822201,-0.0031737823422651776,-0.0028804711312171803,0.0020955828761563674,0.0035445956967641154,-0.001449012820607748,-0.004622795162872926
2019-11-29,2019-12-02,2020-01-02,0.1662608775692067,0.01764063371572794,0.19607843137254902,0.28210398239776685,0.22504542616304501,0.057058556234721856,0.5,0.49999999999999994,2.143336048362991,1,0.0037279409341381964,0.07504780114722753,0.003958671335076747,-0.16078616173033847,0.16078616173033847,1.1007976480793258,0.01764063371572794,0.016025319227841155,0.002051854306238985,0.0035412826063816703,-0.0014894283001426851,0.016151205415585256
2019-12-30,2020-01-02,2020-02-03,0.056594890928576204,0.03511738448845704,0.18518518518518523,0.23925215196738758,0.22218991193615092,0.01706224003123667,0.5,0.49999999999999994,2.1967685455044563,1,0.003766235786434091,-0.024455313472654505,0.03521499560240617,-0.0705404539920979,0.16078616173033847,1.1225737533578846,0.03511738448845704,0.03128291961522582,0.0021139387214040503,0.003611336664902096,-0.0014973979434980459,0.03361998654495899
2020-01-31,2020-02-03,2020-03-02,-0.10268748901488596,-0.0066488206681756595,0.2807017543859649,0.3554982226808851,0.2888602224515537,0.06663800022933143,0.49999999999999994,0.5,2.203164675547231,1,0.0029277304696122552,-0.08067456700091169,0.006648614722473088,-0.1532754564949134,0.1532754564949134,1.1630285541844356,-0.0066488206681756595,-0.005716816362121127,0.0017025170675574299,0.0037414803682082076,-0.0020389633006507777,-0.008687783968826437
2020-02-28,2020-03-02,2020-04-01,-0.4095261711766567,-0.0520101572141131,0.2539682539682539,0.35143015270157923,0.27606549401254143,0.07536465868903781,0.49999999999999983,0.49999999999999994,2.1627809565207876,1,0.0033645394643435633,-0.3280118988596926,0.003959767664024377,-0.058203356997895556,0.1532754564949134,1.1229316316275149,-0.0520101572141131,-0.04631640586945837,0.0018890738951852408,0.0036124879646833546,-0.0017234140694981138,-0.05373357128361121
2020-03-31,2020-04-01,2020-05-04,0.21372133043486483,0.021341553431500022,0.2222222222222223,0.2809188124928225,0.2168356859603069,0.06408312653251565,0.49999999999999983,0.5000000000000001,2.216170846535659,1,0.0028492611374593135,0.10919285819684243,0.0019028494236348597,-0.000978685707470903,0.1532754564949134,1.1449678532817609,0.021341553431500022,0.018639434609740227,0.0016311562039979695,0.0036833788215004204,-0.002052222617502451,0.01928933081399757
2020-04-30,2020-05-04,2020-06-01,0.13109018558823857,0.03996924505031424,0.24561403508771926,0.32623296264433826,0.2572677779455768,0.06896518469876144,0.49999999999999994,0.49999999999999983,2.23718576505185,1,0.002329187792233345,0.11214580284688025,0.01851580974836629,-0.004407415756894659,0.1532754564949134,1.1194296349760489,0.03996924505031424,0.03570500887371042,0.0013036809200252207,0.0036012219887330225,-0.0022975410687078018,0.037671703981606436
2020-05-29,2020-06-01,2020-07-01,0.21022185648901218,0.009874861571431472,0.3174603174603174,0.44773080185154396,0.3757172527776238,0.07201354907392007,0.5,0.5,2.0938789585629998,1,0.0020941888350856086,0.09904306220095704,-0.006353563548518318,0.003813169465647359,0.1532754564949134,1.1186720418487797,0.009874861571431472,0.008827307022987476,0.0011713552500810676,0.0035987848002370327,-0.002427429550155965,0.007447432021275507
2020-06-30,2020-07-01,2020-08-03,0.11122061385750305,0.04775924303796465,0.19999999999999996,0.26589715854410234,0.19327777091398293,0.0726193876301194,0.5,0.49999999999999994,2.2193880026680786,1,0.0019433895950817792,0.08794079233783192,0.029016619578849896,-0.0037001516697484343,0.1532754564949134,1.1238583640709736,0.04775924303796465,0.04249578466895547,0.0010920473255405798,0.00361546927690592,-0.0025234219513653403,0.045235821086599314
2020-07-31,2020-08-03,2020-09-01,0.03120993880509283,0.02714591994240629,0.28070175438596484,0.37217785315784496,0.2906205912431596,0.08155726191468539,0.5,0.5000000000000001,2.1499345570178217,1,0.0015891896058524146,-0.033813525410164025,0.02885344050435563,0.00565526483101333,0.1532754564949134,1.1468173437966478,0.02714591994240629,0.023670656961410387,0.0009112551012864541,0.0036893286603308945,-0.0027780735590444403,0.024367846383361848
2020-08-31,2020-09-01,2020-10-01,-0.07084198072018988,-0.00817430250716789,0.42105263157894735,0.33533281733746106,0.2669719642242862,0.0683608531131749,0.49999999999999994,0.5,2.151670988210845,1,0.0015697104905443293,-0.05425553944916128,0.0012083496001122137,-0.002803140107757189,0.1532754564949134,1.1500640973636986,-0.00817430250716789,-0.007107692976335764,0.0009026338392150963,0.003699773515435977,-0.0027971396762208806,-0.01097144218338877
2020-09-30,2020-10-01,2020-11-03,-0.018710350801378197,0.003992928543455175,0.26666666666666666,0.3043845315904139,0.23508986928104578,0.06929466230936812,0.5,0.49999999999999983,2.1223531056663854,1,0.0015697095238564884,0.008211079483249506,0.0021993275137932354,0.004693289599847467,0.1532754564949134,1.154731622241173,0.003992928543455175,0.003457884469904321,0.0009062966124651108,0.0037147890132364055,-0.0028084924007712947,0.00118443614268388
2020-10-30,2020-11-03,2020-12-01,0.13344262925276515,-0.02777079720946035,0.2456140350877193,0.23839009287925703,0.19878721461341495,0.039602878265842065,0.49999999999999983,0.49999999999999983,2.120591058685901,1,0.0014949081856194812,0.1562601802584429,-0.048117507100201025,0.004293057718642381,0.1532754564949134,1.1491369130687594,-0.02777079720946035,-0.024166656639110735,0.000858927088871995,0.003696790749600395,-0.0028378636607284,-0.03060866087018875
2020-11-30,2020-12-01,2021-01-04,0.09090851326529675,0.025985006464295052,0.22222222222222218,0.2302506481725508,0.16652037704452072,0.06373027112803009,0.5000000000000001,0.49999999999999983,2.148564277337577,1,0.0016445227761876513,0.08564988730277978,0.009184226734837899,-0.06546787553344094,0.1532754564949134,1.1646070555035157,0.025985006464295052,0.022312252309909356,0.0009576114140421835,0.0037465584307160267,-0.0027889470166738432,0.02319605944762121
2020-12-30,2021-01-04,2021-02-01,-0.011026270154129445,0.021804689410517945,0.23333333333333328,0.2501867413632119,0.22347300031123563,0.02671374105197628,0.5,0.49999999999999983,2.1702788141316165,1,0.0014949050415158371,-0.025519031141868376,0.02255941191491601,-0.05708323698189413,0.1532754564949134,1.1692794718827366,0.021804689410517945,0.01864797076733822,0.000873980888729239,0.003761589664551217,-0.002887608775821978,0.018917080634695965
2021-01-29,2021-02-01,2021-03-01,-0.012374002264647561,0.009306807972931298,0.19999999999999996,0.3537209035661047,0.2763974888200894,0.0773234147460153,0.49999999999999983,0.5,2.182960793021199,1,0.0013453159677381255,-0.04651575676875286,0.015083700020487279,-0.06790141436489797,0.1532754564949134,1.1700824564825945,0.009306807972931298,0.007953976167550326,0.0007870653061381423,0.0037641728780978957,-0.0029771075719597535,0.006329700400971545
2021-02-26,2021-03-01,2021-04-01,0.057913676130896784,3.499241575009436e-05,0.22222222222222218,0.34088693957115024,0.27515838206627674,0.06572855750487351,0.4999999999999998,0.5,2.140610317675302,1,0.0020400371728519495,0.04580579089470249,-0.00699101819969979,-0.067728091156916,0.1532754564949134,1.1708901794435445,3.499241575009436e-05,2.9885309796281838e-05,0.00119432974569606,0.0037667713350235422,-0.002572441589327482,-0.002537449173577388
2021-03-31,2021-04-01,2021-05-03,0.12634305986970518,0.04855181896244025,0.25396825396825395,0.4666642095434663,0.3360398545383066,0.1306243550051598,0.5,0.49999999999999994,2.225884499699606,1,0.0020779463982052437,0.02643995370782526,0.035804049320541605,-0.07187333918850126,0.1532754564949134,1.2181612025625994,0.04855181896244025,0.0398566452948129,0.0012656368416491606,0.003918842928062875,-0.0026532060864137147,0.045898612876026534
2021-04-30,2021-05-03,2021-06-01,0.037327535592023085,-0.012380950779104598,0.30000000000000004,0.3299984028699197,0.26314734958310804,0.06685105328681168,0.5000000000000001,0.49999999999999983,2.1645793478800677,1,0.002732179226539788,0.06235906331309615,-0.019776194250206745,-0.06911511222756521,0.1532754564949134,1.2116709156527998,-0.012380950779104598,-0.010218080354296725,0.001655251052574511,0.003897963577362769,-0.002242712524788258,-0.014623663303892857
2021-05-31,2021-06-01,2021-07-01,-0.0026133360507786287,-0.0235303591338862,0.31578947368421045,0.41851851851851835,0.3654684095860567,0.05305010893246163,0.49999999999999983,0.49999999999999994,2.2752574835161314,1,0.003106519244720385,-0.003020654747326268,-0.019234181382415054,-0.08965296163869728,0.1532754564949134,1.1946058653162195,-0.0235303591338862,-0.019697173617725015,0.0018555330552303417,0.0038430650535156287,-0.0019875319982852867,-0.02551789113217149
2021-06-30,2021-07-01,2021-08-02,-0.017416758075133314,0.0332688855752798,0.3809523809523809,0.3421052631578947,0.32127192982456143,0.02083333333333324,0.5000000000000001,0.5,2.227158703655048,1,0.0035561642498194157,-0.02653128070750088,0.03214883177989014,-0.06491910883180872,0.1532754564949134,1.1846949672519045,0.0332688855752798,0.028082237618053254,0.002106484944741103,0.0038111815452341407,-0.0017046966004930376,0.031564188974786765
2021-07-30,2021-08-02,2021-09-01,-0.04334555589729577,0.013988011810884542,0.3666666666666667,0.4647731861623365,0.3727150356710189,0.09205815049131766,0.49999999999999983,0.4999999999999998,2.310049527448966,1,0.004317539318847707,-0.03978802153432026,0.017646332026638904,-0.10035877530096653,0.1532754564949134,1.2113134900451976,0.013988011810884542,0.011547804862936521,0.00261494681036039,0.0038968137338020693,-0.0012818669234416795,0.012706144887442861
2021-08-31,2021-09-01,2021-10-01,-0.07797990654674748,-0.002892173788914772,0.31746031746031744,0.3439153439153439,0.2778473962684489,0.06606794764689504,0.4999999999999998,0.5000000000000001,2.258361210961485,1,0.0044576430914406995,-0.0625492772667543,0.007227864799356282,-0.10153799284949512,0.1532754564949134,1.2258068183720714,-0.002892173788914772,-0.002359404227132391,0.0027321046476785848,0.003943438989226707,-0.0012113343415481224,-0.0041035081304628945
2021-09-30,2021-10-01,2021-11-01,-0.13360669584759302,-0.049736804010899416,0.3478260869565215,0.40515600595692125,0.3354756064642994,0.06968039949262182,0.49999999999999983,0.5,2.151515087663112,1,0.004915839161897972,-0.05840575647135782,-0.033241859815214464,-0.07558906398869843,0.1532754564949134,1.1787640437538531,-0.049736804010899416,-0.04219402880029258,0.002897307224461203,0.003792101675050846,-0.0008947944505896428,-0.050631598461489055
2021-10-29,2021-11-01,2021-12-01,-0.06551956789260915,-0.02549157839543137,0.18181818181818185,0.346858747659663,0.2677054681059258,0.07915327955373724,0.5000000000000001,0.49999999999999983,2.0956936648414626,1,0.005867542537372872,-0.014886859865025803,-0.019689817265721086,-0.006357117891112845,0.1532754564949134,1.1602054327136397,-0.02549157839543137,-0.02197160750730872,0.003403777364269189,0.003732398343934557,-0.0003286209796653683,-0.025820199375096737
2021-11-30,2021-12-01,2022-01-03,0.05567725693730924,0.024623897517720202,0.2727272727272726,0.49111811148424406,0.3844479446310109,0.10667016685323322,0.49999999999999983,0.5,2.2358062790363036,1,0.007746225678189056,0.022466250251863773,0.017734579704092358,-0.010637522009193363,0.1532754564949134,1.1627054515613118,0.024623897517720202,0.02117810446717574,0.004503289412527318,0.0037404409422053075,0.0007628484703220101,0.025386745988042213
2021-12-30,2022-01-03,2022-02-01,-0.012759428559571564,-0.01363490187322648,0.3188405797101448,0.4596367400715227,0.3501887404061316,0.1094479996653911,0.49999999999999983,0.49999999999999983,2.2510507017531483,1,0.00732275578676278,0.0665090156665682,-0.020806157748544624,0.028502518985540893,0.1532754564949134,1.2848620262919566,-0.01363490187322648,-0.010611958011224039,0.004704365419110587,0.004133420482181232,0.0005709449369293547,-0.013063956936297125
2022-01-31,2022-02-01,2022-03-02,-0.05928505864590113,0.016356111779967833,0.3030303030303029,0.35408538829591474,0.27148713859240164,0.08259824970351305,0.49999999999999983,0.5000000000000001,2.2398568842154485,1,0.007604907246068882,0.018107908351810975,0.009966241093719644,-0.034020578509905135,0.1532754564949134,1.2836640088065874,0.016356111779967833,0.012741739012511525,0.004881072861045523,0.004129566441894646,0.0007515064191508771,0.01710761819911871
2022-02-25,2022-03-02,2022-04-01,0.0970333730450698,0.036256788831482555,0.27272727272727265,0.34143610013175235,0.29108842043624644,0.05034767969550597,0.49999999999999983,0.5000000000000001,2.239664744284294,1,0.009306547165824242,0.05789473684210522,0.019699918434012868,-0.026339825813437127,0.1532754564949134,1.2688840392021647,0.036256788831482555,0.028573760652139426,0.005904464579398262,0.004082019057164751,0.0018224455222335106,0.03807923435371607
2022-03-31,2022-04-01,2022-05-02,-0.05974221550565564,0.025195838161858854,0.23999999999999996,0.30368467281510764,0.2581225296442688,0.0455621431708389,0.49999999999999983,0.4999999999999997,2.3086699011829315,1,0.008343249498346639,-0.11073940641619484,0.03689793472349157,0.02058228185309177,0.1532754564949134,1.2645782321797006,0.025195838161858854,0.019924301653073566,0.00527534585062668,0.004068167211149549,0.0012071786394771307,0.026403016801335985
2022-04-29,2022-05-02,2022-06-01,0.009665593233433077,0.040854391600892936,0.41269841269841295,0.41228937728937765,0.3603282244071717,0.051961152882205854,0.5000000000000001,0.4999999999999998,2.32856574225774,1,0.010381724053844854,0.03530433105044861,0.027371466322051147,-0.07415616632848328,0.1532754564949134,1.2462159791392269,0.040854391600892936,0.032782753780056205,0.006468935203457762,0.004009095566674595,0.002459839636783167,0.0433142312376761
2022-05-31,2022-06-01,2022-07-01,-0.13704249702212054,0.05865238213764032,0.4057971014492752,0.4631841588363324,0.35580737818589475,0.10737678065043765,0.4999999999999997,0.49999999999999983,2.2970416091488937,1,0.010170981188405426,-0.1208422621820553,0.06727630230548225,-0.05154102727176556,0.1532754564949134,1.2030233908838042,0.05865238213764032,0.04875414940564971,0.006117964138945438,0.00387014435999241,0.002247819778953028,0.060900201916593344
2022-06-30,2022-07-01,2022-08-01,0.07939860269704138,0.017245030405832244,0.45333333333333337,0.45578496636849036,0.3849897718604811,0.07079519450800931,0.5000000000000001,0.5000000000000002,2.28036969644639,1,0.010348525664599206,0.05203476049173372,0.007708828341348545,-0.12714143122831173,0.12714143122831173,1.203874989904899,0.017245030405832244,0.014324602263889982,0.0062291656149999815,0.0038728839668640993,0.002356281648135882,0.019601312053968128
2022-07-29,2022-08-01,2022-09-01,0.10032306471137993,-0.0034163428921201023,0.388888888888889,0.4567726959031307,0.3580159775811949,0.09875671832193579,0.5000000000000001,0.49999999999999983,2.226105062642635,1,0.011711337299947777,0.06850005036768403,-0.011330702023478833,-0.12421917213228638,0.12421917213228638,1.2107467517830544,-0.0034163428921201023,-0.0028216824757852036,0.007089731797473746,0.0038949905282805093,0.003194741269193237,-0.00022160162292686556
2022-08-31,2022-09-01,2022-10-03,0.01792280249631317,0.03933704819732229,0.34782608695652156,0.3483519404572039,0.2954722665248981,0.05287967393230577,0.5000000000000001,0.5,2.2582557736032056,1,0.010719829740920117,0.037051004053926695,0.025977226802878294,-0.14064688311329093,0.14064688311329093,1.2612743882537552,0.03933704819732229,0.031188335039280993,0.006760323349331716,0.004057538695500408,0.0027027846538313074,0.0420398328511536
2022-09-30,2022-10-03,2022-11-01,0.06489243501531992,0.04861168784198422,0.24999999999999997,0.27651515151515166,0.2375841750841751,0.03893097643097653,0.49999999999999983,0.5000000000000001,2.2631245069288584,1,0.010206765943569618,0.028727272727272712,0.03531001058827848,-0.12916055469627274,0.12916055469627274,1.2458005729988373,0.04861168784198422,0.03902044106864413,0.006357797430482025,0.004007759198867023,0.002350038231615002,0.05096172607359922
2022-10-31,2022-11-01,2022-12-01,-0.07169759190967584,0.04140660170140462,0.23076923076923064,0.25358863358863404,0.21375083853344734,0.039837795055186705,0.5000000000000001,0.5000000000000003,2.248033336725479,1,0.010206766588433558,-0.04763167196889362,0.03930165499449498,-0.12086378927607676,0.12086378927607676,1.2343705139436032,0.04140660170140462,0.033544710630779406,0.006299465859733569,0.003970988526806779,0.00232847733292679,0.043735079034331416
2022-11-30,2022-12-01,2023-01-02,0.00038886616087735064,0.01035679191323748,0.289855072463768,0.3500274363317845,0.30152886968104364,0.048498566650740815,0.49999999999999994,0.5,2.2100869868159134,1,0.01123315227802002,-0.031641458661965216,0.012364125583246231,-0.12572262299711898,0.12572262299711898,1.2349982212542048,0.01035679191323748,0.008386078404809053,0.006936461541216171,0.003973007870675116,0.0029634536705410554,0.013320245583778534
2022-12-29,2023-01-02,2023-02-01,-0.00332798945997116,-0.03640165564724067,0.19047619047619038,0.2534097008734694,0.1973570243497781,0.0560526765236913,0.49999999999999983,0.5000000000000001,2.196835957925398,1,0.01123315676008696,0.049156765044078066,-0.03654551841017684,-0.10486485813666122,0.12572262299711898,1.1987872540285742,-0.03640165564724067,-0.03036540097078226,0.006733082573248582,0.0038565166439540896,0.0028765659292944923,-0.033525089717946176
2023-01-31,2023-02-01,2023-03-01,-0.05813606004738096,0.06767383602193505,0.25641025641025633,0.3350368767035435,0.2906244989578322,0.04441237774571124,0.5000000000000001,0.49999999999999994,2.2044662517430162,1,0.009181417470209174,-0.06923006667275544,0.07188814109240221,-0.18003978868825368,0.18003978868825368,1.1388305237257907,0.06767383602193505,0.05942397451776561,0.0052280392330717185,0.0036636349399213563,0.0015644042931503622,0.06923824031508541
2023-02-28,2023-03-01,2023-04-03,-0.030958201914591116,0.028447186184090114,0.17391304347826084,0.29674673152934056,0.22178606417736857,0.07496066735197197,0.5000000000000001,0.5000000000000002,2.244165376505655,1,0.011746739431232722,-0.03100775193798444,0.03081569610334624,-0.24893682900471303,0.24893682900471303,1.2316545571375457,0.028447186184090114,0.02309672466133965,0.0072339625759925445,0.003962251252872956,0.0032717113231195884,0.0317188975072097
2023-03-31,2023-04-03,2023-05-02,-0.009475337008398218,-0.04369791505807585,0.19047619047619038,0.24157694962042808,0.18725672877846797,0.05432022084196011,0.5000000000000002,0.5000000000000001,2.218433846620605,1,0.009181415093999501,0.018734177215189884,-0.04228738960043379,-0.2473382904259527,0.2473382904259527,1.1605208300797614,-0.04369791505807585,-0.03765371023549188,0.005327611733097577,0.0037334129820096804,0.0015941987510878965,-0.04210371630698795
2023-04-28,2023-05-02,2023-06-01,0.12185675514011816,0.00021361849969129575,0.2028985507246376,0.3016735679779161,0.20083678398895788,0.10083678398895819,0.49999999999999994,0.5,2.1694399618944806,1,0.011233159120470848,0.04880715705765426,-0.01485168658125792,-0.30802012140531776,0.30802012140531776,1.1743741771555911,0.00021361849969129575,0.00018189986108915757,0.006595965999480388,0.003777979408114788,0.0028179865913656,0.0030316050910568957
2023-05-31,2023-06-01,2023-07-03,0.07505882427156679,-1.0269359434626053e-05,0.2666666666666667,0.2962905452035889,0.2135360222030703,0.0827545230005186,0.5,0.5,2.195307218409618,1,0.010719829510813517,0.08899630366789868,-0.025865030615990502,-0.2905318980686037,0.2905318980686037,1.1715536687113433,-1.0269359434626053e-05,-8.765590266062578e-06,0.00627942779567685,0.003768905789986883,0.0025105220056899666,0.0025002526462553406
2023-06-30,2023-07-03,2023-08-01,0.04492810016972828,0.04182380537747236,0.3333333333333332,0.35133540372670824,0.2454045439686172,0.10593085975809104,0.49999999999999994,0.5000000000000001,2.269392400141033,1,0.010719830985525425,0.020017406440382857,0.030363613733520495,-0.249102141260072,0.249102141260072,1.1831347723708932,0.04182380537747236,0.03534999254029302,0.006341502396457036,0.0038061623748131914,0.0025353400216438448,0.0443591453991162
2023-07-31,2023-08-01,2023-09-01,-0.04760269571705613,0.029729864940910573,0.4057971014492754,0.3814935064935063,0.30227557530189114,0.07921793119161515,0.49999999999999983,0.49999999999999983,2.2125954941322896,1,0.011357367902327997,-0.037372013651877256,0.03454933472337953,-0.25139937255831146,0.25139937255831146,1.1819124126077758,0.029729864940910573,0.025154033940056938,0.006711707049157296,0.003802230025052612,0.002909477024104684,0.03263934196501526
2023-08-31,2023-09-01,2023-10-02,0.020179914473385623,0.03941867942722655,0.3466666666666667,0.44469540121714024,0.32651436727523686,0.11818103394190331,0.5,0.4999999999999997,2.204207869065744,1,0.009711351852934813,-0.0015954617975535434,0.03392883888295493,-0.25028022575814945,0.25028022575814945,1.1756408075294076,0.03941867942722655,0.033529526344074724,0.005708530767293243,0.003782054177096476,0.0019264765901967668,0.04134515601742332
2023-09-29,2023-10-02,2023-11-01,-0.11967027819953673,-0.038426906855603106,0.3055555555555554,0.3498454469507101,0.2538700918964077,0.09597535505430248,0.49999999999999994,0.49999999999999994,2.2441849233970723,1,0.009975718636292541,-0.022194602272727293,-0.02842781572980435,-0.25823244096349646,0.25823244096349646,1.1249363874796114,-0.038426906855603106,-0.034159182050904686,0.005611024442611983,0.003618937294441152,0.0019920871481708307,-0.03643481970743227
2023-10-31,2023-11-01,2023-12-01,0.10670252691799775,0.005104977127247347,0.30555555555555536,0.36346936181032313,0.28801487414187643,0.07545448766844673,0.5000000000000001,0.49999999999999994,2.288231013089452,1,0.009142098698161183,0.12057381514436183,-0.016437732175218864,-0.17300838629124798,0.17300838629124798,1.1543065127207823,0.005104977127247347,0.004422549011886413,0.005276392033611819,0.0037134214295092846,0.001562970604102534,0.006667947731349881
2023-11-30,2023-12-01,2024-01-02,0.05762950625781368,-0.015670806471227566,0.361111111111111,0.38459376372419873,0.28766230075692995,0.09693146296726873,0.49999999999999983,0.5,2.1004014299850975,1,0.008927398268915976,0.051693404634581164,-0.020175566187635607,-0.12509916488367548,0.12509916488367548,1.1431231853363801,-0.015670806471227566,-0.013708764437855583,0.005102557972964858,0.003677444496948651,0.001425113476016207,-0.014245692995211359
2023-12-28,2024-01-02,2024-02-01,-0.03822828282546692,0.02646002360812547,0.361111111111111,0.33900881726968674,0.29450440863484345,0.044504408634843305,0.49999999999999994,0.4999999999999998,2.1877462278908126,1,0.009648972284772572,-0.04360554699537755,0.029137048337322943,-0.13616742141994376,0.13616742141994376,1.1405480782387885,0.02646002360812547,0.023199393443356205,0.005502558398188343,0.003669160338647455,0.0018333980595408878,0.02829342166766636
2024-01-31,2024-02-01,2024-03-01,0.02969460517988384,0.013261109861694233,0.22222222222222218,0.24296536796536805,0.19828572623603677,0.0446796417293313,0.5000000000000001,0.4999999999999998,2.2048229533978843,1,0.008002082283019796,0.008941517641372743,0.010222673441766297,-0.15701797530569128,0.15701797530569128,1.14057850550181,0.013261109861694233,0.011626652437974765,0.004563501525634613,0.003669258223610678,0.0008942433020239352,0.014155353163718168
2024-02-29,2024-03-01,2024-04-01,0.024167243394173032,0.03958104841666099,0.2727272727272727,0.3344211344211347,0.2838772338772338,0.05054390054390082,0.5000000000000003,0.5,2.1370453349475453,1,0.008298727344210333,-0.004550898203592779,0.03580239056936796,-0.15788075446690583,0.15788075446690583,1.128182961439501,0.03958104841666099,0.035083891327482644,0.004681241395685089,0.0036293815717472937,0.0010518598239377952,0.040632908240598786
2024-03-28,2024-04-01,2024-05-02,-0.04586201950174684,0.007562468027629027,0.2608695652173912,0.3903789447267707,0.2828331714122401,0.1075457733145306,0.49999999999999983,0.5000000000000001,2.1987486151580087,1,0.008874228478754409,-0.006496631376323392,0.007718541572773061,-0.175494311320316,0.175494311320316,1.1495873394385283,0.007562468027629027,0.006578419723483231,0.005100850353230451,0.0036982397780131134,0.0014026105752173372,0.008965078602846364
2024-04-30,2024-05-02,2024-06-03,-0.07030454657322266,-0.03428494301603697,0.2028985507246376,0.33207637234285453,0.27791891889450765,0.05415745344834686,0.49999999999999983,0.5,2.2268157725471545,1,0.008315279807550757,-0.042140954226204896,-0.02357643030745904,-0.1677618123563703,0.1677618123563703,1.118738535727678,-0.03428494301603697,-0.030646073162874016,0.004651311978032631,0.003598998712046514,0.0010523132659861173,-0.033232629750050854
2024-05-31,2024-06-03,2024-07-01,-0.0034341195710438158,0.0036594574397418806,0.3174603174603176,0.47862939224799445,0.35180627428708994,0.12682311796090445,0.49999999999999983,0.4999999999999998,2.2372085571033953,1,0.00788328862247556,0.015929203539823078,0.0005401880727285575,-0.05350500986138732,0.1677618123563703,1.139130675167485,0.0036594574397418806,0.0032125001279627863,0.004490047945530366,0.0036646005316280663,0.0008254474139023,0.004484904853644181
2024-06-28,2024-07-01,2024-08-01,-0.015803596314990464,-0.06743592295033782,0.37333333333333335,0.3961988304093566,0.3162624699002409,0.07993636050911569,0.5000000000000003,0.4999999999999998,2.156639991212688,1,0.009071127681215208,0.03368176538908241,-0.07131440353118562,-0.05468582635086475,0.1677618123563703,1.02698642186709,-0.06743592295033782,-0.0656638895261511,0.004657962479815358,0.00330383078042877,0.0013541316993865883,-0.06608179125095123
2024-07-31,2024-08-01,2024-09-02,0.018713354245155456,-0.04561008337121551,0.3768115942028984,0.6012265512265509,0.423989898989899,0.1772366522366519,0.49999999999999994,0.5000000000000001,2.175724113080095,1,0.008675026254220786,0.05914927768860356,-0.058207779229797606,-0.19587783363020791,0.19587783363020791,0.9783006096428478,-0.04561008337121551,-0.04662174685536235,0.004243391736585954,0.003147207789538398,0.0010961839470475555,-0.04451389942416796
2024-08-30,2024-09-02,2024-10-01,-0.0083096308347174,0.013121210134665927,0.3809523809523811,0.44954304954304963,0.3424185835950541,0.10712446594799552,0.4999999999999998,0.5,2.308968966586964,1,0.008360534647679385,-0.023262862771842086,0.01963881467901042,-0.2678394279844114,0.2678394279844114,0.9786030365305064,0.013121210134665927,0.013408102820920375,0.004090822296618777,0.0031481807013890323,0.000942641595229745,0.014063851729895672
2024-09-30,2024-10-01,2024-11-01,0.040387612659787166,0.038974152762412825,0.37333333333333335,0.33379958460049997,0.2453311648492695,0.08846841975123047,0.4999999999999998,0.5000000000000001,2.1789863589654064,1,0.009279467098409544,-0.02009309542280835,0.04511372131338437,-0.31195312187247914,0.31195312187247914,1.0033088750451837,0.038974152762412825,0.038845617468157685,0.004655085847762038,0.0032276597558371914,0.001427426091924847,0.04040157885433767
2024-10-31,2024-11-01,2024-12-02,-0.03444438602336381,0.01571826853026581,0.31884057971014473,0.34126984126984133,0.2617655249234196,0.0795043163464218,0.4999999999999998,0.4999999999999997,2.1726142236421158,1,0.00794797971295047,-0.03586414377325631,0.0292410894367502,-0.385542230784938,0.385542230784938,1.0197432286706019,0.01571826853026581,0.01541394744121722,0.0040524492469462756,0.0032805293188693805,0.0007719199280768951,0.016490188458342707
2024-11-29,2024-12-02,2025-01-02,-0.06716674677368102,-0.01673254262586153,0.22222222222222224,0.34549730716778754,0.26923988165406926,0.07625742551371827,0.5000000000000003,0.4999999999999998,2.1286015525754887,1,0.00935023612288699,-0.037608802759073745,-0.002051654004023942,-0.38571497415527684,0.38571497415527684,1.0105454131298697,-0.01673254262586153,-0.016557932388250974,0.00472441911283233,0.003250939807801717,0.001473479305030613,-0.015259063320830915
2024-12-30,2025-01-02,2025-02-03,0.04268281377655151,0.00565619159309634,0.19444444444444445,0.2735115126419476,0.21347533304055036,0.06003617960139723,0.5000000000000001,0.49999999999999983,2.0887358150755375,1,0.010167641254021476,0.04854948805460757,-0.009632992746524516,-0.31296164539226484,0.31296164539226484,1.0170930352347918,0.00565619159309634,0.005561134917997576,0.0051707185521155915,0.003272003606687714,0.0018987149454278776,0.0075549065385242175
2025-01-31,2025-02-03,2025-03-05,-0.018294285083371522,-0.012050174889586051,0.2318840579710144,0.28412384716732564,0.23928414580588495,0.044839701361440686,0.4999999999999997,0.49999999999999983,2.0810199026017275,1,0.009853323047298579,-0.023435592806574923,-0.006402502443311998,-0.23599775651533672,0.23599775651533672,1.0097982631375317,-0.012050174889586051,-0.011933249768270645,0.004974934249647556,0.0032485362150280216,0.0017263980346195348,-0.010323776854966516
2025-02-28,2025-03-05,2025-04-01,0.05566221647757417,-0.030457171058458354,0.22222222222222224,0.36954325867369336,0.28126285740702217,0.08828040126667121,0.49999999999999983,0.4999999999999997,2.1111587181657616,1,0.009675600186987987,0.05949504207982659,-0.04305194369145205,-0.20772533999643833,0.20772533999643833,0.9923063122266098,-0.030457171058458354,-0.030693315847317666,0.00480057957006457,0.0031922643456062344,0.001608315224458336,-0.028848855834000018
2025-03-31,2025-04-01,2025-05-02,0.0191461288338236,0.009640762300375295,0.28985507246376807,0.3390028100554416,0.28353649274701903,0.05546631730842252,0.5000000000000001,0.5000000000000001,2.1349062882930125,1,0.010558782328976779,0.03515532835233981,0.0006745833957253112,-0.25638195300827854,0.25638195300827854,0.9951471998158821,0.009640762300375295,0.009687775137345499,0.005253771334073331,0.0032014035237504933,0.0020523678103228373,0.011693130110698132
2025-04-30,2025-05-02,2025-06-02,0.07877610193952968,0.033362118590928386,0.2898550724637679,0.34257866889445815,0.2729405212377349,0.06963814765672326,0.49999999999999983,0.5,2.107585932366203,1,0.01140534042980823,0.025907916729980274,0.02778720680819342,-0.22236014212779784,0.22236014212779784,0.9944564284682885,0.033362118590928386,0.033548094854506987,0.0056710570546460335,0.0031991813019257203,0.0024718757527203133,0.0358339943436487
2025-05-30,2025-06-02,2025-07-01,-0.0788387211032303,-0.012854476702379401,0.21212121212121204,0.32146021619705833,0.22935755907892133,0.09210265711813702,0.49999999999999983,0.5000000000000001,2.131727640731189,1,0.010979288886836747,0.007035473598459463,-0.013926749845375763,-0.1906267028916944,0.1906267028916944,1.0213637790165604,-0.012854476702379401,-0.012585600710019872,0.005606923994187054,0.0032857426537297204,0.002321181340457333,-0.010533295361922069
2025-06-30,2025-07-01,2025-08-01,-0.04229334362032395,0.016107898921895323,0.23333333333333336,0.3514043948254472,0.2274178836872335,0.12398651113821373,0.4999999999999997,0.5,2.0797271394913626,1,0.012757340542210782,-0.03213707898220308,0.02143266342783733,-0.1759102778432477,0.1759102778432477,1.0208168593917784,0.016107898921895323,0.015779420935007588,0.006511454153245509,0.00328398320506292,0.003227470948182589,0.01933536987007791
2025-07-31,2025-08-01,2025-09-01,0.040227176070277836,0.015366255100667038,0.2807017543859649,0.316557734204793,0.23417172424525368,0.08238600995953936,0.49999999999999983,0.5,2.130169655392832,1,0.01164157616858752,0.05387128637641503,0.004136886743845298,-0.20282766861041213,0.20282766861041213,1.0201003389218688,0.015366255100667038,0.015063474164617414,0.00593778789758044,0.003281678147924004,0.0026561097496564357,0.018022364850323474
2025-08-29,2025-09-01,2025-10-01,-0.014033596031517182,0.007140549692516016,0.3636363636363636,0.3799009369829802,0.30324022884007407,0.07666070814290613,0.5,0.5,2.1068057348435962,1,0.012199302216840069,0.03677000720980561,0.0019591578631328096,-0.1347449208009622,0.1347449208009622,1.0328072016224585,0.007140549692516016,0.006913729572468876,0.006299763592160623,0.003322556316533641,0.0029772072756269826,0.010117756968142998
2025-09-30,2025-10-01,2025-10-02,-0.009342977644715816,0.0010522947025275486,0.3666666666666667,0.33145711500974645,0.27597894874118,0.05547816626856646,0.49999999999999983,0.5000000000000001,2.164100167233754,1,0.0005513102011314164,-0.00834492350486804,0.002049416816546945,-0.12623132735502593,0.12623132735502593,1.0564931578954433,0.0010522947025275486,0.0009960260458512973,0.0002912277276866511,0.003398754394455946,-0.003107526666769295,-0.0020552319642417466
