month_end,trade_date,next_trade_date,D10,LS,turnover_D10,turnover_LS,turnover_LS_reconst,turnover_LS_reweight,ls_gross_long,ls_gross_short,risk_ls_weighted_multiplier,risk_ls_weighted_score,risk_ls_flagged,risk_ls_high,risk_d10_weighted_multiplier,risk_d10_weighted_score,risk_d10_flagged,risk_d10_high,risk_universe_flagged,risk_universe_high,risk_universe_avg_multiplier,dispersion,dispersion_gate_active,LS_pre_overlay,CDI,BOVA11,beta_est,hedge_ratio,vt_scale,LS_vt,LS_pre_vt,LS_carry,LS_borrow_cost,LS_financing_net,LS_net
2010-06-30,2010-07-01,2010-08-02,0.1072261376545504,0.021835307642943124,0.0,6.47630097698008e-17,0.0,6.47630097698008e-17,0.49999999999999983,0.5,0.986111111111111,0.05555555555555554,1.0,0.0,1.0,0.0,0.0,0.0,3.0,0.0,0.9895833333333334,2.1706982678067694,1,0.021835307642943124,0.008610622664495526,0.1338932806324109,0.0,0.0,1.0,0.021835307642943124,0.021835307642943124,0.004305311332247763,0.003217015055001715,0.001088296277246048,0.022923603920189172
2010-07-30,2010-08-02,2010-09-01,-0.15416614420060573,-0.05625374227204277,0.09523809523809525,0.17460317460317465,0.09523809523809523,0.07936507936507944,0.49999999999999994,0.49999999999999983,1.0,0.0,0.0,0.0,1.0,0.0,0.0,0.0,0.0,0.0,1.0,2.1644832350601546,1,-0.05625374227204277,0.008862278042468974,-0.06027596223674647,0.0,0.0,1.0,-0.05625374227204277,-0.05625374227204277,0.004431139021234485,0.0032170150550017143,0.001214123966232771,-0.05503961830581
2010-08-31,2010-09-01,2010-10-01,0.0566010921471706,0.0020602668231983396,0.09523809523809525,0.34126984126984133,0.2222222222222222,0.11904761904761911,0.5,0.5000000000000001,1.0,0.0,0.0,0.0,1.0,0.0,0.0,0.0,0.0,0.0,1.0,2.0835779084520154,1,0.0020602668231983396,0.00844600472113366,0.06646058732612059,0.0,0.0,1.0,0.0020602668231983396,0.0020602668231983396,0.004223002360566831,0.003217015055001716,0.0010059873055651147,0.0030662541287634544
2010-09-30,2010-10-01,2010-11-01,0.057131899478983894,0.0027503477459025565,0.2500000000000001,0.4424603174603174,0.2823412698412699,0.1601190476190475,0.5,0.5,1.0,0.0,0.0,0.0,1.0,0.0,0.0,0.0,1.0,0.0,0.9964285714285714,2.1939129809565583,1,0.0027503477459025565,0.00805664196708844,0.020289855072463947,0.0,0.0,1.0,0.0027503477459025565,0.0027503477459025565,0.00402832098354422,0.003217015055001715,0.000811305928542505,0.0035616536744450616
2010-10-29,2010-11-01,2010-12-01,0.02251037853243494,0.0015541823006064422,0.25000000000000006,0.3148148148148147,0.1851851851851852,0.12962962962962954,0.5,0.5,1.0,0.0,0.0,0.0,0.9895833333333334,0.04166666666666667,1.0,0.0,1.0,0.0,0.9967105263157895,2.205571184211837,1,0.0015541823006064422,0.00805628538097003,-0.03451704545454559,0.0,0.0,1.0,0.0015541823006064422,0.0015541823006064422,0.004028142690485015,0.003217015055001715,0.0008111276354832997,0.0023653099360897416
2010-11-30,2010-12-01,2011-01-03,0.01583762249133397,0.0032998424042094687,0.22857142857142862,0.26760966035159583,0.12380952380952383,0.143800136542072,0.5000000000000001,0.49999999999999994,0.9877666837344257,0.04893326506229733,1.0,0.0,0.9616071428571429,0.15357142857142855,2.0,0.0,2.0,0.0,0.9936708860759493,2.222176393850236,1,0.0032998424042094687,0.009271505547568726,0.01515374429895533,0.0,0.0,1.0,0.0032998424042094687,0.0032998424042094687,0.004635752773784362,0.0032170150550017147,0.0014187377187826473,0.0047185801229921165
2010-12-30,2011-01-03,2011-02-01,-0.034331420971354144,0.008045214511853051,0.3703703703703704,0.5845707458610683,0.3810199408317689,0.20355080502929948,0.5,0.49999999999999983,1.0,0.0,0.0,0.0,1.0,0.0,0.0,0.0,1.0,0.0,0.9967948717948718,2.315325043891559,1,0.004208716589166712,0.008623965390338384,-0.030724637681159517,0.12486714937045122,-0.12486714937045122,1.0,0.008045214511853051,0.008045214511853051,0.00431198269516919,0.0032170150550017143,0.001094967640167476,0.009140182152020528
2011-01-31,2011-02-01,2011-03-01,-0.012151668901976232,-0.005957573758587346,0.3333333333333333,0.38518518518518513,0.24814814814814815,0.13703703703703699,0.5,0.49999999999999983,1.0,0.0,0.0,0.0,1.0,0.0,0.0,0.0,1.0,0.0,0.9967948717948718,2.24213414153394,1,-0.006106936377451512,0.008425009434362085,-0.0011961722488037507,0.09349519389276266,-0.12486714937045122,1.0,-0.005957573758587346,-0.005957573758587346,0.004212504717181041,0.0032170150550017143,0.0009954896621793266,-0.004962084096408019
2011-02-28,2011-03-01,2011-04-01,0.023378291099279375,-0.007226013711239901,0.2222222222222222,0.2268518518518519,0.13425925925925922,0.09259259259259266,0.5,0.5,1.0,0.0,0.0,0.0,1.0,0.0,0.0,0.0,0.0,0.0,1.0,2.227139623110141,1,-0.0049828912674593365,0.009206833909138457,0.017964071856287456,0.09444015604711456,-0.12486714937045122,1.0,-0.007226013711239901,-0.007226013711239901,0.004603416954569228,0.003217015055001715,0.0013864018995675131,-0.005839611811672388
2011-03-31,2011-04-01,2011-05-02,0.030786795935186434,0.028129746887188025,0.3333333333333333,0.4944444444444444,0.3138888888888889,0.1805555555555555,0.49999999999999994,0.5,1.0,0.0,0.0,0.0,1.0,0.0,0.0,0.0,1.0,0.0,0.9971910112359551,2.2845186088295533,1,0.023539042866215557,0.008396233613529702,-0.03676470588235292,0.0882923666592437,-0.12486714937045122,1.0,0.028129746887188025,0.028129746887188025,0.004198116806764851,0.003217015055001715,0.000981101751763136,0.02911084863895116
2011-04-29,2011-05-02,2011-06-01,0.010370535054015771,0.015380614011827557,0.29629629629629634,0.3329966329966331,0.19659090909090912,0.136405723905724,0.49999999999999994,0.49999999999999983,1.0,0.0,0.0,0.0,1.0,0.0,0.0,0.0,0.0,0.0,1.0,2.2010912119078747,1,0.011720386121884559,0.009853034390991944,-0.029312977099236637,0.0005713508287144495,-0.12486714937045122,1.0,0.015380614011827557,0.015380614011827557,0.00492651719549597,0.0032170150550017143,0.0017095021404942559,0.017090116152321814
2011-05-31,2011-06-01,2011-07-01,-0.010113400023147897,0.03427048019921307,0.29629629629629617,0.28703703703703715,0.15277777777777776,0.13425925925925938,0.49999999999999983,0.49999999999999994,1.0,0.0,0.0,0.0,1.0,0.0,0.0,0.0,0.0,0.0,1.0,2.2589896507595335,1,0.022548271019705152,0.009535252207044431,-0.0301981755268953,-0.014461359299936196,-0.12486714937045122,1.3021178496599493,0.03427048019921307,0.026319031113937092,0.006208011049900989,0.004188932725742516,0.002019078324158473,0.03628955852337154
2011-06-30,2011-07-01,2011-08-01,-0.061973290182900966,-0.03679241967773885,0.12121212121212138,0.2895622895622894,0.21515151515151512,0.07441077441077429,0.49999999999999983,0.49999999999999983,1.0,0.0,0.0,0.0,1.0,0.0,0.0,0.0,0.0,0.0,1.0,2.19622579945265,1,-0.03582579621938831,0.009675260632866944,-0.05124878365228669,-0.043063821487649416,-0.12486714937045122,1.2503155762865235,-0.03679241967773885,-0.029426506696024292,0.006048564536952672,0.00402228403241689,0.002026280504535782,-0.03476613917320307
2011-07-29,2011-08-01,2011-09-01,-0.046242482846123624,-0.02104130691599859,0.1481481481481481,0.23097643097643106,0.15067340067340065,0.08030303030303043,0.5,0.49999999999999994,1.0,0.0,0.0,0.0,1.0,0.0,0.0,0.0,1.0,0.0,0.9971910112359551,2.165380851005663,1,-0.020188405223301127,0.010704896208957981,-0.029401709401709386,0.10270079079966446,-0.12486714937045122,1.2739106740384243,-0.02104130691599859,-0.01651709758369128,0.006818540772532516,0.004098189817108993,0.002720350955423523,-0.018320955960575064
2011-08-31,2011-09-01,2011-10-03,-0.07354017293474312,0.006778132316694994,0.19999999999999987,0.2083172147001934,0.12082527401676335,0.08749194068343007,0.49999999999999994,0.49999999999999983,0.9973404255319149,0.01063829787234043,1.0,0.0,1.0,0.0,0.0,0.0,1.0,0.0,0.9971590909090909,2.1970763083364226,1,-0.00634906085038308,0.009398254167376052,-0.09915463191264529,0.11585278398880558,-0.11585278398880558,1.3191443902141222,0.006778132316694994,0.005138279302082143,0.006198827131350305,0.0042437073630398866,0.0019551197683104187,0.008733252085005413
2011-09-30,2011-10-03,2011-11-01,0.028220636575725388,-0.015557434254617208,0.24242424242424257,0.22742316784869976,0.15537825059101654,0.07204491725768321,0.49999999999999994,0.49999999999999983,1.0,0.0,0.0,0.0,1.0,0.0,0.0,0.0,0.0,0.0,1.0,2.2064521182956733,1,-0.0012371787543197378,0.008789482465142662,0.08856304985337249,0.05266874448052889,-0.11585278398880558,1.3531198638257602,-0.015557434254617208,-0.01149745463837232,0.005946611658166371,0.00435300697314934,0.0015936046850170311,-0.013963829569600177
2011-10-31,2011-11-01,2011-12-01,-0.0351459835206849,-0.035714455573163544,0.1481481481481481,0.20740740740740737,0.15925925925925924,0.048148148148148114,0.49999999999999994,0.49999999999999983,1.0,0.0,0.0,0.0,1.0,0.0,0.0,0.0,0.0,0.0,1.0,2.2024829089008366,1,-0.023760705664616497,0.008567424211848751,0.025502873563218342,0.0271277121123566,-0.11585278398880558,1.3368547688155485,-0.035714455573163544,-0.026715284566629853,0.0057267009570378955,0.004300681917630456,0.0014260190394074397,-0.0342884365337561
2011-11-30,2011-12-01,2012-01-02,-0.025289748212353674,0.05526926359923957,0.20784313725490192,0.2912402236880414,0.18986928104575163,0.10137094264228981,0.49999999999999994,0.49999999999999994,0.9850433721875848,0.05982651124966116,2.0,0.0,0.9677015250544662,0.12919389978213505,2.0,0.0,2.0,0.0,0.9940476190476191,2.1947410881832017,1,0.04435472807135795,0.009047373489255106,-0.010332749562171673,0.007143662777314439,-0.11585278398880558,1.2133276066296912,0.05526926359923957,0.04555180587439465,0.005488714011001407,0.0039032931771769146,0.0015854208338244922,0.05685468443306406
2011-12-29,2012-01-02,2012-02-01,0.09141476588971592,-0.002392786698219159,0.0666666666666667,0.38432301235906535,0.24757625272331155,0.1367467596357538,0.5,0.49999999999999994,1.0,0.0,0.0,0.0,1.0,0.0,0.0,0.0,0.0,0.0,1.0,2.1445201026068923,1,0.010773285675383645,0.00883164575843809,0.10953813484339059,-0.002067909114410338,-0.11585278398880558,1.248185431090222,-0.002392786698219159,-0.0019170121991643422,0.005511765784116088,0.00401543132325105,0.0014963344608650382,-0.000896452237354121
2012-01-31,2012-02-01,2012-03-01,0.09754250603908497,-0.015520154232135569,0.1333333333333332,0.20256410256410262,0.12124542124542126,0.08131868131868135,0.49999999999999994,0.5,0.9935897435897437,0.02564102564102567,1.0,0.0,1.0,0.0,0.0,0.0,1.0,0.0,0.9970238095238095,2.0892398395888545,1,-0.007686035603584138,0.007414836145679615,0.0389154704944179,0.016904105552654224,-0.11585278398880558,1.2727174303263977,-0.015520154232135569,-0.012194501200596673,0.004718495602810326,0.0040943511341231175,0.0006241444686872081,-0.014896009763448362
2012-02-29,2012-03-01,2012-04-02,-0.009677815425888006,0.02543208422883788,0.25641025641025633,0.3877267659876356,0.2653377419681768,0.12238902401945885,0.49999999999999994,0.49999999999999994,1.0,0.0,0.0,0.0,1.0,0.0,0.0,0.0,0.0,0.0,1.0,2.122986366861292,1,0.016126670088215632,0.008054920154665135,-0.032238256063862436,0.01072368452021873,-0.11585278398880558,1.2804674919126242,0.02543208422883788,0.019861561804158087,0.005157031704000255,0.004119283198923199,0.0010377485050770564,0.026469832733914934
2012-03-30,2012-04-02,2012-05-02,-0.031981691022191866,0.007731025686502256,0.1333333333333334,0.2742576264315393,0.20379547988243638,0.07046214654910292,0.49999999999999994,0.49999999999999983,1.0,0.0,0.0,0.0,1.0,0.0,0.0,0.0,0.0,0.0,1.0,2.149768413387309,1,0.0015260867057478866,0.006971980611159889,-0.037753807106599035,-0.010643084734977219,-0.11585278398880558,1.3103499183777818,0.007731025686502256,0.005899970365223738,0.004567867112382417,0.004215415414741591,0.00035245169764082634,0.008083477384143082
2012-04-30,2012-05-02,2012-06-01,-0.1405634395864008,0.03469945412020993,0.2539682539682541,0.38405795739865356,0.28415652230675964,0.09990143509189393,0.5000000000000001,0.5,0.9816781932914327,0.07328722683427008,2.0,0.0,0.9586080586080588,0.1655677655677656,2.0,0.0,3.0,0.0,0.9921052631578947,2.1977723988137687,1,0.010742645309680157,0.0073093626688405244,-0.13748763600395641,-0.004830008641192179,-0.11585278398880558,1.30101954309423,0.03469945412020993,0.02667097070477805,0.00475481183986246,0.00418539945698559,0.00056941238287687,0.0352688665030868
2012-05-31,2012-06-01,2012-07-02,0.027783621135853347,0.026325127135351845,0.20512820512820518,0.40205452028884364,0.2736503048335243,0.1284042154553194,0.5,0.49999999999999983,1.0,0.0,0.0,0.0,1.0,0.0,0.0,0.0,0.0,0.0,1.0,2.1744970450915244,1,0.022444410769642795,0.006386582234745086,0.020451070336391375,-0.015734638073973725,-0.11585278398880558,1.3113324780070132,0.026325127135351845,0.020075097335620976,0.00418746635394192,0.004218576323861266,-3.110996991934588e-05,0.026294017165432497
2012-06-29,2012-07-02,2012-08-01,0.02744950107952862,-0.008439309920915313,0.2777777777777779,0.3142135642135641,0.2237734487734487,0.09044011544011538,0.5,0.5,1.0,0.0,0.0,0.0,1.0,0.0,0.0,0.0,0.0,0.0,1.0,2.212683390277775,1,-0.0002898154389549326,0.0067345607664746066,0.05206967596928269,-0.0003813249720892242,-0.11585278398880558,1.3348623458467865,-0.008439309920915313,-0.006322232361391341,0.004494855791492013,0.004294272262944018,0.00020058352854799514,-0.008238726392367317
2012-07-31,2012-08-01,2012-09-03,0.05953755066520266,-0.0008715161232412997,0.23809523809523825,0.3124862217885472,0.24287101787101786,0.06961520391752933,0.49999999999999994,0.5,0.9970930232558138,0.011627906976744179,1.0,0.0,0.9930555555555555,0.02777777777777776,1.0,0.0,3.0,0.0,0.9918478260869565,2.1928381133886616,1,-0.000165557083807545,0.006849965314555062,0.004094712479971507,-0.011956887302633473,-0.11585278398880558,1.3618696511216513,-0.0008715161232412997,-0.0006399409242459505,0.004664379936564257,0.004381155170608286,0.0002832247659559717,-0.000588291357285328
2012-08-31,2012-09-03,2012-10-01,0.09691471133516853,0.03709751678397185,0.2564102564102564,0.29785330948121636,0.2433710991850527,0.05448221029616368,0.49999999999999983,0.5,1.0,0.0,0.0,0.0,1.0,0.0,0.0,0.0,0.0,0.0,1.0,2.1786546325528695,1,0.031228827623694593,0.005369965266185606,0.03280141843971629,-0.013133843550230775,-0.11585278398880558,1.3525076884022948,0.03709751678397185,0.027428691978671718,0.0036314596544846536,0.004351037595595751,-0.0007195779411110974,0.03637793884286075
2012-09-28,2012-10-01,2012-11-01,0.0034423332423843146,0.030047116992992184,0.3333333333333333,0.34107744107744087,0.2446127946127946,0.09646464646464631,0.49999999999999994,0.5,1.0,0.0,0.0,0.0,1.0,0.0,0.0,0.0,0.0,0.0,1.0,2.182234198042056,1,0.018616727235965348,0.006063543747743205,-0.030214592274678043,0.011301682638042074,-0.11585278398880558,1.3585424561612123,0.030047116992992184,0.02211717186807346,0.004118790808050008,0.0043704515343296274,-0.0002516607262796197,0.029795456266712563
2012-10-31,2012-11-01,2012-12-03,0.03806081145012464,0.0297496052049451,0.35658914728682184,0.3481987435475806,0.2365993717737903,0.11159937177379027,0.49999999999999983,0.49999999999999994,0.9970930232558141,0.011627906976744196,1.0,0.0,0.9941860465116279,0.023255813953488382,1.0,0.0,2.0,0.0,0.9948453608247423,2.1675616090455647,1,0.022596214392857875,0.005443435742476632,0.0070808992742077415,0.0019025324502043198,-0.11585278398880558,1.366172822998902,0.0297496052049451,0.021775872498796596,0.003718336987556212,0.004394998539321661,-0.0006766615517654487,0.029072943653179653
2012-11-30,2012-12-03,2013-01-02,0.041558567272821555,-0.01913685061448113,0.3076923076923077,0.4285061192037936,0.31147528182411904,0.11703083737967461,0.49999999999999983,0.5000000000000001,1.0,0.0,0.0,0.0,1.0,0.0,0.0,0.0,0.0,0.0,1.0,2.114297360109769,1,-0.00596016026263171,0.005336783593778316,0.06890490420108986,0.0054350098506423744,-0.11585278398880558,1.372507413475501,-0.01913685061448113,-0.013942985244809913,0.0036623875232875834,0.004415377012252151,-0.000752989488964568,-0.0198898401034457
2012-12-28,2013-01-02,2013-02-01,0.018649157238318764,0.04481813652056965,0.33333333333333326,0.351130351130351,0.2778795278795278,0.07325082325082317,0.49999999999999983,0.5000000000000001,0.9957431457431457,0.01702741702741705,1.0,0.0,1.0,0.0,0.0,0.0,1.0,0.0,0.9974747474747475,2.052033341735768,1,0.029088635066312502,0.005867469311010121,-0.034862687058049735,-0.04347351294994429,-0.11585278398880558,1.3528952030497692,0.04481813652056965,0.033127574419318066,0.003969035542453664,0.004352284236050711,-0.0003832486935970471,0.04443488782697261
2013-01-31,2013-02-01,2013-03-01,-0.03055201754413704,0.010647085431907092,0.30769230769230765,0.3279824750412985,0.26163433516374696,0.06634813987755157,0.5,0.5000000000000001,0.9932921653509889,0.02683133859604451,1.0,0.0,1.0,0.0,0.0,0.0,1.0,0.0,0.9975,2.060832012758351,1,0.0017039051593072906,0.004816879234908811,-0.05213835406372458,-0.06828741183823482,-0.11585278398880558,1.3748324331215787,0.010647085431907092,0.007744278630183838,0.0033112008992912446,0.004422856635456758,-0.0011116557361655131,0.009535429695741579
2013-02-28,2013-03-01,2013-04-01,-0.007857451812707113,0.048981066855922656,0.10256410256410259,0.16497285394344227,0.13831723831723833,0.026655615626203954,0.5000000000000002,0.5,1.0,0.0,0.0,0.0,1.0,0.0,0.0,0.0,0.0,0.0,1.0,2.07987085109253,1,0.03475067777547692,0.005378582620114258,-0.013122415962610212,-0.02926774360721875,-0.11585278398880558,1.3504215354444693,0.048981066855922656,0.03627094619740445,0.003631676900184817,0.00434432641012339,-0.0007126495099385732,0.04826841734598408
2013-03-28,2013-04-01,2013-05-02,0.001004611439129298,0.02215214445742981,0.13333333333333333,0.3704670329670329,0.21194291819291822,0.15852411477411466,0.5,0.5,1.0,0.0,0.0,0.0,1.0,0.0,0.0,0.0,0.0,0.0,1.0,2.0541380675830547,1,0.014733900243115798,0.006016252919069931,-0.012750455373406133,-0.03475240594848503,-0.11585278398880558,1.3664820560905833,0.02215214445742981,0.016211075995249923,0.004110550829405826,0.004395993346833105,-0.00028544251742727844,0.021866701940002533
2013-04-30,2013-05-02,2013-06-03,-0.003301500415970842,0.06957369400983815,0.20512820512820507,0.1611111111111112,0.11085858585858586,0.05025252525252533,0.5,0.5,1.0,0.0,0.0,0.0,1.0,0.0,0.0,0.0,0.0,0.0,1.0,2.0197539478813504,1,0.050194056636446105,0.00586678014293307,-0.030996309963099655,-0.03432517678687572,-0.11585278398880558,1.2935504203983643,0.06957369400983815,0.05378506543905115,0.0037944879601379245,0.004161371176825336,-0.00036688321668741164,0.06920681079315073
2013-05-31,2013-06-03,2013-07-01,-0.11625232693781667,0.01084535151416355,0.2564102564102565,0.47416472416472405,0.3683954933954934,0.10576923076923057,0.5,0.49999999999999994,1.0,0.0,0.0,0.0,1.0,0.0,0.0,0.0,0.0,0.0,1.0,2.227990690516588,1,-0.0050157227010059965,0.005919441025405314,-0.11462300076161469,-0.07953105107988437,-0.11585278398880558,1.3124132668515465,0.01084535151416355,0.008263671046378047,0.0038843764670436274,0.004222053237845407,-0.0003376767708017799,0.01050767474336177
2013-06-28,2013-07-01,2013-08-01,0.007799585833148222,-0.015257441203901372,0.26666666666666655,0.2857142857142856,0.22871572871572873,0.05699855699855688,0.5000000000000001,0.5,1.0,0.0,0.0,0.0,1.0,0.0,0.0,0.0,0.0,0.0,1.0,2.198476951222412,1,-0.008157790875338182,0.0071068152139550644,0.030322580645161246,0.05684855851876891,-0.11585278398880558,1.3073235303848285,-0.015257441203901372,-0.011670746260805186,0.004645453377650172,0.004205679479005985,0.0004397738986441869,-0.014817667305257184
2013-07-31,2013-08-01,2013-09-02,-0.015085705093132243,-0.04134448225032172,0.2222222222222222,0.2803030303030303,0.2064393939393939,0.07386363636363635,0.49999999999999994,0.5,1.0,0.0,0.0,0.0,1.0,0.0,0.0,0.0,0.0,0.0,1.0,2.225460478139935,1,-0.02197683116626377,0.0069759345084061675,0.06073888541014405,-0.00546261676025424,-0.11585278398880558,1.4250035174717264,-0.04134448225032172,-0.029013600137406004,0.004970365606065594,0.004584257769136944,0.00038610783692864976,-0.04095837441339307
2013-08-30,2013-09-02,2013-10-01,0.08837154245655608,0.037987704335078684,0.2564102564102564,0.4264957264957263,0.31930846930846934,0.10718725718725701,0.49999999999999994,0.49999999999999994,1.0,0.0,0.0,0.0,1.0,0.0,0.0,0.0,0.0,0.0,1.0,2.1961351043467894,1,0.028134310081766034,0.006991089252236904,0.010035419126328105,-0.07229565910426829,-0.11585278398880558,1.4084293589571337,0.037987704335078684,0.026971678837486416,0.004923227676970064,0.0045309384516715135,0.0003922892252985503,0.03837999356037723
2013-09-30,2013-10-01,2013-11-01,0.04792792095197574,0.033232732800326736,0.1212121212121212,0.2802253302253301,0.17344599844599842,0.10677933177933165,0.5,0.5000000000000001,1.0,0.0,0.0,0.0,1.0,0.0,0.0,0.0,1.0,0.0,0.9975,2.2054544586184104,1,0.02795919694411511,0.008056071351680183,0.03623611922852121,-0.06118769524476095,-0.11585278398880558,1.3986168379064643,0.033232732800326736,0.023761141650540638,0.005633678519917897,0.00449937142372399,0.0011343070961939072,0.034367039896520644
2013-10-31,2013-11-01,2013-12-02,-0.02191291982951323,0.021734253010078995,0.15384615384615377,0.2946292823162215,0.17158448895737033,0.12304479335885114,0.49999999999999994,0.5000000000000002,0.9929793951478896,0.028082419408441358,1.0,0.0,1.0,0.0,0.0,0.0,2.0,0.0,0.9949494949494949,2.205102685269288,1,0.009241197915042814,0.007121615167924977,-0.05433352133859748,-0.03141224765038482,-0.11585278398880558,1.3989707915792002,0.021734253010078995,0.015535887626034507,0.004981465804397224,0.004500510098017956,0.00048095570637926837,0.022215208716458264
2013-11-29,2013-12-02,2014-01-02,-0.02668653897137725,-0.02621444702495753,0.2777777777777778,0.23931745666541274,0.14894179894179893,0.09037565772361383,0.49999999999999994,0.5000000000000001,1.0,0.0,0.0,0.0,1.0,0.0,0.0,0.0,0.0,0.0,1.0,2.2144879628684997,1,-0.01936489942874983,0.007803801225700457,-0.001391650099403563,-0.01511879167810216,-0.11585278398880558,1.365074648718278,-0.02621444702495753,-0.019203672890395627,0.005326385608420161,0.004391465696127879,0.0009349199122922819,-0.025279527112665248
2013-12-30,2014-01-02,2014-02-03,-0.07635559860307232,0.029219547636736277,0.24242424242424257,0.4345543345543345,0.34017279017279023,0.09438154438154432,0.5,0.5,1.0,0.0,0.0,0.0,1.0,0.0,0.0,0.0,0.0,0.0,1.0,2.026505192582209,1,0.012224259169319247,0.0084159347753745,-0.08023093768664136,-0.021453718689095427,-0.11585278398880558,1.3578338346852257,0.029219547636736277,0.021519236662349027,0.005713720494253751,0.004368171888373081,0.0013455486058806697,0.030565096242616947
2014-01-31,2014-02-03,2014-03-05,0.008421516674590112,-0.0006951310455770829,0.25641025641025644,0.23610679734502074,0.1938109744300862,0.042295822914934535,0.49999999999999994,0.5000000000000001,1.0,0.0,0.0,0.0,1.0,0.0,0.0,0.0,3.0,0.0,0.9927184466019418,2.098286782193752,1,-0.0007605728642165113,0.007836869701381088,-0.0021645021645021467,-0.028762700951360527,-0.11585278398880558,1.3635119969296707,-0.0006951310455770829,-0.000509809262509142,0.005342832928103881,0.0043864386217982035,0.0009563943063056772,0.0002612632607285943
2014-02-28,2014-03-05,2014-04-01,0.03640044529300654,-0.015689293782026093,0.1111111111111111,0.1442350829968596,0.13961791535815762,0.0046171676387019855,0.49999999999999983,0.5000000000000001,1.0,0.0,0.0,0.0,1.0,0.0,0.0,0.0,2.0,0.0,0.9951456310679612,2.178792596131874,1,-0.003899560285678886,0.007599483935512019,0.0661605206073752,-0.034005975188578105,-0.11585278398880558,1.3566841725754484,-0.015689293782026093,-0.011564440788192047,0.005155049787525269,0.004364473408057764,0.0007905763794675055,-0.014898717402558588
2014-03-31,2014-04-01,2014-05-02,0.0060673586371595145,-0.0005813477388322369,0.28571428571428586,0.416361416361416,0.2851648351648351,0.13119658119658087,0.5,0.49999999999999994,1.0,0.0,0.0,0.0,1.0,0.0,0.0,0.0,1.0,0.0,0.9975728155339806,2.142271117173678,1,0.0022628553463039203,0.008163585883203206,0.023194303153611484,-0.04371224072877041,-0.11585278398880558,1.370233037919778,-0.0005813477388322369,-0.00042426924672230287,0.00559300754253027,0.004408060311848662,0.0011849472306816088,0.0006035994918493719
2014-04-30,2014-05-02,2014-06-02,0.029481742377427258,-0.010724947091263998,0.2051282051282051,0.3534798534798534,0.2941641691641692,0.0593156843156842,0.5000000000000002,0.49999999999999994,1.0,0.0,0.0,0.0,1.0,0.0,0.0,0.0,1.0,0.0,0.9975728155339806,2.1127645460221225,1,-0.008448803074880527,0.00858300624253161,-0.004971167230065632,-0.04322158923529974,-0.11585278398880558,1.3622648581699939,-0.010724947091263998,-0.007872879511603504,0.005846163890827247,0.004382426557632646,0.001463737333194601,-0.009261209758069398
2014-05-30,2014-06-02,2014-07-01,0.04944192123747726,0.005934113432297512,0.2564102564102564,0.3589743589743588,0.28888888888888886,0.0700854700854699,0.5000000000000001,0.5,1.0,0.0,0.0,0.0,1.0,0.0,0.0,0.0,1.0,0.0,0.9975490196078431,2.136361983520948,1,0.009259858558763979,0.008174066222165877,0.04276578737010395,-0.03748140223537762,-0.11585278398880558,1.3783201370841491,0.005934113432297512,0.004305323032464136,0.005633240037935292,0.0044340766316117355,0.0011991634063235569,0.007133276838621069
2014-06-30,2014-07-01,2014-08-01,0.014349450412292438,0.025192766376680283,0.2259887005649719,0.31323366523616836,0.22940947940947942,0.08382418582668894,0.5000000000000001,0.5000000000000001,0.9926167178670307,0.029533128531877003,1.0,0.0,0.9829421990438941,0.06823120382442424,1.0,0.0,1.0,0.0,0.9975490196078431,2.042066048597156,1,0.021668041165128795,0.009404271848245882,0.03583748562667677,-0.015747662124919598,-0.11585278398880558,1.4382578080285648,0.025192766376680283,0.017516168684119485,0.006762883707281432,0.00462689702140166,0.0021359866858797717,0.027328753062560055
2014-07-31,2014-08-01,2014-09-01,0.08271300220577359,-0.0008598278418121268,0.23809523809523814,0.18502625173463705,0.12495281800663527,0.0600734337280018,0.5000000000000001,0.5000000000000001,0.9950980392156863,0.019607843137254926,1.0,0.0,1.0,0.0,0.0,0.0,1.0,0.0,0.9975,2.040958305807518,1,0.012638649995351919,0.008595646498315013,0.11415356151711387,0.01185329373662417,-0.11585278398880558,1.4663873875289992,-0.0008598278418121268,-0.0005863579086431026,0.006302273806393472,0.004717390302145425,0.0015848835042480466,0.0007250556624359198
2014-08-29,2014-09-01,2014-10-01,-0.0913194862397217,0.03681501592087132,0.20512820512820518,0.39186956834015635,0.2775198657551599,0.1143497025849965,0.5000000000000001,0.5,1.0,0.0,0.0,0.0,1.0,0.0,0.0,0.0,0.0,0.0,1.0,2.176052234053977,1,0.009379290433812337,0.009005837224223212,-0.13782796413151777,0.022852678500679447,-0.11585278398880558,1.4524382498386987,0.03681501592087132,0.02534704378995791,0.006540211228141484,0.004672515716191436,0.0018676955119500474,0.03868271143282137
2014-09-30,2014-10-01,2014-11-03,0.00591177144994863,-0.006157088980697522,0.054990583804143144,0.1903900716960342,0.13938695503993634,0.05100311665609785,0.5000000000000001,0.49999999999999994,1.0,0.0,0.0,0.0,1.0,0.0,0.0,0.0,0.0,0.0,1.0,2.252209734848839,1,-0.0028398065738860097,0.009457012571264523,0.011748844375963019,0.003814937726343214,-0.11585278398880558,1.4656445284173443,-0.006157088980697522,-0.0042009429034925464,0.006930309365123942,0.004715000513199485,0.0022153088519244572,-0.003941780128773065
2014-10-31,2014-11-03,2014-12-01,-0.03990695872803423,-0.04255383290395314,0.19047619047619035,0.1624068257952804,0.11985348831242143,0.04255333748285898,0.5000000000000002,0.5000000000000002,0.992825311942959,0.02869875222816401,1.0,0.0,1.0,0.0,0.0,0.0,2.0,0.0,0.9949494949494949,2.3262815996215482,1,-0.029255858386330366,0.008378556738443788,-0.00019036740909950112,0.0020217760602759256,-0.11585278398880558,1.4556379048966015,-0.04255383290395314,-0.029233803792005453,0.006098072388402812,0.004682809054683524,0.0014152633337192883,-0.04113856957023385
2014-11-28,2014-12-01,2015-01-02,-0.038809143484030514,0.06760279899698789,0.15384615384615394,0.2574066456419399,0.16128673130863316,0.09611991433330665,0.5,0.5,1.0,0.0,0.0,0.0,1.0,0.0,0.0,0.0,0.0,0.0,1.0,2.26140781952541,1,0.03688449957471414,0.009576758362219717,-0.08358720487433358,0.003945860938787179,-0.11585278398880558,1.4516910544410258,0.06760279899698789,0.04656830996524834,0.006951247222488826,0.004670111977348094,0.0022811352451407316,0.06988393424212862
2014-12-30,2015-01-02,2015-02-02,-0.13732244473817665,0.008129671855765592,0.08888888888888895,0.3281102578582522,0.2410127788095766,0.08709747904867558,0.5000000000000001,0.4999999999999998,1.0,0.0,0.0,0.0,1.0,0.0,0.0,0.0,0.0,0.0,1.0,2.2821795719499756,1,0.0006669624625606878,0.009311727078445742,-0.042385206731768155,-0.053206547527819094,-0.11585278398880558,1.4576078718815753,0.008129671855765592,0.005577406662377092,0.006786423345177665,0.0046891464681320365,0.0020972768770456283,0.010226948732811221
2015-01-30,2015-02-02,2015-03-02,0.08214219225393013,0.04806364633403834,0.11111111111111106,0.23184937190853253,0.18107620110578135,0.05077317080275118,0.5,0.5000000000000001,1.0,0.0,0.0,0.0,1.0,0.0,0.0,0.0,0.0,0.0,1.0,2.264435519780567,1,0.04281722997086793,0.008185605899158954,0.08461705359080063,-0.04831939667931617,-0.11585278398880558,1.4558517000525333,0.04806364633403834,0.03301410873944372,0.005958514132125305,0.004683496836918841,0.0012750172952064641,0.04933866362924481
2015-02-27,2015-03-02,2015-04-01,0.03292305866835554,-0.0045286473321546755,0.12121212121212138,0.21298701298701295,0.1577755577755578,0.05521145521145516,0.5000000000000001,0.49999999999999983,1.0,0.0,0.0,0.0,1.0,0.0,0.0,0.0,0.0,0.0,1.0,2.3313802756181805,1,-0.0026342505280521453,0.010379441597394568,0.0042008401680335705,0.03532692963979183,-0.11585278398880558,1.451057209081177,-0.0045286473321546755,-0.003120929556610836,0.0075305817780682155,0.004668072887282917,0.0028625088907852985,-0.001666138441369377
2015-03-31,2015-04-01,2015-05-04,0.061354481319964606,-0.034046241958148,0.19047619047619038,0.522089022089022,0.36691086691086694,0.15517815517815509,0.5,0.5,1.0,0.0,0.0,0.0,1.0,0.0,0.0,0.0,0.0,0.0,1.0,2.251162703915803,1,-0.012873487228209161,0.009500851121819975,0.09960159362549792,0.03417887908780345,-0.11585278398880558,1.3946170916707816,-0.034046241958148,-0.024412609139444767,0.006625024679954829,0.004486504179867612,0.002138520500087217,-0.031907721458060784
2015-04-30,2015-05-04,2015-06-01,-0.0688394047245391,0.00925524404621693,0.13530655391120505,0.3849160619603229,0.29891867391867394,0.08599738804164903,0.49999999999999994,0.5000000000000001,0.9898556369861695,0.04057745205532153,1.0,0.0,0.9796658444914259,0.08133662203429642,1.0,0.0,2.0,0.0,0.9948453608247423,2.222434179834139,1,-0.0018696304136560868,0.009839156200071697,-0.07282608695652182,-0.016218265866439992,-0.11585278398880558,1.4092546588456094,0.00925524404621693,0.006567474507267807,0.006932938357030352,0.004533593453837632,0.0023993449031927197,0.01165458894940965
2015-05-29,2015-06-01,2015-07-01,-0.059449313817894346,-0.036712986957474186,0.24242424242424243,0.36058515128282553,0.2721791836570531,0.08840596762577242,0.49999999999999994,0.5,1.0,0.0,0.0,0.0,1.0,0.0,0.0,0.0,2.0,0.0,0.9947368421052631,2.2335159646197913,1,-0.026015829062633607,0.010676335957019667,0.008401719421649023,-0.001174357897578556,-0.11585278398880558,1.3602847923864185,-0.036712986957474186,-0.026989191647924463,0.0072614287203710765,0.0043760566561969905,0.002885372064174086,-0.0338276148933001
2015-06-30,2015-07-01,2015-08-03,-0.0770809423537077,0.013087895184832459,0.1111111111111111,0.3344155844155841,0.2293290043290043,0.10508658008657985,0.49999999999999994,0.49999999999999983,1.0,0.0,0.0,0.0,1.0,0.0,0.0,0.0,2.0,0.0,0.9946808510638298,2.324721058099606,1,0.0034804755345573812,0.01179043542335334,-0.05250920364270495,-0.004827988727266078,-0.11585278398880558,1.3684808807305504,0.013087895184832459,0.009563812961599881,0.008067492726173627,0.0044024235957921855,0.0036650691303814417,0.0167529643152139
2015-07-31,2015-08-03,2015-09-01,-0.11099658257938479,0.041455287300367176,0.10852713178294589,0.21822582460880333,0.1442980974895868,0.07392772711921652,0.5,0.49999999999999994,0.9973404255319149,0.010638297872340434,1.0,0.0,1.0,0.0,0.0,0.0,2.0,0.0,0.9945054945054945,2.2686702054346717,1,0.019784724948330282,0.011074878415799239,-0.09427402862985679,-0.01134862287053802,-0.11585278398880558,1.3500433752984824,0.041455287300367176,0.03070663362293955,0.007475783118742955,0.004343109863240548,0.0031326732555024073,0.04458796055586958
2015-08-31,2015-09-01,2015-10-01,0.014506758225885407,0.07352889954122394,0.0606060606060606,0.0923597678916826,0.04292929292929293,0.04943047496238967,0.5,0.5,1.0,0.0,0.0,0.0,1.0,0.0,0.0,0.0,0.0,0.0,1.0,2.2496291032323605,1,0.05605524684840474,0.011074875956177843,-0.015353352901332107,-0.043206587001410966,-0.11585278398880558,1.2713789580087502,0.07352889954122394,0.05783397552558667,0.007040182126620774,0.004090045248526543,0.002950136878094231,0.07647903641931816
2015-09-30,2015-10-01,2015-11-03,0.020137417073691193,-0.04439781031553083,0.15686274509803916,0.33092301138724506,0.2371883204173567,0.09373469096988836,0.5,0.49999999999999994,0.9818381053817417,0.07264757847303364,2.0,0.0,0.9791889483065952,0.08324420677361849,1.0,0.0,2.0,0.0,0.9946236559139785,2.2984674352633894,1,-0.03299902574877788,0.011077686139502774,0.03187342352671396,-0.029462618892710978,-0.11585278398880558,1.210024885498404,-0.04439781031553083,-0.036691650599601985,0.006702137951269549,0.003892668273575091,0.0028094696776944576,-0.041588340637836375
2015-10-30,2015-11-03,2015-12-01,-0.015074697698042682,0.02061936549817803,0.16666666666666682,0.2804566313953048,0.2047231535851031,0.07573347781020166,0.49999999999999994,0.5000000000000001,1.0,0.0,0.0,0.0,1.0,0.0,0.0,0.0,0.0,0.0,1.0,2.3197174130777283,1,0.014418402287509917,0.01055176109653888,-0.022222222222222254,-0.09210783207752464,-0.11585278398880558,1.2134100162318968,0.02061936549817803,0.016992908598372266,0.006401806301713171,0.0039035582901078883,0.002498248011605283,0.023117613509783315
2015-11-30,2015-12-01,2016-01-04,0.009815321328727594,0.05290441983730219,0.1818181818181818,0.2551433163815396,0.17605650667561837,0.07908680970592118,0.5,0.49999999999999983,1.0,0.0,0.0,0.0,1.0,0.0,0.0,0.0,1.0,0.0,0.9971910112359551,2.3058638481825477,1,0.03655742082163977,0.011613030888727227,-0.06818181818181823,-0.09477011035878541,-0.11585278398880558,1.1900273402146673,0.05290441983730219,0.04445647427542197,0.006909912130171415,0.0038283358693342313,0.003081576260837184,0.05598599609813937
2015-12-30,2016-01-04,2016-02-01,-0.09556014897191852,-0.033273199552985584,0.11463046757164404,0.4386018273636041,0.28786966360990585,0.15073216375369816,0.5,0.49999999999999983,1.0,0.0,0.0,0.0,1.0,0.0,0.0,0.0,0.0,0.0,1.0,2.2023688779510784,1,-0.022758867555251264,0.010548946427317851,-0.04390243902439017,-0.13008500605334689,0.13008500605334689,1.1687143316477955,-0.033273199552985584,-0.028469916601495754,0.006164352436695589,0.003759771599907224,0.002404580836788365,-0.03086861871619722
2016-01-29,2016-02-01,2016-03-01,0.06990233746420434,0.011896524775044073,0.1666666666666666,0.2736500364407342,0.15646574570993177,0.11718429073080244,0.49999999999999994,0.5,0.9941860465116279,0.02325581395348838,1.0,0.0,1.0,0.0,0.0,0.0,1.0,0.0,0.9969512195121951,2.190077877037266,1,0.0008556966906898395,0.0100148561151443,0.07168367346938753,-0.10014218650498377,0.13008500605334689,1.168540710974315,0.011896524775044073,0.01018066778788126,0.005851383542548092,0.003759213059586779,0.0020921704829613133,0.013988695258005387
2016-02-29,2016-03-01,2016-04-01,0.14938249906162013,0.0671123713229462,0.1212121212121212,0.19591261451726572,0.11174242424242425,0.08417019027484146,0.5,0.5000000000000001,1.0,0.0,0.0,0.0,1.0,0.0,0.0,0.0,0.0,0.0,1.0,2.2598823451345793,1,0.04100788627552298,0.011605298957283905,0.14544156153296828,-0.06050994637922909,0.13008500605334689,1.1198898724168418,0.0671123713229462,0.05992765268794738,0.006498328384315991,0.0036027025795089306,0.00289562580480706,0.07000799712775327
2016-03-31,2016-04-01,2016-05-02,0.05556117321441639,0.04619019562962695,0.30769230769230765,0.5964646464646464,0.4213383838383839,0.1751262626262625,0.49999999999999994,0.5,1.0,0.0,0.0,0.0,1.0,0.0,0.0,0.0,0.0,0.0,1.0,2.250945072498057,1,0.030742898562508548,0.010544726459726705,0.08790523690773067,0.04684110077635607,0.13008500605334689,1.095123971284572,0.04619019562962695,0.04217805183777158,0.005773891358342708,0.003523030302715734,0.0022508610556269738,0.048441056685253926
2016-04-29,2016-05-02,2016-06-01,-0.017157305323848553,-0.026311105183277315,0.30303030303030326,0.29629629629629634,0.28472222222222215,0.011574074074074132,0.49999999999999983,0.5,1.0,0.0,0.0,0.0,1.0,0.0,0.0,0.0,0.0,0.0,1.0,2.2746999990311583,1,-0.010278247072194721,0.011074872042450057,-0.10143266475644708,0.058400089426766985,0.13008500605334689,1.120903816801113,-0.026311105183277315,-0.023473115881044247,0.006206933171483103,0.003605964453858065,0.0026009687176250383,-0.023710136465652277
2016-05-31,2016-06-01,2016-07-01,0.09640767714714037,0.02723642074004398,0.24242424242424243,0.28484848484848474,0.22112794612794615,0.06372053872053855,0.49999999999999994,0.49999999999999994,1.0,0.0,0.0,0.0,1.0,0.0,0.0,0.0,0.0,0.0,1.0,2.2775267118338474,1,0.016047314366557843,0.01160529755575812,0.06462585034013602,0.07297587468262379,0.13008500605334689,1.1137741502382865,0.02723642074004398,0.024454168499257127,0.006462840211713481,0.0035830282091883093,0.0028798120025251717,0.03011623274256915
2016-06-30,2016-07-01,2016-08-01,0.1345499683912519,0.012080236821942737,0.181818181818182,0.3377104377104376,0.2267255892255892,0.11098484848484841,0.5,0.49999999999999994,1.0,0.0,0.0,0.0,1.0,0.0,0.0,0.0,1.0,0.0,0.9969879518072289,2.271345678798506,1,-0.0037066893178178697,0.011074869886563032,0.11122204472843444,0.07115060494376726,0.13008500605334689,1.1225284320389672,0.012080236821942737,0.010761631043946143,0.006215928164399587,0.0036111908655368265,0.0026047372988627603,0.014684974120805497
2016-07-29,2016-08-01,2016-09-01,0.02648924004088864,0.02897504784382759,0.33333333333333354,0.42962962962962975,0.3189814814814815,0.11064814814814826,0.5,0.49999999999999994,1.0,0.0,0.0,0.0,1.0,0.0,0.0,0.0,0.0,0.0,1.0,2.2597211472144525,1,0.023055111736713322,0.012136000032068273,0.016172506738544534,0.03934430074006888,0.13008500605334689,1.1516812576573434,0.02897504784382759,0.02515891237369468,0.006988401889930973,0.0037049759444469825,0.00328342594548399,0.032258473789311584
2016-08-31,2016-09-01,2016-10-03,0.0380556569045463,0.012346723267360867,0.3636363636363636,0.2390572390572391,0.1820286195286195,0.057028619528619616,0.49999999999999983,0.49999999999999994,1.0,0.0,0.0,0.0,1.0,0.0,0.0,0.0,1.0,0.0,0.9969879518072289,2.237461739432556,1,0.009632317388518944,0.011074869449589686,0.007780725022104473,0.03372468325645577,0.13008500605334689,1.1599186929430039,0.012346723267360867,0.010644473050118832,0.006422974048241235,0.0037314758977755546,0.0026914981504656808,0.015038221417826547
2016-09-30,2016-10-03,2016-11-01,0.0643593138919376,0.018701598680239864,0.3030303030303032,0.28577441077441074,0.1666967291967292,0.1190776815776815,0.5,0.49999999999999994,1.0,0.0,0.0,0.0,1.0,0.0,0.0,0.0,0.0,0.0,1.0,2.3204872954110143,1,0.002341874247015495,0.010465588241214796,0.10545709773644485,0.03375434771642696,0.13008500605334689,1.1644641492885988,0.018701598680239864,0.016060261444429316,0.006093401154055474,0.0037460986992711863,0.002347302454784288,0.021048901135024153
2016-10-31,2016-11-01,2016-12-01,-0.07977884810034083,0.019430956346811107,0.16666666666666682,0.17676767676767666,0.08838383838383838,0.08838383838383827,0.49999999999999983,0.5000000000000001,1.0,0.0,0.0,0.0,1.0,0.0,0.0,0.0,0.0,0.0,1.0,2.3419414858021623,1,0.024333038739397277,0.0103600668732724,-0.058730158730158744,0.014018842516898528,0.13008500605334689,1.1640094679047148,0.019430956346811107,0.016693125685470555,0.006029607964307536,0.003744635982414004,0.002284971981893532,0.02171592832870464
2016-11-30,2016-12-01,2017-01-02,-0.0012727420591172062,0.011372260987038144,0.14814814814814822,0.10185185185185193,0.05092592592592592,0.05092592592592602,0.5,0.49999999999999994,1.0,0.0,0.0,0.0,1.0,0.0,0.0,0.0,0.0,0.0,1.0,2.323500724936763,1,0.012457915240102988,0.011217621631425923,-0.022091062394603678,-0.014776738410017393,0.13008500605334689,1.1865634973491388,0.011372260987038144,0.009584199254776105,0.006655210177462046,0.0038171926346876666,0.0028380175427743792,0.014210278529812524
2016-12-29,2017-01-02,2017-02-01,0.08351237365604032,-0.0013102124407530485,0.2777777777777778,0.4503367003367002,0.27946127946127947,0.17087542087542074,0.5,0.49999999999999983,1.0,0.0,0.0,0.0,1.0,0.0,0.0,0.0,2.0,0.0,0.9943181818181818,2.2022397319848426,1,-0.012341768343843087,0.010819091947400938,0.08639420589756841,-0.013741649341833669,0.13008500605334689,1.1876714176168661,-0.0013102124407530485,-0.0011031775466838027,0.006424763135248444,0.003820756830868686,0.0026040063043797582,0.0012937938636267098
2017-01-31,2017-02-01,2017-03-01,0.12907561628797667,0.03564851794476142,0.33333333333333326,0.31237131662663586,0.23718798931564888,0.07518332731098697,0.5,0.49999999999999983,0.9941352973267868,0.023458810692853275,1.0,0.0,0.9877364066193853,0.04905437352245859,1.0,0.0,1.0,0.0,0.9970588235294118,2.2300791036972236,1,0.025878466279355607,0.008611440762927636,0.03365079365079371,-0.04413481450472113,0.13008500605334689,1.1782324315952932,0.03564851794476142,0.030255929975119035,0.005073139394821526,0.0037903914707333353,0.0012827479240881908,0.03693126586884961
2017-02-24,2017-03-01,2017-04-03,-0.02568589408484422,-0.009996665396961629,0.4848484848484847,0.7171022830597297,0.500807033785757,0.2162952492739727,0.49999999999999994,0.49999999999999983,1.0,0.0,0.0,0.0,1.0,0.0,0.0,0.0,0.0,0.0,1.0,2.1780689770136066,1,-0.0036251674525511536,0.010504155058322473,-0.03716216216216217,-0.04200935889680736,0.13008500605334689,1.181721692315961,-0.009996665396961629,-0.008459407542371478,0.006206493945935045,0.0038016164750025497,0.0024048774709324954,-0.007591787926029133
2017-03-31,2017-04-03,2017-05-02,0.03711928620266148,-0.004719278731010322,0.2777777777777778,0.42470862470862464,0.33933843933843927,0.08537018537018536,0.49999999999999983,0.5,1.0,0.0,0.0,0.0,1.0,0.0,0.0,0.0,0.0,0.0,1.0,2.27113863851493,1,-0.005578648621015096,0.007817125697231697,0.0121212121212122,-0.010414399333885218,0.13008500605334689,1.1792711244898453,-0.004719278731010322,-0.0040018606688533055,0.004609255305626445,0.003793732961412634,0.0008155223442138106,-0.0039037563867965115
2017-04-28,2017-05-02,2017-06-01,-0.06671275174925544,-0.0394027694058221,0.2127659574468085,0.3832167832167832,0.343989343989344,0.03922743922743926,0.4999999999999998,0.5000000000000001,1.0,0.0,0.0,0.0,1.0,0.0,0.0,0.0,1.0,0.0,0.9973118279569892,2.1876994835202166,1,-0.029456651300354946,0.009219711362202343,-0.04034037188780337,-0.008863285885561423,0.13008500605334689,1.1353848566962397,-0.0394027694058221,-0.034704328821574114,0.005233960331877401,0.003652550177212769,0.001581410154664632,-0.03782135925115747
2017-05-31,2017-06-01,2017-07-03,0.05166217334154674,0.032100097471558925,0.0606060606060606,0.19090909090909092,0.1424242424242424,0.0484848484848485,0.49999999999999983,0.49999999999999983,1.0,0.0,0.0,0.0,1.0,0.0,0.0,0.0,1.0,0.0,0.9973958333333334,2.1591071919032356,1,0.027647693668105044,0.008080987710124887,0.0064039408866995995,0.050480800220670675,0.13008500605334689,1.1270804690557565,0.032100097471558925,0.028480750357116637,0.004553961709380679,0.003625834837150762,0.0009281268722299168,0.03302822434378884
2017-06-30,2017-07-03,2017-08-01,0.11139972518066998,0.05434792102941197,0.2222222222222222,0.2920520703129397,0.195100109230544,0.09695196108239575,0.5,0.49999999999999983,1.0,0.0,0.0,0.0,1.0,0.0,0.0,0.0,1.0,0.0,0.9973958333333334,2.195119282128102,1,0.04398559997481622,0.00793505064361355,0.04454233969652477,0.05342343889277804,0.13008500605334689,1.0917645756008256,0.05434792102941197,0.04977989050386888,0.004331603599147901,0.0035122230762254128,0.0008193805229224885,0.055167301552334465
2017-07-31,2017-08-01,2017-09-01,0.10184751827491678,0.022139519153848857,0.24242424242424243,0.23907976081889118,0.17975068409851017,0.05932907672038099,0.5,0.49999999999999994,1.0,0.0,0.0,0.0,1.0,0.0,0.0,0.0,0.0,0.0,1.0,2.225952253864001,1,0.010180216908424687,0.00801452050194662,0.07747578881599515,0.11220473541478179,0.13008500605334689,1.0928424791463136,0.022139519153848857,0.02025865536554124,0.00437930422725815,0.003515690708159088,0.0008636135190990624,0.02300313267294792
2017-08-31,2017-09-01,2017-10-02,0.052900989003145216,0.008502617719155633,0.2777777777777778,0.24422799422799416,0.17211399711399708,0.07211399711399709,0.5,0.5,1.0,0.0,0.0,0.0,1.0,0.0,0.0,0.0,1.0,0.0,0.9974747474747475,2.2168810909610923,1,0.00280843503658813,0.006340428944008547,0.037982023775007034,0.07290374811252064,0.13008500605334689,1.0972072679953677,0.008502617719155633,0.007749326829278285,0.003478382359787186,0.0035297322995983993,-5.134993981121324e-05,0.00845126777934442
2017-09-29,2017-10-02,2017-11-01,0.01058591532006251,0.005681213698670408,0.3333333333333333,0.4848484848484846,0.35984848484848486,0.12499999999999979,0.49999999999999983,0.49999999999999983,1.0,0.0,0.0,0.0,1.0,0.0,0.0,0.0,0.0,0.0,1.0,2.191360666494687,1,0.0036853194952627135,0.006403700615894792,0.01131284916201114,0.06708334077606819,0.13008500605334689,1.1016612521778555,0.005681213698670408,0.005156951546983533,0.003527354419539379,0.0035440608337682007,-1.670641422882183e-05,0.005664507284441586
2017-10-31,2017-11-01,2017-12-01,-0.03241574675254438,-0.0011482142204978425,0.33333333333333326,0.34645909645909634,0.2417480667480667,0.10471102971102964,0.49999999999999983,0.5000000000000001,1.0,0.0,0.0,0.0,1.0,0.0,0.0,0.0,0.0,0.0,1.0,2.203074517082107,1,0.005548034993493672,0.005674522127418591,-0.05040740229250096,0.07090993079442875,0.13008500605334689,1.137733150952547,-0.0011482142204978425,-0.0010092122388598067,0.0032280459700889524,0.0036601046751888835,-0.00043205870509993105,-0.0015802729255977735
2017-11-30,2017-12-01,2018-01-02,0.11900415678124558,0.05356516317450543,0.3333333333333333,0.4039294039294037,0.3218967734815941,0.08203263044780958,0.5,0.49999999999999994,1.0,0.0,0.0,0.0,1.0,0.0,0.0,0.0,0.0,0.0,1.0,2.20032433277902,1,0.0372076033597187,0.005357961454301119,0.07620709714950546,0.04908606641945049,0.13008500605334689,1.1367576784535125,0.05356516317450543,0.04712100405372011,0.003045351912017372,0.003656966565473748,-0.0006116146534563757,0.052953548521049054
2017-12-28,2018-01-02,2018-02-01,0.06826070051452666,0.028996674447228615,0.3333333333333334,0.24678809361845225,0.19227994227994225,0.05450815133851001,0.5,0.49999999999999994,1.0,0.0,0.0,0.0,1.0,0.0,0.0,0.0,0.0,0.0,1.0,2.239017968168662,1,0.01148773077533865,0.005833860500798371,0.10837837837837827,0.10034115282156794,0.13008500605334689,1.1332964889007044,0.028996674447228615,0.025586132782741907,0.003305746811145649,0.0036458318665741497,-0.0003400850554285007,0.028656589391800116
2018-01-31,2018-02-01,2018-03-01,-0.02923346493153592,-0.004320631427206652,0.25,0.26029434132556994,0.20069540124488514,0.059598940080684844,0.5,0.49999999999999994,1.0,0.0,0.0,0.0,1.0,0.0,0.0,0.0,0.0,0.0,1.0,2.2078351134014413,1,-0.004556941590401323,0.0046399365258855685,0.00585223116313105,0.05601161048002947,0.13008500605334689,1.1383101184192221,-0.004320631427206652,-0.0037956540641198356,0.0026408433481192374,0.003661960788215422,-0.0010211174400961845,-0.005341748867302837
2018-02-28,2018-03-01,2018-04-02,-0.02448858866730046,0.004287927646410169,0.17777777777777784,0.28885087963193207,0.21046666809123682,0.07838421154069525,0.5,0.5,0.9973404255319149,0.010638297872340429,1.0,0.0,1.0,0.0,0.0,0.0,1.0,0.0,0.9977876106194691,2.2806376194856735,1,0.004069413295564559,0.00530620535449855,-0.00242424242424244,0.07125651082131436,0.13008500605334689,1.1422120456412266,0.004287927646410169,0.003754055705132201,0.003030405836277109,0.003674513346832132,-0.0006441075105550228,0.003643820135855146
2018-03-29,2018-04-02,2018-05-02,0.05263941274490532,0.048339806833507325,0.1777777777777778,0.2906739537058685,0.22908272283272288,0.06159123087314561,0.5000000000000001,0.5,1.0,0.0,0.0,0.0,1.0,0.0,0.0,0.0,0.0,0.0,1.0,2.2506252680537813,1,0.041638660637625516,0.0051751262827499644,0.0015795868772783273,0.0720431544855058,0.13008500605334689,1.1552347697947147,0.048339806833507325,0.041844141206118055,0.0029892429099556165,0.003716407646491038,-0.0007271647365354214,0.047612642096971906
2018-04-30,2018-05-02,2018-06-01,-0.0719131319447629,-0.0009783539360398372,0.16666666666666666,0.30758547008546994,0.2371260683760684,0.07045940170940151,0.5000000000000001,0.5,1.0,0.0,0.0,0.0,1.0,0.0,0.0,0.0,1.0,0.0,0.9977678571428571,2.2491046738425844,1,0.011270127446580222,0.00517512915838636,-0.093169962392333,0.03427276074055826,0.13008500605334689,1.1511567523209372,-0.0009783539360398372,-0.0008498876752165169,0.002978692437404714,0.0037032886028833356,-0.0007245961654786218,-0.001702950101518459
2018-05-30,2018-06-01,2018-07-02,-0.05081750308983433,-0.009340872041671187,0.14814814814814822,0.252205882352941,0.15388071895424837,0.09832516339869264,0.5000000000000001,0.5,1.0,0.0,0.0,0.0,1.0,0.0,0.0,0.0,0.0,0.0,1.0,2.244504243345749,1,0.0010861111200940862,0.005175127953596537,-0.06903010033444812,0.024973421449389476,0.13008500605334689,1.183337048580732,-0.009340872041671187,-0.00789366989977574,0.0030619603193182843,0.003806813100425511,-0.0007448527811072265,-0.010085724822778414
2018-06-29,2018-07-02,2018-08-01,-0.005022682210830166,-0.01587219568627502,0.126984126984127,0.1715569561157797,0.10613328664799253,0.06542366946778717,0.5,0.5,0.996031746031746,0.015873015873015883,1.0,0.0,0.9914021164021163,0.03439153439153442,1.0,0.0,2.0,0.0,0.995575221238938,2.266061776968104,1,-0.025643090586890623,0.005422231405763034,0.09225463428653535,0.04018829680053458,0.13008500605334689,1.1634676663690193,-0.01587219568627502,-0.013642145927277369,0.003154295460087962,0.0037428929987168478,-0.0005885975386288856,-0.016460793224903906
2018-07-31,2018-08-01,2018-09-03,-0.0005995285312590416,0.015454707705776508,0.13276836158192087,0.23737380331348445,0.13889788966434033,0.09847591364914414,0.5000000000000002,0.5,0.9934899845916796,0.026040061633282006,1.0,0.0,0.9858420769437718,0.056631692224912614,1.0,0.0,4.0,0.0,0.990990990990991,2.1857039547129338,1,0.017206582317034716,0.005669392098232251,-0.030916984607288645,-0.044890614497929415,0.13008500605334689,1.1721657350316121,0.015454707705776508,0.01318474618724434,0.0033227335780034103,0.0037708748165538476,-0.0004481412385504372,0.015006566467226071
2018-08-31,2018-09-03,2018-10-01,-0.008260847387345593,-0.004142596262497768,0.1851851851851853,0.18600792140173983,0.1370862437662039,0.048921677635535954,0.5000000000000001,0.49999999999999994,1.0,0.0,0.0,0.0,1.0,0.0,0.0,0.0,1.0,0.0,0.9977678571428571,2.2502899765653583,1,-0.008829823952516984,0.0046814831535106904,0.04194949769209888,-0.05223522794820425,0.13008500605334689,1.2282280762163467,-0.004142596262497768,-0.0033728232913054403,0.002874964523737835,0.003951228212163781,-0.0010762636884259456,-0.005218859950923713
2018-09-28,2018-10-01,2018-11-01,0.12814104284983038,-0.02190380590411017,0.21164021164021177,0.2306013431013432,0.15376221001221002,0.07683913308913318,0.5,0.5000000000000001,1.0,0.0,0.0,0.0,1.0,0.0,0.0,0.0,0.0,0.0,1.0,2.2670818254751963,1,-0.030285186367312266,0.005430480057369236,0.10110749185667767,-0.06340693557799543,0.13008500605334689,1.2784856533272508,-0.02190380590411017,-0.01713261767709763,0.0034713954220131574,0.00411290759435747,-0.0006415121723443128,-0.022545318076454483
2018-10-31,2018-11-01,2018-12-03,0.029795317194699546,-0.009689407355357126,0.21610169491525424,0.17400793650793656,0.1126449938949939,0.06136294261294264,0.5000000000000002,0.5000000000000001,1.0,0.0,0.0,0.0,1.0,0.0,0.0,0.0,0.0,0.0,1.0,2.2987559447147623,1,-0.013171931648073192,0.004935582723077481,0.04248017986037134,-0.1032044096116443,0.13008500605334689,1.267268851486451,-0.009689407355357126,-0.007645897193789522,0.003127355124445385,0.004076822973966646,-0.0009494678495212609,-0.010638875204878388
2018-11-30,2018-12-03,2019-01-02,-0.007838637742556226,-0.03757657691873417,0.15686274509803932,0.250686813186813,0.1520528083028083,0.09863400488400471,0.5,0.5,1.0,0.0,0.0,0.0,1.0,0.0,0.0,0.0,0.0,0.0,1.0,2.197933220083631,1,-0.02478392941722482,0.0049355815906149125,-0.039727582292849006,-0.1056611209436734,0.13008500605334689,1.2545643750143194,-0.03757657691873417,-0.02995189220027492,0.003096002416780989,0.004035952481889883,-0.0009399500651088937,-0.038516526983843065
2018-12-28,2019-01-02,2019-02-01,0.12606002612566022,0.02858045697204939,0.1428571428571429,0.24085775335775342,0.16209554334554332,0.0787622100122101,0.49999999999999994,0.5,1.0,0.0,0.0,0.0,1.0,0.0,0.0,0.0,0.0,0.0,1.0,2.209142629668439,1,0.007375095755602456,0.0054304775314564235,0.11229314420803793,-0.04992305627219511,0.13008500605334689,1.3001310956311458,0.02858045697204939,0.021982750099654426,0.00353016635138638,0.00418254130812127,-0.0006523749567348904,0.0279280820153145
2019-01-31,2019-02-01,2019-03-01,-0.0028511114224105023,0.004450642072367761,0.2083333333333334,0.18888888888888908,0.13290598290598293,0.055982905982906124,0.5000000000000001,0.5000000000000002,1.0,0.0,0.0,0.0,1.0,0.0,0.0,0.0,0.0,0.0,1.0,2.137946974027402,1,0.0057776200973922625,0.004935584456412068,-0.018065887353878707,-0.0012823188400477087,0.13008500605334689,1.2985025119715046,0.004450642072367761,0.003427519031603868,0.003204434407349293,0.004177302129969877,-0.0009728677226205837,0.0034777743497471777
2019-02-28,2019-03-01,2019-04-01,-0.02248512491167441,-0.0009590588376765365,0.19607843137254907,0.11611721611721615,0.09069581548395107,0.025421400633265066,0.49999999999999994,0.5,1.0,0.0,0.0,0.0,1.0,0.0,0.0,0.0,0.0,0.0,1.0,2.11286412040417,1,-0.0014154283440003248,0.00468822755862508,0.005627705627705648,-0.014397420174867025,0.13008500605334689,1.4034701560642167,-0.0009590588376765365,-0.0006833482233537812,0.0032898937316840514,0.004514984621304192,-0.0012250908896201404,-0.0021841497272966767
2019-03-29,2019-04-01,2019-05-02,-0.028943861483454025,-0.010518592637788362,0.1333333333333334,0.31393467643467604,0.16135026696467375,0.15258440947000232,0.49999999999999994,0.49999999999999983,1.0,0.0,0.0,0.0,1.0,0.0,0.0,0.0,1.0,0.0,0.9978448275862069,2.198297975270579,1,-0.006220314379670476,0.005183004504666133,-0.007856220404649172,-0.015222841263796692,0.13008500605334689,1.452384727872077,-0.010518592637788362,-0.007242290858565691,0.0037638582935346342,0.004672343535219039,-0.0009084852416844048,-0.011427077879472766
2019-04-30,2019-05-02,2019-06-03,0.03987130725702343,0.015873210303870067,0.1428571428571429,0.23196241920648827,0.14458826498441726,0.08737415422207101,0.49999999999999994,0.5000000000000001,1.0,0.0,0.0,0.0,1.0,0.0,0.0,0.0,2.0,0.0,0.9957264957264957,2.1757701212644016,1,0.007983461405187834,0.005430481280309873,0.019741837509491322,-0.0117134196944729,0.13008500605334689,1.5043446218388163,0.015873210303870067,0.010551578457114203,0.004084657654015265,0.004839499296366336,-0.0007548416423510708,0.015118368661518996
2019-05-31,2019-06-03,2019-07-01,0.08986667367034955,0.033757536217445115,0.2222222222222222,0.2800412101705485,0.2319019808362521,0.04813922933429641,0.5000000000000002,0.49999999999999994,0.9978813559322036,0.008474576271186446,1.0,0.0,0.9957627118644067,0.016949152542372864,1.0,0.0,1.0,0.0,0.9978260869565218,2.1640360470705122,1,0.016032217549170825,0.004688230633274948,0.04882459312839038,-0.009403598325731522,0.13008500605334689,1.50813939398662,0.033757536217445115,0.022383565041829687,0.003535252653068393,0.004851707135496119,-0.0013164544824277257,0.03244108173501739
2019-06-28,2019-07-01,2019-08-01,0.06701150324350147,-0.019267330878151363,0.125,0.23141310196394974,0.12852706380248755,0.1028860381614622,0.5000000000000001,0.5000000000000001,1.0,0.0,0.0,0.0,1.0,0.0,0.0,0.0,0.0,0.0,1.0,2.17215083927007,1,-0.012949225322087041,0.005659221629623845,-0.00020283975659229903,0.017088074023203656,0.13008500605334689,1.4848880557264224,-0.019267330878151363,-0.01297561173305121,0.004201655301268534,0.004776907230264128,-0.0005752519289955937,-0.019842582807146958
2019-07-31,2019-08-01,2019-09-02,0.017686073697447846,-0.058483182649038325,0.16666666666666677,0.24775641025641004,0.16050824175824177,0.0872481684981683,0.5,0.5,1.0,0.0,0.0,0.0,1.0,0.0,0.0,0.0,0.0,0.0,1.0,2.233590788195015,1,-0.04083123133886063,0.005017114026254488,-0.010752688172043001,0.03455525221911075,0.13008500605334689,1.384873070999794,-0.058483182649038325,-0.042229994844810596,0.003474033054547597,0.004455157518672797,-0.0009811244641252,-0.05946430711316353
2019-08-30,2019-09-02,2019-10-01,0.03749210081726844,0.03883148834286996,0.23276836158192085,0.40396825396825403,0.28531746031746025,0.11865079365079369,0.5,0.5,1.0,0.0,0.0,0.0,1.0,0.0,0.0,0.0,0.0,0.0,1.0,2.2410287387734504,1,0.02385833492071174,0.004618699183855934,0.03568498769483197,0.10009984993159032,0.13008500605334689,1.3624884389759766,0.03883148834286996,0.028500416761007567,0.0031464621205557447,0.0043831458204515025,-0.0012366836998957578,0.037594804642974204
2019-09-30,2019-10-01,2019-11-01,0.03798926473473874,-0.024019884987327978,0.16666666666666666,0.2561813186813186,0.1863657176157176,0.06981560106560102,0.5000000000000001,0.5,1.0,0.0,0.0,0.0,1.0,0.0,0.0,0.0,0.0,0.0,1.0,2.223598080560186,1,-0.013714876342348914,0.004773723371155114,0.028217821782178243,0.14695717563992458,-0.14695717563992458,1.3447712973606107,-0.024019884987327978,-0.01786168773416857,0.0032097830855344657,0.004326149509143273,-0.0011163664236088075,-0.025136251410936786
2019-10-31,2019-11-01,2019-12-02,0.04549176973997984,0.02225978956687427,0.16666666666666666,0.21893337082768816,0.16688965460151903,0.05204371622616913,0.5,0.5000000000000001,0.9954303755400465,0.01827849783981389,1.0,0.0,1.0,0.0,0.0,0.0,2.0,0.0,0.9958677685950413,2.2195391052642175,1,0.017508607761995552,0.003803831092924481,0.007221954742417047,0.13258064580966344,-0.13258064580966344,1.3449116731448434,0.02225978956687427,0.016551116338237738,0.0025579084197727216,0.004326601100154508,-0.0017686926803817866,0.02049109688649248
2019-11-29,2019-12-02,2020-01-02,0.14064499994971777,0.0027580019942393744,0.08333333333333341,0.14072366234629452,0.08226659307790914,0.05845706926838539,0.5,0.5,1.0,0.0,0.0,0.0,1.0,0.0,0.0,0.0,0.0,0.0,1.0,2.2363940670871987,1,0.011999472727547764,0.0037279409341381964,0.07504780114722753,0.10065786948813167,-0.13258064580966344,1.3456380645218688,0.0027580019942393744,0.0020495867848531364,0.002508229611632785,0.004328937912150221,-0.0018207083005174363,0.000937293693721938
2019-12-30,2020-01-02,2020-02-03,-0.0028265391259578595,-0.023747274470847648,0.11764705882352937,0.21936274509803913,0.13520954156310414,0.08415320353493501,0.5000000000000001,0.5,1.0,0.0,0.0,0.0,1.0,0.0,0.0,0.0,0.0,0.0,1.0,2.206110396208124,1,-0.02114252130340712,0.003766235786434091,-0.024455313472654505,0.10213559968486742,-0.13258064580966344,1.3266470694148094,-0.023747274470847648,-0.017900220049724823,0.0024982328343989835,0.0042678435949813475,-0.001769610760582364,-0.02551688523143001
2020-01-31,2020-02-03,2020-03-02,-0.09152344070425472,0.021528253535254057,0.14814814814814822,0.16994756060730873,0.1031122406956358,0.0668353199116729,0.5,0.49999999999999994,1.0,0.0,0.0,0.0,1.0,0.0,0.0,0.0,0.0,0.0,1.0,2.1940036718797646,1,0.004520990071786143,0.0029277304696122552,-0.08067456700091169,0.14174561064004668,-0.14174561064004668,1.3492045852493557,0.021528253535254057,0.01595625583445173,0.001975053686987552,0.004340411463024521,-0.0023653577760369693,0.019162895759217088
2020-02-28,2020-03-02,2020-04-01,-0.43450123213815256,0.016237779474534884,0.16666666666666666,0.17399380804953568,0.13144134846921227,0.04255245958032342,0.5,0.5000000000000002,1.0,0.0,0.0,0.0,1.0,0.0,0.0,0.0,0.0,0.0,1.0,2.190296407597361,1,-0.034493134721001,0.0033645394643435633,-0.3280118988596926,0.037347795755279835,-0.14174561064004668,1.3530228891205764,0.016237779474534884,0.012001112180067365,0.0022761494533031635,0.004352695004062813,-0.002076545550759649,0.014161233923775236
2020-03-31,2020-04-01,2020-05-04,0.1480772930110169,-0.00826072410361679,0.27450980392156865,0.4198000671913113,0.3093046713372772,0.11049539585403412,0.5,0.5,0.995579862151633,0.017680551393467202,2.0,0.0,0.9944444444444445,0.022222222222222254,1.0,0.0,2.0,0.0,0.9964788732394366,2.1451311177916823,1,0.009364713887468132,0.0028492611374593135,0.10919285819684243,0.04987703100872843,-0.14174561064004668,1.3513604949609181,-0.00826072410361679,-0.006112894475175325,0.0019251894704949632,0.004347347057023843,-0.0024221575865288796,-0.010682881690145668
2020-04-30,2020-05-04,2020-06-01,0.12627346990160446,0.004323479012597817,0.2807017543859649,0.23705072015380668,0.19444143572702152,0.04260928442678517,0.49999999999999983,0.5,1.0,0.0,0.0,0.0,1.0,0.0,0.0,0.0,1.0,0.0,0.9981884057971014,2.133905454563716,1,0.018936108715167325,0.002329187792233345,0.11214580284688025,0.04948611522949919,-0.14174561064004668,1.4222281970033148,0.004323479012597817,0.0030399334099180005,0.0016563182771150808,0.004575329521407609,-0.0029190112442925285,0.0014044677683052883
2020-05-29,2020-06-01,2020-07-01,0.1544695775070639,-0.038963881710876225,0.375,0.2234262125902993,0.1876012270372277,0.035824985553071606,0.5,0.5,1.0,0.0,0.0,0.0,1.0,0.0,0.0,0.0,0.0,0.0,1.0,2.120207196443698,1,-0.013797682467176199,0.0020941888350856086,0.09904306220095704,0.05482929740933712,-0.14174561064004668,1.399735570918734,-0.038963881710876225,-0.027836601798510982,0.0014656553023450964,0.0045029704046669885,-0.003037315102321892,-0.04200119681319812
2020-06-30,2020-07-01,2020-08-03,0.056940727692900546,-0.024107118756015292,0.07843137254901957,0.1789215686274511,0.11098856209150326,0.0679330065359478,0.5,0.5,1.0,0.0,0.0,0.0,1.0,0.0,0.0,0.0,0.0,0.0,1.0,2.114477207628286,1,-0.0036498990605541037,0.0019433895950817792,0.08794079233783192,0.042689210835086575,-0.14174561064004668,1.4959316593080774,-0.024107118756015292,-0.016115120370649626,0.0014535890108263692,0.004812434669247781,-0.003358845658421412,-0.027465964414436703
2020-07-31,2020-08-03,2020-09-01,-0.0367235438858598,-0.01682944254754637,0.14035087719298237,0.1379629629629631,0.0898148148148148,0.048148148148148294,0.5,0.5,1.0,0.0,0.0,0.0,1.0,0.0,0.0,0.0,0.0,0.0,1.0,2.1452674504929874,1,-0.015957938311785075,0.0015891896058524146,-0.033813525410164025,0.03991596509110881,-0.14174561064004668,1.5073366007618216,-0.01682944254754637,-0.01116501950462864,0.0011977218292257988,0.00484912453760589,-0.0036514027083800913,-0.02048084525592646
2020-08-31,2020-09-01,2020-10-01,-0.053601894769023196,0.036168720765429464,0.125,0.12132352941176487,0.09191176470588235,0.029411764705882526,0.5,0.5,1.0,0.0,0.0,0.0,1.0,0.0,0.0,0.0,0.0,0.0,1.0,2.1358905458060744,1,0.0167650801810823,0.0015697104905443293,-0.05425553944916128,0.04339866963573519,-0.14174561064004668,1.4789566764793431,0.036168720765429464,0.024455564750908806,0.0011607669050651003,0.004757825893929348,-0.003597058988864248,0.03257166177656522
2020-09-30,2020-10-01,2020-11-03,-0.014912748037306474,-0.002042079271237682,0.2352941176470588,0.3837789661319075,0.29560064352648086,0.08817832260542667,0.5000000000000001,0.5,0.995276292335116,0.018894830659536566,1.0,0.0,0.9898897058823529,0.040441176470588286,1.0,0.0,1.0,0.0,0.9982758620689656,2.1092439652464603,1,-0.0002165126668868698,0.0015697095238564884,0.008211079483249506,0.027394413817416093,-0.14174561064004668,1.4793418565784635,-0.002042079271237682,-0.00138039714225403,0.0011610685006553769,0.004759065024107105,-0.003597996523451728,-0.00564007579468941
2020-10-30,2020-11-03,2020-12-01,0.12509287320268034,-0.027236429848540866,0.25925925925925924,0.3093903057497906,0.2389165915845455,0.07047371416524505,0.5000000000000001,0.5000000000000001,1.0,0.0,0.0,0.0,1.0,0.0,0.0,0.0,2.0,0.0,0.9966442953020134,2.1544702335039476,1,0.0034748039878597678,0.0014949081856194812,0.1562601802584429,0.027412190850069268,-0.14174561064004668,1.4584909522848042,-0.027236429848540866,-0.01867439068159699,0.001090155031611253,0.004691987351084004,-0.0036018323194727505,-0.030838262168013615
2020-11-30,2020-12-01,2021-01-04,0.09249369338942463,-0.00697799888214595,0.3111111111111111,0.2530868205675058,0.20707480259098485,0.046012017976521,0.49999999999999994,0.5000000000000001,0.9954920683442761,0.018031726622896017,1.0,0.0,0.9920370370370372,0.0318518518518519,1.0,0.0,1.0,0.0,0.9983333333333333,2.1334940481517846,1,0.0077557388456708,0.0016445227761876513,0.08564988730277978,0.02257322868610262,-0.14174561064004668,1.5914221266402098,-0.00697799888214595,-0.0043847567313129,0.0013085649668944073,0.005119628940264402,-0.003811063973369995,-0.010789062855515945
2020-12-30,2021-01-04,2021-02-01,-0.04295893824407304,-0.02434934312383224,0.1587301587301588,0.305042499002731,0.21229191654808677,0.09275058245464422,0.5000000000000002,0.4999999999999998,1.0,0.0,0.0,0.0,1.0,0.0,0.0,0.0,0.0,0.0,1.0,2.188641602196345,1,-0.018561328325463266,0.0014949050415158371,-0.025519031141868376,0.025077310840334273,-0.14174561064004668,1.6293597023335025,-0.02434934312383224,-0.014944117673316765,0.0012178690167305478,0.0052416746924199885,-0.00402380567568944,-0.02837314879952168
2021-01-29,2021-02-01,2021-03-01,-0.023368077402927224,0.019370293106103175,0.13333333333333322,0.22434541881224987,0.14586875722363973,0.07847666158861011,0.5,0.4999999999999997,1.0,0.0,0.0,0.0,1.0,0.0,0.0,0.0,0.0,0.0,1.0,2.164829762498317,1,0.005391072360794811,0.0013453159677381255,-0.04651575676875286,0.037661850806441,-0.14174561064004668,1.6162819268180528,0.019370293106103175,0.011984476708365568,0.0010872049422574349,0.005199603291700853,-0.004112398349443418,0.015257894756659757
2021-02-26,2021-03-01,2021-04-01,0.11415204751821063,0.07931902297456542,0.07859649122807014,0.13979482120481954,0.05696470090889877,0.08283012029592075,0.5000000000000003,0.5,0.9954056733262161,0.01837730669513491,1.0,0.0,1.0,0.0,0.0,0.0,2.0,0.0,0.9967320261437909,2.15760661777698,1,0.06203210297337111,0.0020400371728519495,0.04580579089470249,0.02542724521711213,-0.14174561064004668,1.428159440242216,0.07931902297456542,0.05553933317215122,0.0014567491734267764,0.004594410420202031,-0.0031376612467752547,0.07618136172779016
2021-03-31,2021-04-01,2021-05-03,0.15690932535481275,0.08315944143458846,0.2028985507246375,0.41024314663752776,0.31126421508820373,0.09897893154932397,0.5000000000000002,0.5000000000000001,1.0,0.0,0.0,0.0,1.0,0.0,0.0,0.0,2.0,0.0,0.9970238095238095,2.1945049041636073,1,0.06615965821811319,0.0020779463982052437,0.02643995370782526,0.051634446374005584,-0.14174561064004668,1.332429023926243,0.08315944143458846,0.06241191083450293,0.0013843580455658328,0.0042864442296919655,-0.0029020861841261326,0.08025735525046233
2021-04-30,2021-05-03,2021-06-01,0.07784089341287208,-0.0099198931409181,0.1587301587301587,0.25267169259479516,0.1759567500739091,0.07671494252088606,0.5000000000000001,0.4999999999999998,1.0,0.0,0.0,0.0,1.0,0.0,0.0,0.0,0.0,0.0,1.0,2.226003829500729,1,0.0013800005598749651,0.002732179226539788,0.06235906331309615,0.05619124537559066,-0.14174561064004668,1.3299007416241835,-0.0099198931409181,-0.007459122948381181,0.0018167635898127252,0.004278310707462942,-0.0024615471176502165,-0.012381440258568317
2021-05-31,2021-06-01,2021-07-01,-0.009234488539396441,-0.0378814428471134,0.2539682539682541,0.32918223268171526,0.23178315329223184,0.09739907938948345,0.4999999999999997,0.5,0.9957016886833457,0.017193245266616974,1.0,0.0,1.0,0.0,0.0,0.0,2.0,0.0,0.9972067039106145,2.1739598407975316,1,-0.029592129821954524,0.003106519244720385,-0.003020654747326268,0.03442725124023563,-0.14174561064004668,1.2989126305722376,-0.0378814428471134,-0.029163965270262007,0.002017548542041518,0.00417862148768277,-0.0021610729456412515,-0.040042515792754654
2021-06-30,2021-07-01,2021-08-02,-0.05686487225646999,0.015620904026837773,0.19444444444444456,0.3510075660325798,0.24078164131984492,0.1102259247127349,0.49999999999999994,0.5,1.0,0.0,0.0,0.0,1.0,0.0,0.0,0.0,0.0,0.0,1.0,2.2193294094389815,1,0.008246398403706542,0.0035561642498194157,-0.02653128070750088,0.07290092130433341,-0.14174561064004668,1.3009732366981268,0.015620904026837773,0.012007090988653744,0.0023132372571588655,0.0041852504886121834,-0.001872013231453318,0.013748890795384456
2021-07-30,2021-08-02,2021-09-01,-0.005220134929041762,0.04174790432907493,0.2318840579710143,0.2824120737391151,0.17480698715994716,0.10760508657916791,0.4999999999999998,0.49999999999999983,1.0,0.0,0.0,0.0,1.0,0.0,0.0,0.0,0.0,0.0,1.0,2.224235056906671,1,0.027253176352414626,0.004317539318847707,-0.03978802153432026,0.06370436066949757,-0.14174561064004668,1.2692050897122396,0.04174790432907493,0.032892953760956176,0.0027399214392571122,0.004083051881489076,-0.0013431304422319638,0.040404773886842965
2021-08-31,2021-09-01,2021-10-01,-0.07515983498557283,0.013573761975173064,0.2028985507246375,0.23612674546713033,0.12497911288837621,0.11114763257875411,0.4999999999999997,0.5,1.0,0.0,0.0,0.0,1.0,0.0,0.0,0.0,2.0,0.0,0.9973262032085561,2.1859418381145987,1,0.0018479139608238177,0.0044576430914406995,-0.0625492772667543,0.02533655922581375,-0.14174561064004668,1.2669182991092642,0.013573761975173064,0.010713999462093496,0.0028237348017221067,0.004075695241691669,-0.0012519604399695624,0.012321801535203502
2021-09-30,2021-10-01,2021-11-01,-0.11155629290916076,0.030921287842718186,0.2071197411003237,0.30003517799970775,0.211507267796875,0.08852791020283275,0.5000000000000001,0.4999999999999998,0.9916223236560718,0.03351070537571256,2.0,0.0,0.9903264387223863,0.03869424511045451,1.0,0.0,2.0,0.0,0.9974093264248705,2.168446134481747,1,0.016214900239625064,0.004915839161897972,-0.05840575647135782,0.038501825752180655,-0.14174561064004668,1.2624200721767522,0.030921287842718186,0.024493659855551533,0.00310292701478627,0.004061224377928962,-0.000958297363142692,0.029962990479575492
2021-10-29,2021-11-01,2021-12-01,0.004901366847235729,0.061778129284996264,0.20512820512820518,0.25462512869453086,0.16951668573198406,0.08510844296254683,0.5000000000000003,0.5000000000000001,0.9959218611206436,0.016312555517425928,1.0,0.0,1.0,0.0,0.0,0.0,3.0,0.0,0.99609375,2.176228661004744,1,0.049691190502822065,0.005867542537372872,-0.014886859865025803,0.02496232607265659,-0.14174561064004668,1.1925971840291794,0.061778129284996264,0.05180133754490295,0.003498807353621157,0.003836603095574522,-0.00033779574195336474,0.0614403335430429
2021-11-30,2021-12-01,2022-01-03,0.07595388935143997,0.024094290582890882,0.17445482866043616,0.24750595382328774,0.15609161656264756,0.0914143372606402,0.5000000000000001,0.5000000000000001,0.9962570260602964,0.01497189575881454,1.0,0.0,0.9912221772420483,0.03511129103180643,1.0,0.0,1.0,0.0,0.9986772486772487,2.2387072620012702,1,0.02288406806434361,0.007746225678189056,0.022466250251863773,0.03335202520025765,-0.14174561064004668,1.223086778386118,0.024094290582890882,0.019699575703601077,0.004737153104694037,0.003934688579641688,0.000802464525052349,0.02489675510794323
2021-12-30,2022-01-03,2022-02-01,0.0270016971522838,-0.00915184613780088,0.15370464997445074,0.39429774291168895,0.27545714943753313,0.11884059347415582,0.5,0.5,0.9958283637554167,0.01668654497833326,1.0,0.0,0.9910480280499955,0.03580788780001763,1.0,0.0,3.0,0.0,0.9959893048128342,2.2263286968675855,1,0.0019667226037904466,0.00732275578676278,0.0665090156665682,0.03449372697971176,-0.14174561064004668,1.2266840455564532,-0.00915184613780088,-0.007460638434935692,0.004491353846564048,0.003946261042285519,0.0005450928042785288,-0.00860675333352235
2022-01-31,2022-02-01,2022-03-02,-0.04012440011682393,0.03136019533906362,0.10256410256410263,0.18829075810604654,0.12009444712974737,0.06819631097629913,0.5,0.5,1.0,0.0,0.0,0.0,1.0,0.0,0.0,0.0,1.0,0.0,0.998641304347826,2.259836927993402,1,0.028408427713152978,0.007604907246068882,0.018107908351810975,-0.023213956482478232,-0.14174561064004668,1.213549486442442,0.03136019533906362,0.02584171118641153,0.004614465641454649,0.003904006967874936,0.000710458673579713,0.03207065401264333
2022-02-25,2022-03-02,2022-04-01,0.05305462341816739,0.010395680144305959,0.1720937858665356,0.2696163695292929,0.17153137142374084,0.09808499810555209,0.49999999999999983,0.49999999999999983,0.9913028311803904,0.034788675278437764,2.0,0.0,0.9906545209176788,0.03738191632928469,1.0,0.0,2.0,0.0,0.9972677595628415,2.2585552118514074,1,0.01676576384329122,0.009306547165824242,0.05789473684210522,-0.01672591901398088,-0.14174561064004668,1.2145282096113756,0.010395680144305959,0.008559439016762208,0.005651532033486167,0.003907155535044073,0.0017443764984420938,0.012140056642748052
2022-03-31,2022-04-01,2022-05-02,-0.06776478084680057,0.05717292608576468,0.19444444444444464,0.3547454995379384,0.2501696846348695,0.10457581490306883,0.4999999999999997,0.5,1.0,0.0,0.0,0.0,1.0,0.0,0.0,0.0,0.0,0.0,1.0,2.2992145754666664,1,0.03325031086354163,0.008343249498346639,-0.11073940641619484,-0.017564121999878692,-0.14174561064004668,1.1680545823357595,0.05717292608576468,0.04894713564792147,0.004872685404057159,0.0037576491764378787,0.0011150362276192804,0.058287962313383956
2022-04-29,2022-05-02,2022-06-01,0.009577213684584727,0.03237438891324715,0.2307692307692308,0.22098915577176456,0.15948447687578124,0.06150467889598332,0.49999999999999994,0.5000000000000003,1.0,0.0,0.0,0.0,1.0,0.0,0.0,0.0,1.0,0.0,0.9986486486486487,2.320036797861794,1,0.032983176016405456,0.010381724053844854,0.03530433105044861,-0.042517075204434755,-0.14174561064004668,1.1570983939075858,0.03237438891324715,0.027978942053421257,0.006006338114347819,0.0037224029533190106,0.0022839351610288087,0.03465832407427596
2022-05-31,2022-06-01,2022-07-01,-0.16310169529658167,0.016552937615414858,0.18947368421052638,0.28443275172621035,0.214129823900991,0.07030292782521935,0.5,0.5000000000000003,0.9972474289171204,0.011010284331518405,1.0,0.0,0.9937452326468343,0.025019069412662142,1.0,0.0,3.0,0.0,0.9959016393442623,2.304326317590337,1,-0.0028799962393877437,0.010170981188405426,-0.1208422621820553,-0.02804241102922573,-0.14174561064004668,1.1617022669257935,0.016552937615414858,0.014248864004732303,0.005907825951715096,0.003737213682129901,0.002170612269585195,0.01872354988500005
2022-06-30,2022-07-01,2022-08-01,0.04512746250657102,-0.0348758968414303,0.11111111111111116,0.29586027788110936,0.1933846843951003,0.10247559348600908,0.49999999999999994,0.5,1.0,0.0,0.0,0.0,1.0,0.0,0.0,0.0,0.0,0.0,1.0,2.2679661713285366,1,-0.023358000102254372,0.010348525664599206,0.05203476049173372,0.03366824579955998,-0.14174561064004668,1.1347770679477125,-0.0348758968414303,-0.030733699002663744,0.00587163480562777,0.0036505949116584953,0.0022210398939692746,-0.03265485694746102
2022-07-29,2022-08-01,2022-09-01,0.06945514667126927,-0.047243684212247436,0.14492753623188387,0.20617832459937704,0.1382743474848738,0.06790397711450326,0.5000000000000001,0.5000000000000003,1.0,0.0,0.0,0.0,1.0,0.0,0.0,0.0,0.0,0.0,1.0,2.2846152535951467,1,-0.031863768460505586,0.011711337299947777,0.06850005036768403,-0.022270460136742522,-0.14174561064004668,1.1363934898972294,-0.047243684212247436,-0.04157334992874691,0.006654343732825629,0.0036557949654053286,0.0029985487674203007,-0.04424513544482714
2022-08-31,2022-09-01,2022-10-03,0.012327685956680766,0.0008135991071419111,0.13333333333333344,0.14549024204538782,0.08344117999632601,0.062049062049061805,0.49999999999999994,0.49999999999999983,1.0,0.0,0.0,0.0,1.0,0.0,0.0,0.0,0.0,0.0,1.0,2.3056915149520405,1,0.005960812353693989,0.010719829740920117,0.037051004053926695,-0.06919539463559782,-0.14174561064004668,1.147538310431129,0.0008135991071419111,0.0007089951592433048,0.006150707654502417,0.003691648020848172,0.0024590596336542445,0.0032726587407961557
2022-09-30,2022-10-03,2022-11-01,0.04662456936727382,-0.010748807975638954,0.25000000000000006,0.3037413451443112,0.21190122070689377,0.0918401244374175,0.49999999999999994,0.5000000000000001,1.0,0.0,0.0,0.0,1.0,0.0,0.0,0.0,0.0,0.0,1.0,2.3211110901244174,1,-0.005221902486698069,0.010206765943569618,0.028727272727272712,-0.06403939208177328,-0.14174561064004668,1.1565484665316552,-0.010748807975638954,-0.009293867301448499,0.005902309750141483,0.0037206338286714827,0.0021816759214700007,-0.008567132054168954
2022-10-31,2022-11-01,2022-12-01,-0.06250682469454304,0.06308241998754316,0.2222222222222222,0.25366224048352976,0.18153122210784303,0.07213101837568671,0.5000000000000001,0.5000000000000001,1.0,0.0,0.0,0.0,1.0,0.0,0.0,0.0,0.0,0.0,1.0,2.3153518203445262,1,0.050771611967880936,0.010206766588433558,-0.04763167196889362,-0.06603953313232361,-0.14174561064004668,1.0966432383005718,0.06308241998754316,0.05752319239691816,0.005596590782058929,0.0035279178075787736,0.0020686729744801556,0.06515109296202332
2022-11-30,2022-12-01,2023-01-02,-0.03340686995838962,0.018786875629502046,0.20289855072463778,0.20771952061466323,0.13631082529312877,0.07140869532153442,0.5,0.5000000000000001,1.0,0.0,0.0,0.0,1.0,0.0,0.0,0.0,0.0,0.0,1.0,2.305083350564134,1,0.021295638406821703,0.01123315227802002,-0.031641458661965216,-0.1310560251245951,0.1310560251245951,1.095519086967113,0.018786875629502046,0.017148834605440352,0.00615306636368952,0.0035243013958149365,0.0026287649678745834,0.02141564059737663
2022-12-29,2023-01-02,2023-02-01,0.059181951578941655,0.0005155973218342499,0.18181818181818177,0.3102185007076935,0.22540808874057658,0.08481041196711697,0.49999999999999983,0.5000000000000002,0.9920308324671101,0.03187667013156014,2.0,0.0,0.9893365817091455,0.042653673163418324,1.0,0.0,3.0,0.0,0.9956395348837209,2.2341480688009177,1,-0.00603533628668899,0.01123315676008696,0.049156765044078066,-0.13222686600954123,0.13222686600954123,1.1099842129311077,0.0005155973218342499,0.0004645086982568202,0.00623431333253844,0.0035708359238136042,0.002663477408724836,0.003179074730559086
2023-01-31,2023-02-01,2023-03-01,-0.09672837708644784,0.0026476754436782724,0.126984126984127,0.23184384996385096,0.14111088284291481,0.09073296712093616,0.5000000000000001,0.49999999999999983,1.0,0.0,0.0,0.0,1.0,0.0,0.0,0.0,0.0,0.0,1.0,2.2361926875586726,1,0.012099508594762566,0.009181417470209174,-0.06923006667275544,-0.14033098725745938,0.14033098725745938,1.1104227941514895,0.0026476754436782724,0.002384384990675059,0.005097627620770484,0.0035722468462024105,0.0015253807745680735,0.004173056218246346
2023-02-28,2023-03-01,2023-04-03,-0.007545808082791021,0.023032350464802582,0.3768115942028985,0.6022937236357516,0.4303779528933133,0.17191577074243825,0.5000000000000001,0.49999999999999983,0.9962353383372387,0.01505864665104526,1.0,0.0,0.9922003284072249,0.031198686371100185,2.0,0.0,2.0,0.0,0.9969512195121951,2.220750939910735,1,0.02515487098575145,0.011746739431232722,-0.03100775193798444,-0.10348420718199162,0.14033098725745938,1.1071370445300943,0.023032350464802582,0.02080352254365969,0.006502625188380056,0.0035616765402034165,0.0029409486481766396,0.02597329911297922
2023-03-31,2023-04-03,2023-05-02,0.035561623342483493,0.01910660090662644,0.2988505747126437,0.24281378852784438,0.1908068858493799,0.05200690267846444,0.5,0.5000000000000003,1.0,0.0,0.0,0.0,1.0,0.0,0.0,0.0,0.0,0.0,1.0,2.2120993558798245,1,0.014572499996796398,0.009181415093999501,0.018734177215189884,-0.11152369602471382,0.14033098725745938,1.1107529530987739,0.01910660090662644,0.017201485580860196,0.005099141964642804,0.0035733089725063717,0.001525832992136432,0.020632433898762872
2023-04-28,2023-05-02,2023-06-01,0.09903762837618078,0.0034965739111648374,0.2222222222222222,0.2182206646587603,0.17505653049247338,0.04316413416628692,0.5000000000000001,0.5000000000000003,1.0,0.0,0.0,0.0,1.0,0.0,0.0,0.0,0.0,0.0,1.0,2.221688761283457,1,-0.00370131285416059,0.011233159120470848,0.04880715705765426,-0.10109356069928968,0.14033098725745938,1.1107838461938742,0.0034965739111648374,0.0031478436809699085,0.006238805846372207,0.003573408356058405,0.0026653974903138016,0.006161971401478639
2023-05-31,2023-06-01,2023-07-03,0.13648306861235524,0.06752249120022527,0.11111111111111117,0.09839810496705897,0.04498852616774004,0.05340957879931893,0.5000000000000001,0.5,0.995084388185654,0.01966244725738396,1.0,0.0,1.0,0.0,0.0,0.0,1.0,0.0,0.9984662576687117,2.2523617464460632,1,0.0498597414707924,0.010719829510813517,0.08899630366789868,-0.11277106779067693,0.14033098725745938,1.0829818774261326,0.06752249120022527,0.062348680626773276,0.005804690544654442,0.0034839690039738906,0.002320721540680551,0.06984321274090582
2023-06-30,2023-07-03,2023-08-01,0.006682826159199927,-0.014798910347051646,0.1403508771929824,0.20361339354010935,0.14897212098434684,0.0546412725557625,0.5000000000000003,0.5000000000000003,1.0,0.0,0.0,0.0,1.0,0.0,0.0,0.0,0.0,0.0,1.0,2.1883858991842247,1,-0.01643763538274432,0.010719830985525425,0.020017406440382857,0.025547535845115356,0.14033098725745938,1.0858738016517622,-0.014798910347051646,-0.013628572974631568,0.005820191812658428,0.003493272367745667,0.002326919444912761,-0.012471990902138885
2023-07-31,2023-08-01,2023-09-01,-0.06249247869197159,0.03152597403753466,0.14492753623188387,0.14235715893624326,0.07424340604489223,0.06811375289135103,0.5000000000000001,0.5000000000000001,1.0,0.0,0.0,0.0,1.0,0.0,0.0,0.0,0.0,0.0,1.0,2.193605482554498,1,0.03411393590308999,0.011357367902327997,-0.037372013651877256,0.02811406184843125,0.14033098725745938,1.0920172205192877,0.03152597403753466,0.028869484331522803,0.006201220664557598,0.0035130358387316773,0.0026881848258259204,0.03421415886336058
2023-08-31,2023-09-01,2023-10-02,-0.03955443244848378,-0.02323699563146333,0.1944444444444442,0.19696775422098975,0.11681247812681002,0.08015527609417969,0.49999999999999983,0.5000000000000001,1.0,0.0,0.0,0.0,1.0,0.0,0.0,0.0,0.0,0.0,1.0,2.1896031111468037,1,-0.0214869171593359,0.009711351852934813,-0.0015954617975535434,-0.024698686801329025,0.14033098725745938,1.070296122106081,-0.02323699563146333,-0.02171080988851815,0.005197011114301918,0.003443158738125217,0.001753852376176701,-0.02148314325528663
2023-09-29,2023-10-02,2023-11-01,-0.025141316599003188,0.04008610222600857,0.15873015873015897,0.39669872927872024,0.2882260031636456,0.1084727261150746,0.5000000000000001,0.5,1.0,0.0,0.0,0.0,1.0,0.0,0.0,0.0,1.0,0.0,0.9985207100591716,2.2069904914578045,1,0.04091636210126668,0.009975718636292541,-0.022194602272727293,-0.007058717618925259,0.14033098725745938,1.0604291934900987,0.04008610222600857,0.03780177165254821,0.005289271633983923,0.003411416680220974,0.0018778549537629492,0.04196395717977152
2023-10-31,2023-11-01,2023-12-01,0.11187400186475005,0.022126000226203084,0.138888888888889,0.2673147565070579,0.1777570896474083,0.08955766685964954,0.5000000000000001,0.49999999999999983,0.9946137929217046,0.02154482831318059,1.0,0.0,1.0,0.0,0.0,0.0,2.0,0.0,0.9970059880239521,2.2431989381743596,1,0.0035530828207945217,0.009142098698161183,0.12057381514436183,-0.05340510111089612,0.14033098725745938,1.0807233246952173,0.022126000226203084,0.020473325337401226,0.004940039649884284,0.0034767032058360195,0.0014633364440482643,0.02358933667025135
2023-11-30,2023-12-01,2024-01-02,0.06320700385795579,0.011728491226473856,0.138888888888889,0.35691790113114413,0.2676566192718239,0.0892612818593203,0.49999999999999994,0.5,1.0,0.0,0.0,0.0,1.0,0.0,0.0,0.0,0.0,0.0,1.0,2.2812292558884906,1,0.0035269741457695284,0.008927398268915976,0.051693404634581164,-0.04945969747199806,0.14033098725745938,1.0878690712566936,0.011728491226473856,0.01078116065283963,0.0048559202317721185,0.003499691180103517,0.0013562290516686017,0.013084720278142458
2023-12-28,2024-01-02,2024-02-01,-0.0946283454758648,0.00028773294332189094,0.09090909090909065,0.15063011853578465,0.07255895335976702,0.07807116517601764,0.5,0.5000000000000003,1.0,0.0,0.0,0.0,1.0,0.0,0.0,0.0,0.0,0.0,1.0,2.292985754664917,1,0.006380129746159756,0.009648972284772572,-0.04360554699537755,-0.05395472861545986,0.14033098725745938,1.1027618714331138,0.00028773294332189094,0.0002609202863968832,0.005320259367081028,0.003547601542482195,0.0017726578245988328,0.0020603907679207236
2024-01-31,2024-02-01,2024-03-01,0.0294057393681062,0.009726946308099962,0.08333333333333336,0.19658981329322178,0.11333835246878728,0.0832514608244345,0.49999999999999983,0.5000000000000001,1.0,0.0,0.0,0.0,1.0,0.0,0.0,0.0,1.0,0.0,0.9984848484848485,2.299378336156706,1,0.007570594912647742,0.008002082283019796,0.008941517641372743,-0.031205592607424545,0.14033098725745938,1.102157724020612,0.009726946308099962,0.008825366910841568,0.004409778398239381,0.003545657991160735,0.0008641204070786463,0.010591066715178609
2024-02-29,2024-03-01,2024-04-01,-0.003292573816050684,-0.014736320228243779,0.16666666666666674,0.4227272727272728,0.28780473912052856,0.13492253360674414,0.5000000000000003,0.5,1.0,0.0,0.0,0.0,1.0,0.0,0.0,0.0,0.0,0.0,1.0,2.216258210711657,1,-0.012435779975279287,0.008298727344210333,-0.004550898203592779,-0.030659625291514104,0.14033098725745938,1.1271115070781963,-0.014736320228243779,-0.01307441201309766,0.0046767955418819725,0.0036259346869362296,0.001050860854945743,-0.013685459373298035
2024-03-28,2024-04-01,2024-05-02,-0.04204836899089923,0.02291613920094948,0.12852664576802506,0.2158056209138223,0.11513986187020431,0.10066575904361802,0.5000000000000001,0.5000000000000002,0.9953597861497063,0.018560855401174477,1.0,0.0,0.9898663357715084,0.04053465691396726,1.0,0.0,2.0,0.0,0.9968944099378882,2.234813575452945,1,0.020110184394284,0.008874228478754409,-0.006496631376323392,-0.014245249789045329,0.14033098725745938,1.1936418156580562,0.02291613920094948,0.019198505699396753,0.005296325096972423,0.00383996369125155,0.0014563614057208733,0.024372500606670355
2024-04-30,2024-05-02,2024-06-03,-0.03484919313170962,-0.020299368741179935,0.11594202898550728,0.15258215962441343,0.0855614973262032,0.06702066229821024,0.49999999999999983,0.49999999999999983,1.0,0.0,0.0,0.0,1.0,0.0,0.0,0.0,0.0,0.0,1.0,2.193698069053744,1,-0.01128248690118046,0.008315279807550757,-0.042140954226204896,-0.025942917520782635,0.14033098725745938,1.1804588103044436,-0.020299368741179935,-0.017196168611715197,0.004907922654484963,0.0037975537645588073,0.0011103688899261558,-0.01918899985125378
2024-05-31,2024-06-03,2024-07-01,-0.018383084431399903,-0.006095817268002693,0.11111111111111084,0.2319287138564249,0.16130165851551395,0.07062705534091095,0.5,0.49999999999999983,1.0,0.0,0.0,0.0,1.0,0.0,0.0,0.0,0.0,0.0,1.0,2.182208038529227,1,-0.007226064424133094,0.00788328862247556,0.015929203539823078,0.023066069621692605,0.14033098725745938,1.221434450755946,-0.006095817268002693,-0.004990703565164705,0.004814460154372015,0.003929373016779628,0.0008850871375923868,-0.005210730130410306
2024-06-28,2024-07-01,2024-08-01,0.010493498086283802,0.028186092151781906,0.06130268199233694,0.10226557722684504,0.061619199612212024,0.04064637761463302,0.5000000000000003,0.5,1.0,0.0,0.0,0.0,1.0,0.0,0.0,0.0,0.0,0.0,1.0,2.251809051425843,1,0.018423232141674257,0.009071127681215208,0.03368176538908241,0.010237386121521608,0.14033098725745938,1.2175508484317914,0.028186092151781906,0.023149827531298316,0.005522279602248342,0.003916879409635184,0.001605400192613158,0.029791492344395064
2024-07-31,2024-08-01,2024-09-02,0.13539182969777644,0.08215463583457853,0.05797101449275366,0.22415314685573096,0.14772905301252817,0.0764240938432028,0.4999999999999996,0.5000000000000001,1.0,0.0,0.0,0.0,1.0,0.0,0.0,0.0,1.0,0.0,0.9984177215189873,2.247872486489847,1,0.06445626484296109,0.008675026254220786,0.05914927768860356,0.042294612147455654,0.14033098725745938,1.1291687104205126,0.08215463583457853,0.07275674137656844,0.004897784104171288,0.003632552741059662,0.0012652313631116266,0.08341986719769016
2024-08-30,2024-09-02,2024-10-01,-0.022064406330820043,-0.012804013297833903,0.057971014492753346,0.16455169544414375,0.0935479894289963,0.07100370601514744,0.4999999999999997,0.5,1.0,0.0,0.0,0.0,1.0,0.0,0.0,0.0,0.0,0.0,1.0,2.2593173806616447,1,-0.016050001431724237,0.008360534647679385,-0.023262862771842086,0.19624063929959817,-0.19624063929959817,1.1148580269228479,-0.012804013297833903,-0.011484882369439123,0.004660404580665973,0.003586515056800309,0.0010738895238656637,-0.011730123773968239
2024-09-30,2024-10-01,2024-11-01,0.0071160213459409765,0.06320588247766437,0.11594202898550704,0.1727809782201768,0.10478520649445311,0.0679957717257237,0.4999999999999998,0.5,0.9964354597071671,0.014258161171331102,1.0,0.0,1.0,0.0,0.0,0.0,1.0,0.0,0.9984177215189873,2.2468758916837133,1,0.054303050921863806,0.009279467098409544,-0.02009309542280835,0.23565990866439676,-0.23565990866439676,1.0705931985399804,0.06320588247766437,0.05903818795398783,0.004967267180816392,0.003444114437485557,0.001523152743330835,0.06472903522099521
2024-10-31,2024-11-01,2024-12-02,-0.04040394070852021,0.014103814033440997,0.06060606060606055,0.14748274603755984,0.06781034130576226,0.07967240473179757,0.5000000000000003,0.5,0.9941517847669572,0.02339286093217128,2.0,0.0,0.9935032483758119,0.025987006496751595,1.0,0.0,5.0,0.0,0.9918831168831169,2.26740378175435,1,0.008158234851503202,0.00794797971295047,-0.03586414377325631,0.12883945808874817,-0.12883945808874817,1.1036753533834553,0.014103814033440997,0.012778951700066496,0.004385994659187572,0.003550540227668914,0.0008354544315186583,0.014939268464959656
2024-11-29,2024-12-02,2025-01-02,-0.06976937970149547,0.03138466923943446,0.08333333333333343,0.14766655193321046,0.09827133259605099,0.04939521933715949,0.5000000000000003,0.49999999999999994,1.0,0.0,0.0,0.0,1.0,0.0,0.0,0.0,0.0,0.0,1.0,2.2682324217103678,1,0.02359787169004621,0.00935023612288699,-0.037608802759073745,0.13186987157558577,-0.13186987157558577,1.0990053552298529,0.03138466923943446,0.028557339679996803,0.005137979785858208,0.003535516773301944,0.0016024630125562643,0.03298713225199073
2024-12-30,2025-01-02,2025-02-03,0.04924447646774816,-0.012736708314119606,0.20289855072463747,0.35097322789170243,0.24709457456325398,0.10387865332844852,0.5000000000000003,0.5000000000000002,1.0,0.0,0.0,0.0,1.0,0.0,0.0,0.0,0.0,0.0,1.0,2.201445790306091,1,-0.005231525620893309,0.010167641254021476,0.04854948805460757,0.09810684721860873,-0.13186987157558577,1.0948076803146802,-0.012736708314119606,-0.011633740375714845,0.0055658058677935515,0.0035220127899038326,0.002043793077889719,-0.010692915236229887
2025-01-31,2025-02-03,2025-03-05,-0.03975871410885523,0.015004854388625758,0.15882967607105533,0.22302657101498194,0.14746070001230274,0.07556587100267918,0.5000000000000001,0.4999999999999998,1.0,0.0,0.0,0.0,1.0,0.0,0.0,0.0,1.0,0.0,0.9984076433121019,2.217192100929624,1,0.010564870779018925,0.009853323047298579,-0.023435592806574923,-0.01439198113999186,-0.13186987157558577,1.0988285192820593,0.015004854388625758,0.013655319392719682,0.005413556187035441,0.003534947889395626,0.001878608297639815,0.016883462686265574
2025-02-28,2025-03-05,2025-04-01,0.07890976670308451,-0.07297541176574492,0.19444444444444453,0.28746676227238593,0.17491662802043648,0.11255013425194944,0.5000000000000002,0.5000000000000001,1.0,0.0,0.0,0.0,1.0,0.0,0.0,0.0,0.0,0.0,1.0,2.1855277835326263,1,-0.06831091662164261,0.009675600186987987,0.05949504207982659,-0.008768082137528044,-0.13186987157558577,0.9582293360197409,-0.07297541176574492,-0.07615652018009342,0.004635721971384991,0.0030826382001198044,0.001553083771265187,-0.07142232799447973
2025-03-31,2025-04-01,2025-05-02,0.10425584781317969,0.03109009391181304,0.16666666666666663,0.2984126984126984,0.2333777113684695,0.0650349870442289,0.5,0.5000000000000003,1.0,0.0,0.0,0.0,1.0,0.0,0.0,0.0,2.0,0.0,0.9967105263157895,2.1442652826888073,1,0.023041921424356095,0.010558782328976779,0.03515532835233981,-0.2521396166344803,0.2521396166344803,0.9744286582221404,0.03109009391181304,0.031905972437774335,0.005144390048642249,0.0031347516635257485,0.0020096383851165,0.03309973229692954
2025-04-30,2025-05-02,2025-06-02,0.10025962921403771,0.026096281237832124,0.18181818181818168,0.19853703390966002,0.1468190712581058,0.051717962651554185,0.5000000000000002,0.5000000000000001,1.0,0.0,0.0,0.0,1.0,0.0,0.0,0.0,0.0,0.0,1.0,2.1775612380706857,1,0.02173401410444685,0.01140534042980823,0.025907916729980274,-0.19407461800488496,0.19407461800488496,0.9751214468011372,0.026096281237832124,0.02676208314712014,0.005560796030587054,0.003136980374814313,0.0024238156557727414,0.028520096893604865
2025-05-30,2025-06-02,2025-07-01,-0.003493999843429884,0.009390269414821037,0.21212121212121227,0.2537480550850521,0.18356576080298273,0.07018229428206936,0.5,0.49999999999999983,0.994990491472039,0.02003803411184408,1.0,0.0,1.0,0.0,0.0,0.0,3.0,0.0,0.9951923076923077,2.169648584366491,1,0.008396463696954888,0.010979288886836747,0.007035473598459463,-0.17477755572134637,0.17477755572134637,0.9755002545258868,0.009390269414821037,0.009626106575835697,0.005355149551811242,0.0031381990049677818,0.00221695054684346,0.011607219961664497
2025-06-30,2025-07-01,2025-08-01,-0.05417331918408386,0.009227286119303275,0.19999999999999996,0.21800932263908548,0.16798414078182677,0.05002518185725868,0.4999999999999998,0.5000000000000001,1.0,0.0,0.0,0.0,1.0,0.0,0.0,0.0,1.0,0.0,0.9983766233766234,2.225610168471814,1,0.014801196156255081,0.012757340542210782,-0.03213707898220308,-0.1742466906756945,0.1742466906756945,1.0028114827421197,0.009227286119303275,0.009201416495622776,0.006396603792490277,0.0032260596373099924,0.003170544155180285,0.01239783027448356
2025-07-31,2025-08-01,2025-09-01,0.049546372045635674,0.029227493383134618,0.2133333333333333,0.20527800266230364,0.12676763985932285,0.0785103628029808,0.5000000000000002,0.5000000000000001,1.0,0.0,0.0,0.0,1.0,0.0,0.0,0.0,1.0,0.0,0.9983552631578947,2.1707202388898486,1,0.019923313374873453,0.01164157616858752,0.05387128637641503,-0.1470385856728161,0.1470385856728161,1.0496695464079617,0.029227493383134618,0.027844471132036766,0.006109903988177501,0.003376802733571235,0.0027331012546062657,0.03196059463774088
2025-08-29,2025-09-01,2025-10-01,-0.02286675241116791,-0.00042483993054939496,0.09090909090909095,0.12283549783549798,0.0790103415103415,0.04382515632515648,0.5,0.5000000000000001,1.0,0.0,0.0,0.0,1.0,0.0,0.0,0.0,0.0,0.0,1.0,2.1619215816574933,1,-0.005811553863153106,0.012199302216840069,0.03677000720980561,-0.06544682463475554,0.1470385856728161,1.0491325277568249,-0.00042483993054939496,-0.0004049440078440379,0.00639934238581143,0.003375075136485711,0.003024267249325719,0.002599427318776324
2025-09-30,2025-10-01,2025-11-03,0.011944695045262277,0.04762068663435473,0.16666666666666663,0.3043349480420418,0.22234291261751218,0.0819920354245296,0.5000000000000001,0.49999999999999994,1.0,0.0,0.0,0.0,1.0,0.0,0.0,0.0,1.0,0.0,0.9983443708609272,2.1609300727570004,1,0.04250726670481292,0.01275733980211946,0.02294853963838661,-0.08738759204655805,0.1470385856728161,1.0379040746406507,0.04762068663435473,0.045881587516497846,0.006620447481097569,0.0033389530337665967,0.003281494447330972,0.050902181081685705
2025-10-31,2025-11-03,2025-11-28,0.002144106339352174,-0.006533720977040636,0.18666666666666687,0.27935418255784383,0.19801042461225526,0.08134375794558854,0.49999999999999994,0.49999999999999983,1.0,0.0,0.0,0.0,1.0,0.0,0.0,0.0,0.0,0.0,1.0,2.1021131969678706,1,-0.014410001354677892,0.00997023225464444,0.056492182188986995,-0.07612224200045353,0.1470385856728161,1.0704927095133534,-0.006533720977040636,-0.006103470784038192,0.005336530470375876,0.003443791162774034,0.001892739307601842,-0.004640981669438793
2025-11-28,2025-12-01,2025-12-31,,,0.24000000000000024,0.2375791733762749,0.15212292002147074,0.08545625335480417,0.5000000000000001,0.49999999999999983,0.9984567901234568,0.006172839506172843,1.0,1.0,1.0,0.0,0.0,0.0,6.0,5.0,0.9738562091503268,2.206861601208417,1,,0.0,0.0,-0.15270031273643883,0.15270031273643883,1.0556397070637367,,,0.0,0.0033960088302816397,-0.0033960088302816397,
